diagnosis,radius_mean,texture_mean,perimeter_mean,area_mean,smoothness_mean,compactness_mean,concavity_mean,concave points_mean,symmetry_mean,fractal_dimension_mean,radius_se,texture_se,perimeter_se,area_se,smoothness_se,compactness_se,concavity_se,concave points_se,symmetry_se,fractal_dimension_se,radius_worst,texture_worst,perimeter_worst,area_worst,smoothness_worst,compactness_worst,concavity_worst,concave points_worst,symmetry_worst,fractal_dimension_worst
1.000483552801965,16.03843954310888,15.493680007090642,105.93042415972968,797.0136731767599,0.09474947805272516,0.13701468625993368,0.12116966224514118,0.07014962779031342,0.17812341314824934,0.0597475100224092,0.33670395730882613,0.7465282754937366,2.6076647359875267,33.43178788251805,0.005849793681366949,0.032398714791672674,0.03722595742552093,0.014561590702704012,0.014708864339736194,0.003098644504967769,18.777516672142344,22.007454899882365,124.20963405184256,1071.4260376910095,0.14334110263619898,0.450057442978319,0.4938412343105181,0.198212424267221,0.3019220975431814,0.09117417754893031
-0.0029696376358123743,12.997787068435596,14.262877991017598,83.94373377606667,512.7807765243573,0.09457987412114653,0.0989212822113096,0.037607258181727755,0.02134132551055842,0.16506610794318974,0.07240398721711021,0.18192815104087454,0.6387301878726033,0.9205032358061088,14.659897834500518,0.005235071199101871,0.023044951383355734,0.031283443242668754,0.007281392327821484,0.01636734586466263,0.0056928774883420906,13.673817760195982,16.944189923027007,87.1436993805524,581.6321514830906,0.11432174023262218,0.19892307724579458,0.14468056726108708,0.05793317110844699,0.2439699207037363,0.10094753308420891
0.0002478096800024078,10.48664723063286,18.606075274736906,66.7969813411339,331.55553050313864,0.10689018885882294,0.06616363421018422,0.022951419653306174,0.01742261259330459,0.14862720919655692,0.0659913058153556,0.14805153886878286,1.5601955341965108,1.0498168730097346,9.95436613994869,0.0088898258099661,0.009383306534630107,0.01803506401557915,0.009223076377390414,0.017887692066420425,0.0033512757725256007,11.008506559756364,24.54900623047698,70.64168615530947,373.6368808690265,0.14129283648849628,0.10182844068104696,0.08440461800634584,0.06536130734960904,0.22114534188519283,0.07842527076810256
1.000625011890202,20.276405050404627,23.060658772274824,132.20819672747837,1262.0213001803434,0.09082049222431302,0.13100513022888038,0.14548897218109164,0.08658968863066083,0.20939886144610687,0.05651622686256399,0.7588484725205028,1.5041063702501078,4.571139854601801,87.76214817526807,0.006023715823840137,0.034752844922850835,0.04182248778021502,0.012678859264146688,0.026632900585925733,0.0044374938043296635,24.216568990108176,31.562504789119888,156.34455279725867,1747.483756039767,0.11901258399463024,0.3539547642217325,0.4118516846518916,0.15702209334814715,0.3688991111051446,0.0836227146800998
0.006894197603671528,14.052554918240672,15.981468273326264,89.58494189168718,612.514262743172,0.08459822362736705,0.059103854201181,0.034408528892322245,0.029531802258173933,0.17141414850042677,0.05894882057924581,0.38691782224957716,1.0503255185098015,2.647637160296975,32.6915700313243,0.008002174947539291,0.01278009826643499,0.01573017951177632,0.009080402455526812,0.02011360523374249,0.002841158538412978,15.65405570582995,21.586593116152777,101.08024822327174,745.4205754270545,0.11949807806154077,0.1260058771530097,0.11233188373976763,0.07484459298523623,0.27208434666655823,0.07246418402056046
1.005139809757179,15.30514106094811,22.410885843341486,98.89595093507347,711.5908530955252,0.09064384729622524,0.10523295891496794,0.05380960168119915,0.032996054284357736,0.17248868849349397,0.06312209574569122,0.204620922685661,0.499469548118229,1.3640804918525948,19.500459601530796,0.0032977642355987154,0.013875946685841937,0.018205626584691846,0.006002453269620986,0.011638372468678838,0.002580631366986078,17.807662452468982,28.07074778446044,113.94046841506128,973.442411890369,0.1299595451339748,0.32974236659588824,0.3619656139594803,0.12280103092656577,0.3178939098025458,0.0977390039726036
-0.002336639097392091,13.289529160812942,21.567887071892578,85.13906879059527,546.303487971283,0.08585546812629176,0.06378339674722439,0.033275088374527834,0.0243092948858122,0.18151645501792968,0.05695737933770922,0.26504155540729446,1.5406954763348815,2.027560511938194,20.772596573110143,0.00552720369268412,0.020380784577756342,0.017702091162830207,0.006436597937320401,0.01831391007697949,0.001926586483753388,14.181723141229769,29.2178877896476,93.23672957569354,616.5313036607745,0.11391631337366391,0.16630222187090266,0.11947848112449456,0.056292446736804586,0.26397711884117175,0.06663853877748502
-0.0007870101748768094,10.641254783806634,25.220090332518478,68.06228928515606,344.7653460170853,0.09665915290353638,0.0729050371349033,0.023280689499658218,0.016273802689906622,0.18956815100761645,0.06329115784851679,0.2487993596270999,1.4904709786088992,1.5067567527732437,16.90046872186108,0.007202394255203138,0.010278534995838784,0.011133813748041876,0.006260551322466764,0.02157472833872424,0.0026214758985101992,12.303062544740206,35.21525890546155,77.97460674069303,454.15964309760966,0.14982258985589297,0.13956919230229833,0.11225295876465699,0.060769054220019963,0.34115525680108966,0.08160146044659998
-0.004007691118856668,12.450377149982698,12.870899049076815,78.89260509552224,478.8260450546772,0.07378731345561204,0.040062443089059444,0.00720318210314695,0.011493857306652182,0.16123748605401056,0.06011722104302613,0.3272566444572979,1.491111920461369,2.1033817981490532,24.781751607836448,0.010363158089017761,0.01011967251906822,0.006204045098442062,0.007905579599689289,0.02864506052486059,0.004812325384818353,13.194519354669204,16.344385587023737,83.43434973853533,530.9819981696382,0.09421466526374486,0.06524740324967665,0.017710889689210703,0.026761977196798254,0.22843078369393513,0.07040993756889546
-0.0016176734375097444,12.04588335627553,17.87480442822782,76.13438699989655,443.56287080485623,0.0769414077421344,0.038912054683292306,0.0015990256364934229,0.005366239848140927,0.13834764996849455,0.06074501781067241,0.23223037402190874,0.9087073469555363,1.460733247721944,16.907106085055194,0.004767813224852444,0.006774814180130464,0.0011425986795059856,0.003937259609867685,0.014671383401183935,0.0017421012115140647,13.07655319213417,22.243169039358296,82.84386378919051,526.9674763875524,0.10123709005882728,0.07290707399835561,0.007468137585964678,0.027527069938971856,0.21696461813912338,0.0704238045045179
0.0008642962060457604,12.780095047130018,16.652372844064573,82.54300852409712,496.1062781451126,0.11252626841670631,0.11178817137815628,0.039234966192340584,0.029842192250010873,0.21206668697180447,0.06619881385908225,0.38388312667406815,1.0022407314140884,2.4880659138491286,28.75203342501289,0.007500462554418287,0.015637822618137343,0.01991186686290297,0.009207538904999328,0.017991305708018497,0.0036314450193393384,14.455550075674665,21.73599206069175,93.65277141887634,622.4114678245403,0.14736508614921512,0.19892769762934798,0.14294822603316104,0.08043644360393624,0.30700419394995787,0.08554191310262217
1.003302275622135,17.040784128522805,19.067075148323656,113.61827169813436,900.6862247387646,0.11416627645131142,0.1569867587370075,0.19106291441819895,0.1087334359562551,0.213180306655793,0.06326148711131713,0.29484085517151065,0.6830563601815306,2.131911154285999,32.02586200956635,0.005554230794146552,0.020094633027563136,0.030363888554221386,0.013883822916878012,0.011749713743419673,0.002328559107933558,19.618221448265924,24.888266956466765,133.6467382426534,1190.3183209930437,0.17037207618444708,0.39335159046504714,0.5015833696316465,0.25344857500797413,0.31144168999788263,0.0904773224666397
-0.001996623588607674,8.562468363972496,13.10034569367219,54.382306882494724,222.02922781408327,0.1035775144091603,0.0763282040628162,0.02621575714035055,0.014818742993667236,0.16754975870187613,0.07126249318126479,0.12643299166598315,0.6811596359518329,1.0821729719825517,7.4021062436606515,0.007897398276153968,0.017708784767351337,0.018371291718252924,0.007318008237304804,0.015885274183575594,0.003938730050232976,9.489208879946705,18.489427373614742,63.6598342960757,270.2723442090581,0.16418246889766508,0.22269161150517736,0.17625754966473997,0.08455337165055714,0.29850044844025625,0.10491918104473612
0.9982085953013508,15.106308282229477,22.036421164063466,97.2524001976365,713.960369329222,0.09051596545241372,0.07034661866899572,0.0525336817812048,0.03342836616683433,0.16185952223133765,0.056782898680402184,0.3117211265452921,0.8401121486995768,2.0904331000139726,29.633405752949443,0.004690772774888537,0.010287693248194047,0.01604718362549918,0.009241514239437518,0.010928263956624603,0.001598422788345681,18.112438191781198,31.610765241141607,117.57537014870731,1030.4367728202012,0.1387385935508579,0.2066720728753169,0.26928964121142024,0.1534372572959675,0.2667969499053371,0.07883157820685897
0.9941195680024904,18.305063848043105,20.591257198499765,120.95669863913564,1051.019222465849,0.10692495700374219,0.12520834056781305,0.15684688057961954,0.09426295283153993,0.18583160732175366,0.059361617143786904,0.5438948024531873,0.9232019660454761,3.209797533929789,67.33002990301803,0.006165765976269421,0.01884313239371067,0.029234572297033558,0.010461703172355214,0.015586891382963108,0.002726184759156534,21.880710273159234,26.20103089735978,142.01241032913688,1489.0039549076967,0.14916298946210568,0.25226413516603724,0.3778186401746867,0.1511357162594977,0.30754408741248884,0.07866288066848524
-0.00044546675870321277,11.529122122475526,23.920856796522806,74.69493903773693,399.89772472944685,0.09262582892006418,0.10190258908713244,0.1116901864046706,0.04112028709055026,0.1390159597998713,0.06570043690356266,0.23993444685444346,2.902879464427691,1.923923372406319,16.958058440928344,0.008209301496969901,0.029804079916643106,0.057319276927110946,0.01267457769223262,0.014835832759399942,0.004724115201492409,12.428656136329895,37.157316399684326,82.08092777795434,472.78629761062956,0.13003157929409792,0.25121998523776085,0.3616694431943665,0.09639988714230685,0.2110157178913996,0.08700034013817458
0.9970905380619046,16.11477275782009,21.564248335576586,106.00331029290736,808.6006048617387,0.1008589274494657,0.12898833920056355,0.10384936303147914,0.05584365925089162,0.21614432687714752,0.05898267166123465,0.4343828078984452,1.2632733099397921,2.8419084474239837,43.80831577989316,0.004873236401712486,0.019560155380836254,0.022339471122965433,0.009294314511004799,0.015418417937769682,0.002366530054704019,19.41971888293114,31.63370152583751,129.8944789829802,1182.3440464682083,0.1393776308987614,0.30500575021595816,0.30014932284597995,0.13086581714339104,0.3482845410856522,0.07627074238984241
0.9985501101592246,14.663395520718666,20.15451369260295,94.69678810584557,682.3251681973306,0.09867905933595042,0.07199059470501985,0.07524623985901677,0.052655190545992867,0.158681567355521,0.05924124798080036,0.4742175941525468,1.234787243406163,3.2130487720432774,45.270697534755776,0.005741471387517663,0.011481067656464188,0.02033824602400458,0.011134149050926329,0.01412145300753809,0.0020898113864330626,19.067859739930622,30.902677193755473,123.62086895525974,1141.096022057243,0.14645323130232757,0.18895357540378796,0.29107446143394805,0.16050127457069213,0.30302931485505696,0.08224644378734965
0.9975986836863198,20.714285065326393,31.12437969057438,135.88788526536433,1416.1205002519441,0.09464705962742012,0.11459774744695338,0.13687283097612263,0.08635251245406925,0.17677920510557948,0.05667670262996631,1.172202173524707,1.616213722275311,7.770429147698149,199.18563356973615,0.004557520665142161,0.014536116750584261,0.021400209727994,0.009282917130295719,0.01374804598163729,0.002281352811351996,32.48443754276794,47.1355426718915,213.8949723863406,3431.573504487379,0.14011316589795095,0.2638077555808817,0.34406146706149965,0.16597360562694918,0.28624859556478677,0.08215204636512446
-0.0002581415601332411,11.883395345199993,21.552906617270498,76.6002887082727,442.02744943580313,0.09768080408681125,0.07847456228965925,0.033455397148180854,0.02038939031056711,0.16882141708216228,0.06182590534267484,0.31646267349582724,0.9259303729417078,1.9830015660084916,24.56743782375962,0.007816912494704443,0.025104900549067128,0.018742491499558523,0.007718878595196175,0.012773038083294056,0.00385859394535875,13.68631559726802,26.137947463992745,87.12226261190447,593.6246159027057,0.1501363588167175,0.23803689426122063,0.15001163635526263,0.07234363205431513,0.2438851654733192,0.08550172066989231
-0.004813605496192935,14.240645195473414,18.17648764511759,91.24701308933133,633.6429889889192,0.0658651329458109,0.052191095894345174,0.024991841548856284,0.01381120317332179,0.16343346676648587,0.055886888866552076,0.23151698651682903,0.6706900829685939,1.6573723396794728,20.54743923814271,0.003136831673987513,0.013809858702847394,0.010651221957056553,0.005217214743907037,0.011006132991350667,0.0019536462489973417,16.22056326693645,25.322410288115474,105.66803870312091,816.6604388440574,0.09448686519127948,0.21619698349195002,0.1568057091957048,0.07586876673641943,0.26366672692299553,0.07681827563929225
-0.004017558737233253,11.041618969399764,14.946639406195944,71.45988505184391,374.65556795779224,0.1033406506043333,0.09080085196261616,0.054834545940381785,0.03368181503681015,0.17760410280048528,0.06906647082897123,0.16056734872243594,0.8225573150591283,1.3444136835801181,10.81314432464299,0.007414727988872535,0.01881395558419561,0.02775338207932311,0.010093645386727789,0.02355647392183443,0.002906566437847365,11.93637342661976,19.93409420342789,79.86714312807351,443.870022292443,0.14174618756467366,0.22139385251255045,0.23044721029403067,0.10743205466691272,0.33021514501752725,0.09073638447971215
0.005831023525370607,11.865960786641146,21.556604682404966,76.77690419065493,431.38505389877145,0.06600469849265914,0.10643450097060467,0.0881350022651459,0.02369379269837363,0.13486469727435055,0.0661618623531041,0.2547399496760696,1.5511920076790155,1.9651153163447777,20.586435004360347,0.006860102721680365,0.06058147507437794,0.0667409856042658,0.01554136662838255,0.023514860041620192,0.008917567597784736,12.754949489930661,28.199393253060432,83.49695104260385,502.10954263405415,0.09457833011277136,0.34057789141306377,0.32306582567554165,0.0875215939763736,0.23068232770150657,0.09963797765224397
0.9964743447033017,15.77235406588822,19.222632059972746,107.13987281790745,758.255991248089,0.12428424138018032,0.2364920995778654,0.29066076518731104,0.12421234893619391,0.2372119788019567,0.07599769471309326,0.5202603767847637,1.3246403011739898,3.4799331920378718,51.33990140508405,0.009332323965662416,0.0657277103902962,0.0992875265776194,0.02286124976634896,0.05542224603669296,0.0073275589481905995,17.359697652453807,24.182854084140057,119.43527037396288,914.489861622053,0.15501015247103356,0.5065682146732874,0.688883940530275,0.2129893893096297,0.42497392243513005,0.10488237723561011
-0.003003588674197632,12.615077924683607,17.150031881904514,80.58508604454485,494.8194296215541,0.08596048647446235,0.05407286108755405,0.0303063912664541,0.022504206235974652,0.18005848913466838,0.058272846014547436,0.17125182518078075,0.6702584527598298,1.1094849193212675,13.33677504031721,0.003902287301439104,0.008496488751074402,0.012608515853060739,0.0069155248106300355,0.01611131503663503,0.0016258724958075792,14.302263245657718,22.144440811214903,91.51765021367856,629.0235984843993,0.12248855925619696,0.15291635324479635,0.18909686650441815,0.09837735583697052,0.3271311201478508,0.07329468765361212
1.0050304569804065,13.589295971247557,24.725049206176397,87.75410958600222,572.535650013377,0.0925643473624449,0.07858378432327735,0.05269299449841698,0.030759025990795958,0.17608854093004825,0.061331038174486006,0.23345923005633804,1.0062156141263223,1.7527427619503768,19.82333542115817,0.004082560947810083,0.011778906188036444,0.017961671415051107,0.006839248139528263,0.013176171004206266,0.0014651120528626166,16.900886014306128,35.707494013577225,113.39832408945324,849.5544880951098,0.14693541538571284,0.2885624711433108,0.38164959536719834,0.13296508712841598,0.3470072542386927,0.07898543007315778
1.0079556360137487,15.658856060570715,23.141681038583254,110.21087350664139,774.5560665016161,0.1107681821606569,0.31122330163926126,0.31764935202337813,0.13764234920279497,0.24943150590001067,0.08102358675249742,1.2941266321978686,2.454470574799052,10.115113775197427,138.72718824132687,0.012360725205061172,0.060004968358368875,0.08212640099415959,0.030275892304608185,0.023400934378469924,0.00603760637181185,19.79714587442707,31.667079188077903,143.76711757372436,1226.1858934807265,0.1505550992967126,0.5164293141172414,0.6182111973843629,0.24606291113148654,0.32806367644274204,0.10182339874949724
-0.0032083794011640815,17.871072789775162,13.196265939598442,114.50619419030107,991.7099567786711,0.07851859514971929,0.06283603446417926,0.04386081863631359,0.04162034478864083,0.1219208352353843,0.05241437091346793,0.4845295287635971,1.043750755354313,3.1795212854088803,50.82858343280732,0.004386558566496998,0.008432880877200863,0.01161123482291045,0.007433738640467887,0.013045369905483396,0.0012993451693039631,19.829801294942666,18.394697055455108,127.2146938975284,1208.9781557745355,0.09875305817337354,0.10116407594447219,0.10608864443686677,0.08323141411491097,0.17901050088948256,0.05873819228805365
0.9989915363425438,19.510397739191202,18.87175343683233,129.57361587190135,1216.3191250541167,0.11504995977272067,0.16417401194981124,0.2199423509556008,0.10593264563201754,0.17925064427770895,0.06552092665652363,1.1091936854090911,1.1634474375071224,7.24259795330227,132.97113629172645,0.006022128000483641,0.032000693682925165,0.05641319476136671,0.017293739999417374,0.01889520326614142,0.004812110577631405,25.888662995235908,26.192736022454454,171.13110826847546,2056.627038803154,0.14936971726495388,0.4112813531563362,0.6126127589802842,0.19812021831667292,0.2970898946712553,0.09941160317046294
0.0009353627587442565,14.011710984043749,21.241356144842037,90.19316259777594,600.6002790789896,0.09069487417217582,0.06989753400367739,0.014319998904955764,0.01864909161508983,0.15157372734002675,0.05836990570949093,0.25960080065869756,1.494160860159434,1.6738554255445162,21.84588266526982,0.007397760510923727,0.01376961864372901,0.00728552919632129,0.0100890959835455,0.012668708251445997,0.0029315584584990832,15.319207694419934,30.299135043928427,98.3725499988634,713.6164994748585,0.12866247867306477,0.15073098082876435,0.06165313812830633,0.08018706375920699,0.22266532615873644,0.0762857913375288
0.004734103700711181,11.941218529095071,21.523941550905057,76.28416801396088,434.6643331613274,0.09765280751852892,0.07843334337088512,0.033326134766978766,0.01956536371250731,0.16848138182156155,0.06193947421970487,0.3100141958330578,0.9237805011498965,1.9727049642740033,25.081943145510586,0.007798036906463553,0.024931510972731864,0.018334438992524817,0.007764757813550293,0.012836536374065963,0.0038499552963037254,13.695182876675117,26.14811399685498,87.62968226785152,584.0855696588177,0.1499719162183584,0.23953941293024328,0.15051676038228556,0.07252331128942667,0.24393702579932972,0.08547715655636505
-0.0027025453306882686,12.335550418063326,22.184132903846226,79.89482455892485,463.9794989314493,0.10127924186687073,0.10157509553576968,0.05356915355117812,0.027987652672253956,0.15515752055790014,0.0676457267978742,0.29276021655644635,1.6632541908965035,1.9543164395262544,21.630757548664466,0.0113264386763499,0.03189350129096432,0.031229575648807406,0.011359689513163743,0.018785197724747956,0.005350303775552989,13.586398374154665,28.631762594428107,87.17849765362354,555.7253014632083,0.14505570195761106,0.23271731644562083,0.16940180559728069,0.08236076506221095,0.22688111473470182,0.09066261717920557
-0.0006717026322878306,13.653004814923971,16.316557980073014,87.10483373981735,571.9124268803375,0.07681031995207406,0.06020730323003595,0.019456596166445312,0.017368019612982948,0.13537334047720118,0.05951305592690843,0.187544038792763,0.9191429347077794,1.4703209887522448,14.40442547323881,0.004482002624660353,0.011808955355871627,0.010706564775087567,0.007982039596264145,0.013212482258472946,0.002534782009177953,14.62369183582186,23.204468005107678,96.15295946371583,651.7737912448255,0.10866708113446948,0.15779796028619558,0.10496149026492499,0.08608858914394014,0.23460586663914607,0.08012602267161038
1.0021287682709843,18.48972590239715,17.499516110999373,121.37987905999647,1065.4406362101179,0.10128406691042022,0.13157051771686645,0.15001296243922174,0.09147840431132087,0.1831717953983236,0.0669212736289011,0.793052642148585,1.0443187856953449,4.864572501077398,95.74645062140478,0.007992245679717151,0.032181881110138595,0.04438172994611323,0.015758194480727857,0.016261763777743136,0.005248101461827265,22.731079129152192,22.87091831085348,146.55479422239245,1597.5142984334761,0.14111633062353196,0.3086984628878422,0.35379378626769586,0.16669876200382847,0.25168592672594126,0.09446542061308254
0.0011906232930535448,12.784093006387971,21.46847486661645,82.02644085660513,507.33139595630894,0.08752969556062747,0.06607097557834773,0.031141422402159828,0.028339076298981497,0.16923782073118743,0.06294251669912981,0.7323995420464051,1.7479776729013055,5.099095636947118,53.754861803259715,0.004586446548126682,0.018188109113543655,0.02161388854372278,0.01762127775312626,0.0336636036371583,0.005869944574061566,13.707751860165905,23.517913930656743,89.26590951218252,579.6788879279517,0.09383553192911445,0.09041169952926187,0.052894994791800265,0.04750578053050989,0.21766269968118745,0.06870682296371804
0.9989698824114105,23.189210320339466,27.01287278716421,153.60539655618754,1670.1069661382633,0.09510791381530485,0.16865934239948208,0.1950294659825568,0.12409391479184785,0.19091256508830545,0.06306782165450121,1.05871514924195,0.9621944577125022,7.243792188220665,155.74841401367877,0.006425991587043864,0.02866004723740018,0.0455728602823112,0.017186747716689196,0.01583796059999101,0.0030333076590887283,30.962310231656204,34.52491205314621,206.08137753308614,2946.0929226694384,0.14792017832434692,0.4122644727267978,0.5819720451632774,0.25922390412159463,0.3106658744899061,0.08672377783600697
0.9996335207642553,15.279757278204137,22.400202345473804,99.0826219972114,706.3096027120829,0.09058065352637597,0.10526429120772035,0.05357800472700603,0.03249000032999337,0.1724930863370247,0.0631491491870751,0.20616470650065646,0.49852494740016157,1.3317028378201183,19.42003145442276,0.003303017615592174,0.013829613002543702,0.01742020626207501,0.00596022350622775,0.011744577555635944,0.002581118018307467,17.803310990689077,28.009466516480064,113.61122721311453,977.8203437246409,0.13012208139192624,0.32880420013990286,0.3594790399544009,0.12252543169294204,0.3174601284852967,0.09789681535454832
0.9962347959716606,20.17576826343165,23.961348467497647,143.7266199331441,1243.1789268193336,0.12858719012412662,0.34580075655462816,0.375909389307555,0.1604706152620283,0.29045486968394857,0.08141758629282242,0.9302835400992,1.8863333931985131,8.666512569701016,116.26538170156742,0.010392903557875545,0.06833189061233885,0.10896731673545623,0.026003836138208763,0.07902067103761257,0.0059790141591727535,23.385766552115847,31.741363268384674,170.14133172644816,1622.283000439732,0.16404508876818577,0.6150134360416917,0.7701072512317613,0.25100088894504974,0.5435310027921966,0.09964982389787753
-0.0006522477811036765,8.853578671337567,15.462654475608275,56.89661044163311,241.81044407081905,0.08300655409753487,0.07716556956871946,0.04705851056790776,0.023951280041833896,0.19289393907352903,0.06621246424532878,0.5379489870776342,1.2004298356331453,4.279500109019768,30.249742181424686,0.010928701253384111,0.028899890809661155,0.03202524136603667,0.015099150007962229,0.028378243612292006,0.004168385623203378,9.9933984593054,17.683191960322052,65.18489865645043,300.9489076803174,0.10160507024295955,0.12498118649691907,0.09405407353348934,0.04791140327519278,0.24334034088607917,0.07436033629007052
-0.0007295121887599869,12.218597340382733,22.39459567937015,77.85568500834877,467.27023634337024,0.08185664594702377,0.05247133204951822,0.016945946219087713,0.01275572508275937,0.1545192343223436,0.059745816200943616,0.22173195563063453,1.1412501334066874,1.5691418613790071,17.966329517988587,0.0050856975743130165,0.012013405801958692,0.009873011156713839,0.004532281145094356,0.016123459960426884,0.002390017420553749,14.186957656920482,31.97538698247106,92.77705320977205,620.0018549505719,0.12558419351960237,0.18046278971145105,0.12201533716971619,0.0633959883821307,0.3098267812627008,0.08212167725824646
1.0006358059995224,15.313773359302544,25.267218814069423,102.62002644164251,730.1042182967092,0.10808125454259661,0.1696829000452343,0.16875070696706732,0.08717516133135102,0.1925487692033217,0.06539936051370183,0.4361180779073281,1.012047275338327,3.4983495954775328,43.40663831441962,0.005223557444757746,0.030532784491375975,0.035460446437605174,0.01079217372572839,0.017593202055009256,0.0030137370110129044,20.26966483382756,36.692031838529175,149.27609444485753,1270.0959730849322,0.1638703731189817,0.6105207610853692,0.6321555372068216,0.20272240160793623,0.402882976656269,0.098765100183411
-0.0015207845340824292,12.462951075379296,17.286255925132618,80.50188686940425,480.4153073106544,0.08932498479753036,0.07699226228447563,0.03584207753741774,0.023639177565288143,0.15253672404803797,0.060458541496358674,0.15426544248733243,0.7899744958794855,1.226314459163862,11.635102256258666,0.003808454428043814,0.01365573528193776,0.013556646612273456,0.007114545790877777,0.015338274668357266,0.0015305344023366755,14.052306917945723,24.37817888935119,92.60023318338075,606.3131861760816,0.1276892976808035,0.2501958538885513,0.2023976026557588,0.10509283949879389,0.30352892393611375,0.0768504524211368
1.0012913260290677,16.759467366481392,18.797980965704184,109.44911106640757,888.3345625686478,0.08869621463886153,0.09167941833670659,0.08420261130067505,0.06540406490223731,0.18957616500468327,0.05534641248279777,0.5979166021392941,1.391427144753259,4.117895772822706,67.35597472514226,0.006122373500792985,0.02457120453002518,0.026316363437671825,0.0160297773074756,0.020828501555068032,0.0034603265232630506,20.01980429504478,26.290528572622723,130.47906212414344,1259.0898592035796,0.1168182652486133,0.2122358718864943,0.23112694013739274,0.14772559028761906,0.28067622160330036,0.07219273277820545
0.002773360463829467,12.398068233439,17.64192280205789,81.3012398807967,469.34635405174674,0.10543515973356328,0.13137801540503297,0.0766817014268258,0.02852807669829282,0.18114979699181297,0.07093352587820613,0.17795512202032485,1.460551142476163,2.204372989718134,15.392712865443203,0.009984448828432859,0.03309721134842081,0.04868569815608589,0.01168212333994562,0.021903940261975847,0.005979730061194122,12.867616349111993,22.956330275064833,89.19959482942362,515.4881689818455,0.1450529459912967,0.26410221648156607,0.23941851905792053,0.07407355553838524,0.2560660157190607,0.09353375612326983
0.0004256490761675937,15.292656406678129,12.891868675024996,98.055069586109,725.3103838756476,0.08184985087964033,0.06194954146476438,0.059244326394022426,0.03121920126257319,0.13594789419299186,0.05532899172516543,0.21499439981587826,0.35797256520935383,1.5336552132132542,19.933820120974772,0.004265955040787396,0.012387625606570493,0.018690540321177774,0.007400311214371654,0.009471710534100062,0.0016679927166647949,17.34281783014374,15.980206022209062,113.08992835168665,934.5321171331495,0.12244156619315373,0.217925514937332,0.2953841606703522,0.10374914368950078,0.23234535475799248,0.0746525050994613
0.0009632981916419134,13.404191081279997,18.303536609574817,86.62018940373258,554.1687398655974,0.10217653238536581,0.08232511720021343,0.040633898049045394,0.027569523652351928,0.16374776753518672,0.057094597372081515,0.29410908865769514,1.3714662262369255,2.079131279383954,25.260897518813657,0.00589636491443128,0.014889157294688066,0.018995885506060062,0.009345190108332116,0.01878442734826474,0.0018381084460769568,15.076217409023034,25.91506267560596,97.56422760050651,697.5276869761741,0.13379708882948596,0.17517686220769182,0.1387335850847163,0.07915933983050552,0.26830246283686304,0.06617501580588617
0.00014556792420891953,10.01993981564426,17.538714025980756,64.40764294335081,309.54762159455544,0.10075765370569989,0.07349733045715802,0.025442172154954392,0.017521115977355773,0.18891574276614487,0.06333129760263154,0.2627491847857602,2.0182382311616482,1.774098999002937,17.00390316619832,0.007794872309724369,0.014560036277602072,0.016797672768552305,0.008001996523898401,0.021022355080915545,0.002767231433825473,11.162502363523604,26.741394448739683,72.43376443278953,381.43543854743507,0.13984131122537838,0.14102848626605233,0.10792836322522334,0.06525231876808105,0.28947507047195664,0.07671443414241616
1.000000231113664,18.75146370478731,21.43993382346265,122.93916029059295,1092.9309486431353,0.09115666456822796,0.14010323111685377,0.10667325554245234,0.06057080396979193,0.19499109773532855,0.06077945037658724,0.6412489010961845,1.5262309551105369,4.37933380617582,88.39434869091455,0.007552911110679373,0.039013545606020876,0.039184024765325016,0.018174174164534828,0.02172617899876959,0.004465200221305733,24.53668498784598,34.40526004947447,161.45139383149004,1874.4338815092437,0.14966856120863925,0.48202899938511323,0.46438142325262594,0.20447123723657035,0.36788867975395895,0.09864950231356863
0.9980239861100478,15.399347969156912,22.7285787172568,100.35003405765733,728.5882515996609,0.09196433711912495,0.10396174507992344,0.111810313806911,0.0751275080537641,0.17183686665878456,0.060952723414370275,0.310244633581942,0.8352107505874594,2.0601448458118,29.553725145730688,0.009900427855531484,0.024465484937444295,0.0448870140535224,0.017610404444444366,0.024703086438392214,0.002153712956710179,16.51624011633397,25.828455877595875,107.30868855669922,820.8506881286464,0.12576064350344635,0.19968648503369096,0.2859426542723867,0.14767294608553644,0.25582288815797893,0.06819983165495093
1.0008667314728463,18.03567579661036,16.87033740705555,117.25579579142358,991.2524968521433,0.08944716560652445,0.12339917113203056,0.10910884301771667,0.06307282641241968,0.17206333858190667,0.057775339031439374,0.29877738523154906,0.5906912035918624,1.9233456120089,35.7204815429884,0.00409754324693721,0.0156633214357998,0.029772485330349954,0.009758367253973707,0.012974796940582164,0.0024330072781831597,20.34212989620759,21.990759696761124,133.32931639264896,1289.9950093171785,0.12630335952594124,0.2665671503625731,0.42854860857781063,0.1536105102475906,0.2840170557516067,0.08237851882830259
-0.00026642301912620865,6.996411667400562,13.410958812776924,43.92472013303028,143.76242530109914,0.11714793641291417,0.07624943475971474,-0.0004343877466875646,-0.00010464278564743675,0.19297468687429623,0.07823391039147672,0.22342263015492242,1.511868636848331,1.5536752276491927,9.716338803265966,0.010189329046952616,0.010852380969546412,-0.00018016522906579021,-4.935100708503411e-05,0.026613388537896254,0.00409588641156464,7.926479776311514,19.520126338066323,50.12357409256735,181.37616650714088,0.15824832592977947,0.11906630111038327,0.00012518227994294968,-0.0004889184119724714,0.2932412029033683,0.09385356487849875
0.005732220362298792,11.297099718418773,27.095058972630387,71.76114573645525,397.3293179905373,0.0687029777811328,0.03768171278056901,0.01622509884849667,0.0028345680250153877,0.18688061218710542,0.056258511988688246,0.1203669153508755,0.8928196120663752,1.0765461267465217,8.39021198337578,0.0036504626848905537,0.01653195548082219,0.016287707708327166,0.0031157353335125194,0.015360631033599647,0.002054856733683864,12.039936796550808,33.73599691505139,79.56339244783358,456.2963703036396,0.09185286285441324,0.14334567802232667,0.10941008315345059,0.021004524442039534,0.2848443451922831,0.07100088779557996
1.0043086917428532,16.10751397512938,20.679746850696944,108.07180839825672,798.9882365676372,0.11703659081795309,0.20212314574120155,0.17255565464026443,0.10230797992897879,0.2165040047383576,0.07358780685041197,0.5720416056174484,1.0720513593041885,3.851644630677714,54.05795670002846,0.007031644759104978,0.02507961793632127,0.0314975699607048,0.012996265838942292,0.016842390992868828,0.0041558588735853535,20.949087873820186,31.523790018818364,136.56581184357123,1313.535534131892,0.1788557556809506,0.4233272723991909,0.4776111529879416,0.2068407572207502,0.37013714391904096,0.11419441809725589
1.001056655337199,14.788994397226617,23.90724860162287,97.19648289314185,669.8615092013057,0.11707706785445228,0.14776604339903548,0.12674689515059906,0.0902363073807811,0.19508034575196453,0.06651614216897432,0.3555049971499204,1.2757548103392604,2.448243723511571,35.244043051750346,0.006721419725905433,0.023115041770690223,0.023241870125372217,0.01186226069453792,0.0190245672643822,0.003230275022652668,17.300232948557188,33.39539820650389,114.55589951595464,923.2376988006715,0.16464452563899734,0.34207990595908017,0.3018908166556218,0.16124263657776552,0.3321403779396366,0.0891574708435403
0.9979103390509262,17.02117044757893,23.972476016386658,112.86959278729766,901.0329136263581,0.11969207594909724,0.14902837708289202,0.24104938504612944,0.12023041425024607,0.22471665974090207,0.06380339765279996,0.6014507745764275,1.399276391737741,4.007750235880614,67.6182198427883,0.008248238114479342,0.0307996266641829,0.050035029272494376,0.011091037375029936,0.021046663680387573,0.0038433102302596568,20.903774557105773,32.13333110357349,136.06431661165124,1343.8385105936213,0.16346495906769862,0.35487386046828784,0.5598220645761004,0.18471462176460696,0.3528603015651695,0.08484786134099354
-0.003046380772989983,12.501021491138435,16.85869389868544,78.8560273553004,479.9990138892469,0.08507825297714701,0.03864709461917558,0.003867341812853168,0.00627974499819951,0.12133945961680509,0.05672099306559994,0.17016893224887833,0.7169663093225311,1.0334252514081395,12.709763974766673,0.004936469868338243,0.0031534704507729444,0.002653647463320119,0.0033470804075755507,0.013968881338266384,0.0013412485071254189,13.327346578823912,19.72668364446194,84.52942059533244,542.2225951111661,0.11034866655467312,0.0495386200379576,0.02068401620603673,0.02757127772568072,0.1916231594064939,0.06168208202208823
1.0032619899035224,19.52623060353605,18.91458562605426,129.5897001609304,1213.4018425288518,0.1148473495263791,0.16412168707267294,0.21906388233585353,0.10624869230926366,0.17945028431092727,0.06556709224621267,1.112306568311788,1.1559714363527975,7.234739331995183,132.80135509347997,0.0060713332783696545,0.031985822632394925,0.05610169193521786,0.017330579125031133,0.018853571844520408,0.004818292834425417,25.92461634952211,26.229561138339268,171.229704365616,2051.662688431062,0.1494217549398963,0.41279459777771577,0.6121806242942457,0.19803035856634324,0.2969152471726874,0.09927662331903589
0.0007195486632110087,12.275586553221578,29.96664516656926,77.21357901022036,468.4715087999454,0.07701848247792638,0.03419421384097461,0.0002263465374553131,8.691980037085935e-05,0.17022371532205122,0.05953067901660031,0.4459293045949719,3.6502019782043424,2.8793358022681312,34.78824714244459,0.007336229563222248,0.00827917315144693,-0.00019279321153802144,2.061117296496646e-05,0.031359181655172735,0.0031399677670051573,13.437891039372715,38.036822509773565,85.01411663653761,559.2225318996086,0.09412539038320496,0.053926131938616964,-0.001429436566652711,2.4475783905101617e-05,0.24130313885331622,0.06732009580317157
1.001314890819817,19.79317584255604,25.15644896564765,130.40739547756715,1192.5107438929138,0.10147217640150018,0.1595834430544152,0.2554505604230843,0.11497106336246196,0.21988879677045933,0.061081740633832496,0.49584570116140364,1.2011610138942121,2.7635782826346222,63.49859467235048,0.005030956893428739,0.03182826182276944,0.047812021843707364,0.010444885288239796,0.015810023061160618,0.0032377304590060487,22.590575012234883,33.59895851738674,148.707079972256,1587.5982810446396,0.1275328296386857,0.387206753911716,0.5669464649199151,0.1728983849714912,0.33023110939755207,0.08469585346640338
0.9952223854739021,13.9956215600061,19.64397390753108,91.10351393797457,596.0882197025543,0.10584631151388676,0.11319769267776118,0.11322750245348143,0.06456046716037434,0.16668613107513616,0.06536857162254427,0.2194407406283037,0.9564957225838975,1.6106831649368047,18.75238811838558,0.0053202201190256536,0.017853652281746613,0.021983405266725844,0.009548184317220093,0.012229939936485686,0.0028545271504274174,17.021650122389413,30.827695532766317,113.68608451255803,867.8744440825318,0.1613053163230668,0.35578234613892207,0.4051761334982104,0.18290886791945804,0.31779337826316845,0.10557064442776143
1.002539825262061,20.526208867173832,27.80389286722164,134.5617963124398,1317.5795186166645,0.09165146701553056,0.10727802461896596,0.15452677297123213,0.08315769418734135,0.14478130179390652,0.05588010973869793,0.5228986728961683,1.1906468763215041,3.7726716631308914,69.8377784227891,0.005025125598042496,0.020545324646385456,0.03483076725871136,0.01092094144786169,0.012959005631388016,0.0028913175169871723,24.459252466667916,37.41364924680682,162.43705846792832,1868.644972748167,0.12232519806740262,0.2764899639921856,0.4146899438803925,0.15601898775287135,0.2434576215874739,0.08337188766708477
1.001244447235629,19.757464658562807,25.13784928903897,130.3752844765161,1193.5360088465764,0.10160506062343028,0.15893436781386625,0.25515449979230487,0.1150464524626581,0.22013325218552235,0.06110022999999124,0.49663388484595516,1.2008448813769699,2.7573374793082146,63.104938463732836,0.005041656489413546,0.03175728980866817,0.04790391982091569,0.010485193401594064,0.015767186215933558,0.0032257168320913047,22.63207742830512,33.57117110905305,148.40684793042158,1585.1679488332288,0.1275224746248021,0.38568228877760136,0.5676054682282462,0.17404138369252256,0.3302369985572304,0.0847118558424974
-0.003040956311522827,14.544863316359429,22.726014978234634,96.29397144396229,656.5434507133492,0.08483909597100808,0.13328592904957062,0.1033312745448936,0.037362752447858825,0.14521288718516476,0.06141077981281813,0.22794735934631657,1.1094696247516793,2.225399072025762,19.627040613605455,0.004250343259518986,0.04634449932035276,0.06560463410994911,0.016067536587264477,0.016349980547789265,0.004420173731507685,15.495728533977175,27.275914514812083,106.02697254693973,733.7013927619186,0.10259099221335993,0.3173454502834995,0.36587622386324686,0.11045974006630314,0.2256116403920977,0.08002810200769468
-0.0012912884697621498,13.510120187680611,22.34665009833022,86.8399155412161,559.9810117037973,0.08754628015685062,0.0768158671550584,0.046798286806987194,0.03403539753680233,0.18117476202432567,0.057153070999205774,0.2344909409201867,1.3554510796916517,1.7502541866928678,20.482890387592473,0.004440403288728475,0.013685209955447607,0.021290133713951616,0.011780001556484102,0.016448656031661055,0.001967350510921247,15.143398556074516,31.839715754497504,98.93391580221277,699.8183094110229,0.11607109701920906,0.17043236909699155,0.22848909240173726,0.12776926624545082,0.2870377644953734,0.06931402398512988
0.0007221995107852923,11.623855614256303,18.330779512796486,74.05609321989984,415.48771679756624,0.08508337203896901,0.05836725932286537,0.03353035553073042,0.017943780051318133,0.15164415660577213,0.058516099006491025,0.1803090264277023,0.7604669403485103,1.294491241616228,12.807066636678705,0.006723720001843433,0.016949775591083054,0.02046746010338745,0.0075044651559363065,0.02117832584606608,0.0027721680347425185,12.762903869422177,24.007038293811465,82.31406744699254,490.3566766709027,0.1341088709820873,0.17931859223880178,0.18649862385083188,0.08251801643973518,0.3211856043050165,0.07871280686543634
1.0001436823061953,19.149500652808687,24.777952971053985,132.47419242560568,1120.9159270652578,0.09749723788283608,0.24610618580271995,0.2070045607849523,0.11148727815272068,0.23976708351875978,0.07796265953375561,0.9559875758548967,3.563763576797298,11.071485734931734,116.15564734556334,0.003156343866866276,0.08299460973585207,0.08906929864928606,0.04097509070929619,0.04479679305558038,0.012829042448751181,20.911577064867753,29.90168724163389,151.6876617756855,1334.5239863288193,0.10365075668794403,0.39000214273602934,0.3642072131453683,0.17712201324434265,0.3177015173080489,0.10242885808925342
0.9991998781878196,14.952644961960923,25.2353339206979,95.486651155312,697.2116965281069,0.09399317178213991,0.051419662468750016,0.024233511166386924,0.028674537499002367,0.15640222998748454,0.05508403217479268,1.2174920101399458,2.185922773158813,8.07502306309763,106.2204906874942,0.006885766064028725,0.01105702422032525,0.018068056063163966,0.019122703950885573,0.007867701587453821,0.0017600896635601563,15.005187894972117,25.172782290133302,95.29576963850477,701.337624293733,0.09412767296638704,0.0519347364078568,0.022542941039578514,0.02883953785774732,0.1561651874066376,0.05517468044347802
-0.00028340652537865577,11.061989127367346,14.934818004149147,71.45728951601248,374.320653335563,0.10338299158320842,0.09037780068226631,0.05336707483819685,0.03324381601295803,0.17770204512559667,0.0690848038640931,0.16024733907829194,0.8221336099856317,1.3543551640902476,10.427496680141369,0.007393789848573327,0.0188212481081828,0.02736890431985194,0.010101092021980779,0.023550182416040507,0.002915941650967171,11.900417735602533,19.89186324176347,80.08471812328577,443.23722593620073,0.1416317066350714,0.22124899427242997,0.22959708981066357,0.10699848711548893,0.33050999035314454,0.09078834426221552
-0.0006900495540820197,10.278696007846271,12.188529885983714,65.53319349840484,322.37699469428213,0.09989106752501098,0.07506509895973382,0.019511287300285576,0.019447670500649036,0.1799462512828028,0.06569687643204805,0.19320291324091543,0.5487954344850695,1.3313107479242308,12.284687695105719,0.005680294340959972,0.013409698219028491,0.00863543019959249,0.0069206849090051245,0.019425850916949535,0.0023661312879812183,11.401023723535681,15.67235446927381,73.11680058971906,395.4960188176717,0.134247724594525,0.1653483742860876,0.08664018200211787,0.06727394581664196,0.2939991900832461,0.07725599549083546
0.0004177981936120664,12.996104921719441,18.27843091958201,84.23374231983901,526.187709137641,0.07352474099284569,0.07942479168865664,0.03958553910054482,0.018996120433007843,0.1873599684000031,0.05895321745225945,0.23463500826984232,1.299916345388078,2.411438700419693,20.7128791940528,0.0036318897825722385,0.037189282315697854,0.03473442024543458,0.01065352253962426,0.026248639435241566,0.003747309614527848,14.167044048556956,24.652499955186713,96.44328123810932,624.0159348325017,0.09330226071240617,0.23198704873957832,0.16228817702843026,0.06592717613270681,0.3204145041334416,0.0725418802026469
1.0040297362684896,11.090369904442865,18.839999373272374,73.0565434759545,363.4133389227117,0.12163217814726877,0.21551640747542042,0.16879737559841304,0.06374727186794038,0.21968632424678883,0.07944365543819638,0.21133945762654308,1.0301527952015246,1.7110747593529494,13.433164900256259,0.007387985875368636,0.04543840427457791,0.046087684803797865,0.013397136418314118,0.01743877041285614,0.0044106916337251665,13.234712152738343,32.774223212245666,91.97296708108982,515.3571059402899,0.21836215338438877,0.9382497399645754,0.8398747703004616,0.2526402896322192,0.41578779867346505,0.14019335882077089
-0.0070288909474695745,12.762534021402189,29.42756345118437,81.45400506914537,508.2951660537511,0.08262751312305089,0.04211925090658436,0.020494104623315135,0.015231769601623136,0.15366985018531712,0.05632821503913311,0.24179126792920014,1.370241385398952,1.487501513943897,18.739938488969322,0.00882964666029596,0.01237188286361979,0.013328754151809657,0.009346880189366446,0.019028686612735272,0.0017411391194955084,13.841204464863466,35.97983511507368,87.91324588615367,593.6985591217231,0.12353399842903363,0.1068577968997925,0.08718881805135438,0.06532404668424509,0.24080357418069434,0.06473541608410227
-0.0006486233826709846,11.982061354340418,28.21451971678336,76.78779377561422,443.47386072708014,0.08440436314370611,0.06445064552851562,0.040558471757172525,0.019537208747976896,0.16172563303584467,0.061038415036389924,0.19177157176519413,1.7025378772940718,1.5096404118778863,13.71207501361172,0.007313050164747549,0.025888693332223545,0.0294399426120645,0.009169114760830079,0.017398942092974358,0.0042883746444432646,13.089530108278003,37.86791945039393,85.08487243574265,520.2269545796697,0.12076150892883594,0.18536252027561598,0.18215029068491395,0.07126093170111328,0.24465043491620614,0.08181942295057223
0.00048338592346964225,11.700230000694926,19.093956988174074,74.66021582069489,418.1841806245418,0.08830641178411089,0.05253383363830982,0.01560020614164592,0.011525893250423561,0.19362576851240862,0.0613118452699727,0.15899752096287553,1.4306733306793786,1.1025981626874841,11.22552260615746,0.006073027209031126,0.009092187895660216,0.010539552018921627,0.007684923847936724,0.023380341167864367,0.0016630721518461362,12.619812322823813,26.576827674345207,81.02824099668342,478.00494123037004,0.12227073643356082,0.10877166421026307,0.07891482857101074,0.05829107517015247,0.34881343985839847,0.06956996823452112
1.0008105907048006,14.533989229176923,27.523049806111285,96.57780498508033,658.9247679180261,0.11394685143072264,0.15971308493743397,0.16430960297953656,0.0739038850207874,0.23048097575993554,0.07080309940404336,0.3688354785896063,1.0306071745326661,2.8914159231525662,32.463916320696036,0.0056094668738637,0.042390549297374736,0.04747892752262074,0.010895677576878858,0.01856685906411623,0.005506569255820329,17.451121404158293,37.11217229921378,124.12259721446041,949.0311034351907,0.16790164063025892,0.6592071587473886,0.7039735231265699,0.17056574018337814,0.4217918358047268,0.1340690679386677
-0.0010185021084973902,10.779612227997545,9.689071903628866,68.7557975152019,357.813990093341,0.09604787249510209,0.05696661635568338,0.02575893790925031,0.017083318272865442,0.13794806137037843,0.06402313125782715,0.17422168440820357,0.4058687124951496,1.1361720866816836,11.647021280108584,0.007784535947872513,0.009813927089939502,0.011112839795375409,0.005331136706359901,0.012588814509968167,0.002104799975218131,11.584128204055876,12.005493303063968,73.73062000523029,419.8746566106125,0.1438259212285845,0.12582279494012222,0.10613782864861393,0.04572920561076602,0.20917268107043024,0.07685676873955258
-0.004810848859814005,10.531149525921178,19.344291881729585,67.65877881870585,336.5280394395385,0.09990339167445875,0.08553644220546082,0.030553360231443494,0.012024979059823996,0.22156957237581326,0.06478294595063479,0.3567140908088894,1.5349081881714552,2.3041356278227325,23.106838485705033,0.007600224415268394,0.022314277215533314,0.028846289797259228,0.00858941561512643,0.027169204369259247,0.00343956687782808,11.555857551732997,23.262334635476872,73.95996611110158,399.7291355082913,0.12207561258834584,0.14863679887440942,0.08152097314951544,0.0319358764982891,0.28265934161019984,0.07553386055028383
0.0008982280031979993,12.375855341462405,22.227079331671153,80.01481929291845,466.0373332037478,0.10119463949153512,0.10157905412896483,0.05410269272210659,0.028545631142974134,0.15493584314279113,0.06761090050328337,0.29707527557128116,1.6463796301407907,1.9627901290988388,21.362578769661074,0.01133916001216674,0.031748182606165166,0.0314412372324777,0.011283244018444974,0.01875212751092679,0.005347723381322384,13.594001636609937,28.69631863106215,87.46835214195838,550.584356174421,0.145182949790394,0.2338889502596244,0.16934829583607644,0.08277152790256019,0.22669310333211845,0.09081112649618533
1.004730413712174,18.47281768679051,21.93110059781478,120.10368459303152,1076.1047248069215,0.09432791389371868,0.09706108565889887,0.1157980448680293,0.06849533446301247,0.16923536282939577,0.05725821295401846,0.5984950220740833,1.2088052270070748,3.763046755847975,68.31457251158737,0.006008676336836335,0.014320347299209113,0.02818076804686767,0.00915813163296678,0.014996193996459805,0.0021916187306315177,22.51025555987422,31.384551567870233,145.50492150168589,1588.9239315915177,0.14649382214641013,0.22731160410054801,0.399322780585882,0.13856120056857485,0.31025821751521154,0.07620971273278605
-0.0042005373102063604,12.341504598999784,21.788362310027974,79.8109841146279,466.1879906330541,0.08766027115871489,0.09461562328790797,0.060487553036942476,0.037383059153676935,0.19300932232498955,0.06403262023301723,0.29799365513920906,1.50359856885703,2.2029143600432293,21.055918027156387,0.007106179992799917,0.025016885191810258,0.027000212555885306,0.013005459679791803,0.019483106679396043,0.0044769631248670035,13.783455296276744,30.47792106310519,91.52834172064115,578.7661129209691,0.13040582912751728,0.2459236068282198,0.24266410668456498,0.12097390543027989,0.2973670115765496,0.09279680589731475
0.002365625596622322,14.307173175255649,16.815575126031376,90.30027659507812,630.9898612984656,0.06421943945219848,0.026393906989970937,0.0073722935671782465,0.006065717662692936,0.15073438646169576,0.05383472313169677,0.1297523281436196,0.718118753327576,0.8371284888534267,10.526446645531232,0.00348008625932135,0.003771661898764553,0.004511989495809308,0.0036248346141815593,0.015343993389480217,0.001372557437200805,14.922842283984991,20.641239477711363,94.61992102040671,680.3244952252074,0.08568834101344856,0.050540415977300565,0.04120044758373396,0.033037967475089025,0.24568162590313664,0.06124235891783706
-0.0008996787145492029,12.872846980315302,17.983020849344314,83.22900635453465,506.4346639628639,0.09943270952855077,0.095563432501158,0.038931224835482336,0.02330463306063892,0.1716567291677876,0.05990536872380185,0.2674434514470286,1.1004395940416185,1.787252811642291,20.011283675656106,0.005281541635661958,0.016444844398232242,0.02077278683397697,0.008204229663176662,0.017461855406740518,0.0028583296789394886,14.218407745936876,24.858044570690232,92.01079800881416,615.5682849304625,0.1287942769680272,0.2136627767511072,0.17401890455991184,0.07901084954631425,0.27814645370385843,0.07911535218970246
-0.0001679390340303625,10.448888586897523,15.396902103430126,66.52334311165673,329.54424537015063,0.10540047283719947,0.07753614718020997,0.00653372615142405,0.012432093860882181,0.17862105136127332,0.06449139190688591,0.1923257770706435,0.901719448904539,1.2009031393723304,12.270011361925182,0.006505000268010648,0.008164221871506153,0.003189572626124862,0.004956826091941416,0.015070115416881342,0.0028000062773719707,11.526031464797699,19.76607751232924,73.5381986625701,402.59894559716713,0.1342168581536505,0.1151741930043195,0.027993135301465615,0.044335303885593584,0.2616525947946585,0.08275001648446227
-0.002883402283868312,11.185099690769539,21.377210011117032,70.93764323180389,380.6844260892245,0.10172743846751434,0.0599209936061911,0.008396623931031865,0.010748873113181361,0.1614931500445748,0.06148444771156046,0.28508670103603745,1.6783740079762033,1.9832000936765652,18.85781925004375,0.006908279829174286,0.00939967146134859,0.006864424772494373,0.006150023701617066,0.026996463489336306,0.0020314622106934917,12.364253498869568,28.891587660041445,79.38558019462974,459.0374824818299,0.12822577847645641,0.11011654930097813,0.035437227192867404,0.04277190122793327,0.29748985988051607,0.07123086331793338
0.9990840791572779,20.45276151272687,21.736915989329436,133.57892214802595,1297.3909253429808,0.09157086977007214,0.11314028989028327,0.09755001564212093,0.07813768089883566,0.16173422045966215,0.055516230178576396,0.5766130760894151,0.915425218512106,4.214767539686253,72.41173931065877,0.006210199356323628,0.019126162053413793,0.023778874932567036,0.01464617367136527,0.014491499418360894,0.0019023833234720967,24.256845839551616,26.412272934255714,161.3346316532791,1781.50923867098,0.13269440332467378,0.237693383137217,0.2712100119377127,0.17704892979929504,0.2612240829454986,0.06732771620482021
1.0035602211565287,16.79486328298156,18.746465973555082,109.31869325621142,885.2577064174982,0.08864363342862855,0.09179222995101659,0.08409011361257424,0.06532668787740337,0.18920313532345231,0.05531638693981393,0.5997076601583482,1.3956623980330571,4.129209898503468,67.25815269083309,0.006120165008652296,0.024610098761133018,0.026431655437089693,0.016113795208183183,0.020851264250607186,0.003468226385994402,20.052281603395066,26.30255797010384,130.99247321451415,1259.3187833396025,0.11664140007983441,0.21240507402286876,0.23350669522136114,0.14731035665230202,0.28106489389585126,0.07220004280012748
0.001595623356264376,10.04279234622535,21.251556209281805,63.25225678542406,308.14034366165646,0.08119487829058196,0.03887820831940087,0.002581204745698533,0.005146802824266211,0.16321857758794,0.06437059453538219,0.18484498370973967,1.340703702840966,1.1917653352983948,11.712770291234255,0.005717707487271323,0.005587451385289397,0.00160481015617104,0.0035816640988379014,0.014487515511046972,0.0024349801211631873,11.124478721862832,28.96260923582549,69.9133407490509,377.84700711902286,0.1126077714066984,0.07075678600291237,0.011049493061329338,0.025748997470201786,0.23495184209988995,0.08056692004856021
1.0047440006692299,13.17684484012107,18.69152756859281,85.94853833076917,536.7262104512895,0.11583369383206492,0.1230791475874364,0.12326358983421035,0.07339118097517668,0.2127883687735414,0.06776180959264635,0.287061979512733,0.8941218873008113,1.8972442446136093,24.61475555724959,0.00652677650030086,0.02354269799214064,0.028931527195053444,0.012179583005540156,0.017452138358756492,0.0036188376972949294,15.687929192326179,27.96356214724367,102.83206485568343,754.3708821348351,0.17836378522418883,0.4148636279435912,0.5004046578615122,0.20908477434949327,0.3899562464957451,0.11788350086707816
0.0032243868665577094,10.214175936557124,16.178942633065315,66.29657053846095,324.39502114337284,0.10617279904553144,0.11146483916230739,0.06724074960230443,0.03949009488785049,0.17447943559410525,0.07273145928824712,0.3692428797187324,1.4743974208681208,1.5939510049904182,22.799322706459787,0.010527276544799848,0.04256153618639608,0.04012271274773808,0.015441291358857247,0.027117317610982582,0.007579610378707916,11.283302621277652,20.60880719322282,71.71228309198432,387.60705837131593,0.1401274280178892,0.2365104140898787,0.18723901058352277,0.09682825131746958,0.26133335092124477,0.09709462071991863
0.001202455431336136,11.16167954030585,21.44070920648377,71.08675553081248,384.9522481969811,0.10180605601982073,0.05974552666597572,0.009417167436917118,0.011284339088575162,0.16142466048221557,0.06146183546686012,0.2875919035764247,1.6796514325275074,1.9676927197458114,18.67759291877424,0.006896543411619874,0.009547946455690461,0.006314638957075737,0.006166704634807365,0.026850105066929787,0.002066532871012368,12.304362843183549,28.90824228629388,79.16409553379904,458.3492599002117,0.12812974269274002,0.11090390664546423,0.03560670949541371,0.04307936006625968,0.29737403690041814,0.07127742353911598
0.004775830476108351,12.848828811567563,18.009779407406096,83.24042914339792,505.5477120922499,0.09944324171466057,0.09520229274131788,0.03938709649853458,0.02313544068461147,0.17183458275049843,0.05999443983631731,0.2674130728525391,1.0948466140653734,1.7871479410569917,20.065213457982424,0.005284705920564394,0.016620946811501155,0.020488351046324616,0.008151317715161015,0.01752514240613867,0.0028387387430184544,14.275936506603223,24.848071334726008,91.61886347931087,614.5577112762724,0.1289358081896461,0.21324128766587389,0.17212403468834112,0.07885663447480636,0.2777977766161435,0.07934941477088928
0.0012021993227650097,12.2042942265276,19.578621133853442,78.43956157834147,461.64492873708133,0.09588265293790446,0.08072743416599774,0.041763403387560905,0.04098031810254003,0.19789216217682912,0.06014864752646086,0.35062141242167516,1.3291338439864546,2.3012159224148085,27.157912090399524,0.007562962111370578,0.01775116397058431,0.014259797191235558,0.011346797350489327,0.015022167437691063,0.003314017998403306,14.45156599940565,28.399237597349906,92.24646038290075,637.3952510732535,0.14313454757369032,0.20486854175296873,0.13743954463795946,0.10789173134291688,0.26640801187942925,0.08180257905523422
1.002267476851493,20.763779507351902,31.09856298723307,135.6611811571325,1417.4103982954473,0.09473569819266765,0.11435817076584964,0.1369738943144419,0.08646571046326874,0.17666015466915527,0.05670807414655382,1.1723645224662593,1.624164332745221,7.747708005158821,199.64481040934731,0.004557258231095057,0.014775856003930601,0.021657591401078754,0.009238603782217697,0.013614107118890809,0.002331219975865792,32.45613911653214,47.19659950739723,213.95970821630794,3430.790504276298,0.14017135649475607,0.2631909716630588,0.34769674736547074,0.165684348629817,0.28703022860887245,0.08221937487226302
0.9991878292579413,18.664727098161947,25.122467511105945,124.59239430870797,1087.3004753386556,0.10633899462685888,0.18859182194118576,0.231787839172799,0.12395947368008771,0.21850180005393618,0.06197317327018241,0.8316993356545439,1.4668958239493752,5.57410528131916,104.64570461130275,0.006227487018905432,0.033619726418355006,0.05204493706189739,0.011581829549236063,0.020060946552298,0.004544179811785014,23.127832690083153,33.96998142025386,160.26384543667146,1668.9946777582493,0.1492807161142414,0.4266038219777035,0.6153545340700209,0.18456538784621818,0.34421557503171096,0.09779158160320683
1.0001822382266474,20.62730012400498,29.34733989170872,139.9581426541778,1265.4953717106034,0.11795804117425882,0.2771405547516136,0.35200893133497746,0.15183286422779485,0.23968090508035161,0.07012700796666964,0.723803948637231,1.5953295306863495,5.780848749162461,86.3885812571602,0.006534526281788521,0.06157872854085286,0.07137018067534685,0.016629272814287024,0.023255832234968864,0.00618190022896246,25.746506548855958,39.46405055688135,184.69789033326418,1819.169697136056,0.16508050267186677,0.8680504028755256,0.9369783863262258,0.26508295584757785,0.40855109259604006,0.12390372269376082
0.9980900785550701,17.085125994946207,27.13627856965884,111.12559807234145,932.5841220642379,0.09901439713367936,0.11115142731872933,0.1009928480608846,0.06452626728287239,0.1794054562748337,0.06279780014542935,0.9281579079065421,1.1524815589042394,6.049978114970057,114.97648707538293,0.008726472556470724,0.022089911147198868,0.02725880959658794,0.014526015781432354,0.020446396784393604,0.004413695933153609,22.97912883204877,34.477916994293665,152.37988481995936,1644.692353443286,0.16014037213755164,0.24243842052658715,0.2645646762974541,0.15558134940294605,0.30083623433012535,0.09054711348126626
1.0027100129291497,13.197127482675162,21.823314367936653,85.58994226140561,532.1349900402204,0.09719220044008167,0.10495746953394125,0.0820417032135213,0.05238166113338208,0.17449375105597267,0.06184899055713041,0.19259093037706743,0.6159984104816113,1.3525073549496927,14.797250191542798,0.0033635129150604397,0.01380344505214016,0.014646025419500296,0.006851628817022252,0.011062503745539987,0.0017312188950088256,16.216268937087484,29.864512076964715,105.18127337266486,734.6485026244392,0.15053171248178662,0.3905541773733811,0.373755540684058,0.16061916279259744,0.3693198703205786,0.09611505447188794
0.996773171085874,13.980242089713041,19.633472543778378,91.03152978577249,602.0056043018299,0.10588226043447814,0.113712294857699,0.11267439282339156,0.06444768582963493,0.16687671027588633,0.06544351016659954,0.22083121363788152,0.951608890953388,1.600397878409653,19.22459929622267,0.005310864111682635,0.01799553498070268,0.02177837458438959,0.009555301535080078,0.012312003327352791,0.002853302571984297,17.063229926534664,30.794283917266323,114.09993476792252,869.7807470165374,0.16120868922995135,0.35644882062836125,0.4064958670045506,0.18283631610769346,0.3175037590132101,0.10526234601689484
1.002142495920717,16.654073209901302,21.366923292433356,110.08856847422435,904.411021615009,0.11203976779419643,0.14598842309650759,0.1532590650426986,0.09198803502711596,0.19937752841730835,0.06325644077877322,0.8091417293633887,0.900914507473007,5.4525673850221485,102.54892127123752,0.006041462572216447,0.018843497465535253,0.02743627921457891,0.011256911983138149,0.014723673683190792,0.00278794118749588,26.409552319817752,31.58805683292728,176.50382901001365,2214.0032010043237,0.18040054583688994,0.35731856804863416,0.46971326015704556,0.20918057417170727,0.36058933927130815,0.09554639824966034
-0.0005221051117877926,12.318037484126556,14.923283514827615,78.2155282294544,468.4389936607158,0.08691062876103374,0.04543942334372805,0.021006531079520545,0.020834793932975583,0.15727462568874115,0.05708661481364529,0.386209571183945,0.9034608920095881,2.600249541686872,30.240319618803944,0.0077259197340942345,0.008353987696140321,0.01292650796908703,0.01028640039645378,0.029685414353232013,0.0014268537600375924,13.150665656045655,16.86824472929977,84.03171646503577,528.5322902376926,0.10488344706858685,0.06680218873198543,0.04954008131931859,0.048180647577873374,0.2299450007672607,0.059888686211029774
0.003207504341534182,11.167973622412255,21.38182344452153,70.98430157546986,385.6808568141839,0.10182100406270492,0.05951831609192654,0.009161202488099974,0.010873713974370128,0.1615439968758355,0.06139041527576097,0.2853286166265863,1.674658783010263,1.9545246018560516,18.736524058129852,0.006916419379000088,0.009520711828406886,0.007258698736968077,0.006147208857224508,0.026927166261796566,0.002056415900104899,12.301909693074514,28.91137878866201,79.61994730002077,458.20769164029275,0.1281995410418577,0.11069001378409282,0.03420942059806313,0.04298417201146423,0.29693042432661276,0.07126420636321858
0.002056283046260637,11.46121285929141,18.162058415574972,73.57043905545504,403.88452219899335,0.0883898870895935,0.07691805487532252,0.03369141343706739,0.014919895252146653,0.14115185845759148,0.06238601954516483,0.3285574724752339,1.0575386188603495,2.4643894368485486,23.058322822148952,0.0066664631837450705,0.026519343695791568,0.022555259130589086,0.007784346039634175,0.018955634194042163,0.0034228293533919547,12.654747408917578,21.638277520391718,82.62579009341457,488.8203846704775,0.11442749339370291,0.1784805232457239,0.12136650543150106,0.0549121367169388,0.22107059108923,0.07634505831710459
0.00498590817225587,12.203836061403726,19.5677812610861,78.66078044548875,459.5682512936421,0.09593601597046313,0.08073932946368981,0.041392566349886084,0.041017327449871195,0.19809188845733472,0.060091810948975685,0.3542038517973513,1.3258421296490872,2.3025687964350827,27.137495776199763,0.00752046494504168,0.01773988022444135,0.01432311790448806,0.011434043926039871,0.014980872491344856,0.003319547075857013,14.482436637191805,28.364721346041186,92.16758913494235,636.8688054530226,0.1428689740056776,0.20259477212239313,0.1379060709951919,0.10770773400653447,0.2672937420276364,0.08177697921230694
1.002001254054404,14.898971699295181,22.511141699401602,102.02601309963683,683.6184339973336,0.0994301882129065,0.22217031496396805,0.2735352149084606,0.0969331242294698,0.2042633714751327,0.06896370245002285,0.2535576142999427,0.8798928640271915,3.477624850246917,23.96629886067046,0.006958393471126509,0.06219902299075124,0.07916739548165998,0.0222700913717701,0.015004033276537217,0.005815874811678495,16.407905661418773,27.55065790556675,125.54919274939111,825.5363251471508,0.14182560521663215,0.710099784329343,0.9020188878003664,0.2474112280762862,0.2865479738529101,0.11531872266382182
0.9956949084670536,11.07839862125421,18.830632603177044,73.08245320800648,359.7240926112926,0.12170332627459607,0.2152720761169636,0.16825804639775055,0.06345119595804455,0.21970812996080455,0.07953436861168987,0.21197394726064558,1.0285127264813145,1.7186609655224825,13.930468668341703,0.007414087592293639,0.04547454334776423,0.04566357782577982,0.01331704589341542,0.01732212612335772,0.004423009166582225,13.246601273920845,32.796098486349294,91.42431151024905,510.3676693649648,0.2186022216748888,0.9376887371235478,0.8393525420493024,0.2530879121473925,0.4158116797295424,0.1403261788697163
-0.00018335378926296567,9.76710425176403,15.353576035652747,63.58881832903719,302.0637475431543,0.10719356931608026,0.15976257037640196,0.41051185857368266,0.07834027671460408,0.25459913396283185,0.09298121600945532,0.8249369450519386,2.6614258510511264,4.0680398238494755,49.754171288356844,0.010987974608704503,0.09575224590165486,0.39628975984318615,0.05279012071285665,0.03545693244979104,0.029839861808673967,11.002034879302482,19.50384851005301,71.0540994863099,376.40467909106883,0.12906277109757716,0.2765671952031876,0.820649907141717,0.15707671688360467,0.3107923155594939,0.12601855219510416
-0.0032095859016635854,12.637960391970228,17.164709963860183,80.54641897368737,492.17489909832705,0.08584498712157727,0.05410541777589418,0.03015544182681669,0.022584056637874342,0.17980171230217304,0.05827918379736871,0.1716276333016777,0.665345428841635,1.1285531854570925,13.253097713557182,0.003890002838885851,0.008709812106873818,0.012683418728651082,0.006891531512128572,0.016029178541863802,0.001619678682163626,14.3337631494223,22.147214406066343,91.63255806685765,633.7101389067738,0.12258564068243136,0.15072440530421327,0.18859262187060363,0.09808915504491264,0.32750664004718444,0.07328876035354281
-0.00141932889634604,13.460229883145107,28.246927278169647,85.71720247497741,562.3534478622544,0.07525631440402326,0.0471685402585605,0.012874309951111714,0.01094240927531391,0.14195816757899402,0.05758969075620535,0.17048593968408585,1.1538799377886528,1.415875795036175,15.105398799174429,0.00496878085396068,0.012028401943379573,0.007582559523191247,0.005193850019691908,0.014371374256254298,0.0016634963789836652,14.703319579011973,35.58356636033228,97.47421168740463,677.915505564047,0.11086540759680097,0.14636634733789328,0.08039985772929306,0.05814788812834121,0.2692554700566522,0.07044555810543951
1.0041385560637213,12.344996925743295,26.890385998117022,81.20674957384591,477.27361946532505,0.10333429214975617,0.13564130588507425,0.10835976776005213,0.04527605725183069,0.19440278821058726,0.06935014424919961,0.40377492861186526,1.8121796197501796,2.6548484324702617,34.27842117735826,0.009110642226338025,0.038442476726277694,0.03748622167534484,0.013190199239221498,0.018851572875876264,0.005658188942537182,15.606018397454374,39.36859806916168,101.45832777500895,767.6089262460463,0.17830298761451427,0.4694774222293588,0.44240852118902985,0.1457264522127968,0.32075080478030804,0.12046158602250986
0.0017459103870862665,11.66088801141223,17.046174082787164,73.63556467422609,422.45564999496355,0.07553731104144236,0.036357703820223526,0.00851162493379073,0.011668258432038099,0.16712411023417803,0.05731997717156671,0.35454467480253177,0.672479447175879,2.216268900465117,26.386984926911094,0.006586151054317849,0.00695355195139412,0.006045587959008637,0.006262277396943759,0.022162575748516312,0.002652671184297066,13.263890121757218,19.723787107183707,83.53538285276727,546.3270982961501,0.09947634411890102,0.06487584062176058,0.03240082487596648,0.042724350031846964,0.27307468393708173,0.06836871642748342
-0.0019140473403097735,11.255924446005263,20.000061249239593,74.0485079534846,392.4150022868842,0.08018561382740594,0.11881589153184437,0.09271232353133198,0.05593160016926723,0.25930354410234957,0.06230695282800557,0.4878837127742338,1.9037510625199596,2.871931290940653,34.40736596792166,0.015743738268646633,0.08272907640150758,0.08074373806833551,0.03486973122056819,0.03418902015838678,0.0065104570657751005,11.90037726810905,22.383746007318948,78.08844266700284,439.36565856765003,0.10271731656189818,0.18379539797929026,0.15376778198662613,0.09291727333139722,0.2960410832181169,0.07011400101701494
-0.002776103242502434,12.598259307791073,17.137365314607077,80.37960098931654,490.7596404065024,0.08589055952325902,0.054349383007637635,0.02966579323522145,0.023094095683683185,0.17987333363377656,0.058249789344002594,0.16965309232831366,0.6705748853242688,1.1345630006344571,13.652378451510893,0.0038900399870096312,0.008490480066766077,0.01270387595806774,0.00687177734176405,0.01599252460168808,0.0016225378510968007,14.31057417267849,22.102638540636192,91.41770143068491,637.2531911246408,0.12257044276520217,0.15124574098201268,0.18893096394015615,0.0989809938161549,0.3271694781091803,0.07316837980946993
1.000089774997788,18.486966103229335,17.544862944306782,121.32817103271225,1068.4463455403293,0.10110256293247134,0.13161599042448258,0.1494025085273798,0.0916829964937807,0.1829889071877352,0.06698618931425791,0.7939275966529021,1.0421965439920144,4.85346798656588,95.56085062842797,0.007955400726700115,0.03199718157929033,0.04466288507048347,0.01578698312321885,0.016144036248632088,0.005265985821548308,22.728922764548553,22.873899726345037,146.62048468309547,1601.0973062591243,0.1411542052863724,0.30794590195902616,0.3528762541949259,0.16608275297532643,0.2508367454568439,0.0946697176800847
0.9966684041457676,19.255014518671892,26.471617754502716,127.74395665910444,1163.1958926302586,0.09388787874529349,0.1719011969758196,0.1653649988769514,0.07599512842435693,0.1852924898869459,0.06259720679883254,0.5560705515955846,0.607306422995183,3.525260923760202,68.16979152510193,0.005013661104973846,0.033117262824955224,0.035340102779374945,0.009631088568148483,0.015450058226976707,0.0038836332522383275,24.150371263750856,30.876370490874542,161.40521219953757,1814.315707988654,0.15088932101965222,0.658463694038487,0.6098032153511549,0.1790140507344074,0.3673041959825631,0.11218364567353627
0.9981620570368672,10.924887248434487,21.340192828332306,71.83174184389668,371.76173025807384,0.12276030680247597,0.12187428584882729,0.10441857759205588,0.056758782293175,0.18926612385236458,0.06870829200781796,0.2368883803817074,1.4344140999784534,1.829352058483146,16.869141035153504,0.008067287867942126,0.017762647458472638,0.02611077216400209,0.010368046088629698,0.013578443033322118,0.003025882735495473,12.847967500246947,35.30707215692898,87.11134844691988,508.0843196655562,0.19071813035809235,0.2698076188780369,0.401365202203632,0.142014143080107,0.2967076526208588,0.09603745642519662
0.0008544497059435602,16.31026795718676,15.656985514588563,104.71956426076963,818.1892090965092,0.09422585435212412,0.0672460593405692,0.055116179769822096,0.04557416748571914,0.1711747143839943,0.05662842228087592,0.2068744090987051,0.47117957303862235,1.1563093793702917,20.59927704433764,0.007387815024777407,0.012106922556914396,0.024386403596403983,0.014400941691300274,0.013346320720295284,0.0025627932991345204,17.302412657505993,17.743567153725703,109.69872555151345,927.1454072019802,0.1356902023791974,0.1363034425220162,0.1970052138014582,0.13559228609415463,0.22997287668816854,0.07220372983767069
0.0031638655859275527,12.957858602005162,16.015917590340482,82.81830334189758,515.0481764079469,0.10047128408917325,0.080031462332455,0.060819724402790626,0.03386371893717903,0.17305339972889128,0.06469369611123134,0.2064966797212195,0.7614110060663941,1.225151398915576,17.834881073327182,0.008730019463295324,0.020006426273416183,0.023394776450412633,0.011312844916124033,0.026259008478266923,0.0047416812778069035,13.742165744328094,19.989769967536173,88.6998504140624,584.6530120641855,0.1483088830275879,0.20612080488060938,0.22207798714021962,0.10611483689540836,0.3388320411147559,0.09574385827253643
0.0016671162524196379,12.304113745325546,14.912894183799022,78.32276301202694,467.61973698834646,0.08668405796615243,0.0454651761709938,0.020666069029703457,0.020710514538722562,0.15736956086466097,0.05712325885213302,0.38318434387641676,0.9089581789866015,2.604245896830171,30.45859277350087,0.0077023167291815214,0.008617944134217638,0.013555518116530456,0.01032043204141571,0.029715941731328667,0.001435393836648393,13.197107154522502,16.85483982106505,84.01733892963665,537.1641465448726,0.10486225999317882,0.06736138137292336,0.05126175538699549,0.047991844683138135,0.22963608184643255,0.059698040053286015
-0.00627478274015046,13.397535862967061,16.973017066519567,85.74325213164063,551.3621522829012,0.07932029011640769,0.05720879906966565,0.022532263157371148,0.014802015286340101,0.16511979016091727,0.05703051804566076,0.15743869633124583,0.6110734996642306,1.0454830419013248,13.464953164793682,0.004405500688036623,0.012569140013245595,0.014312902153762226,0.005507744058442193,0.012965831120865337,0.0020724254653537964,14.785194402691946,21.67327390180667,93.51271407072694,661.8186652588947,0.12123254653566218,0.16836812587657485,0.1365076283608466,0.07070531285256519,0.27441759567757285,0.07587903518952029
1.0008335197672875,18.23999879291197,18.90609236541508,118.63727041331249,1025.1215581616557,0.09745944597806341,0.11176016924810588,0.11317719062208097,0.07944377109747057,0.18064024936581125,0.05658618064144428,0.4023932498110407,0.5463654024914377,2.535124837246652,48.8166998891488,0.004830856958196923,0.01656535639595873,0.024066571028194976,0.011456870168492155,0.012721503839615515,0.002428365941614699,21.83644753797585,24.938270043931823,140.8494006003086,1485.8796754149535,0.14331857214455593,0.2748625509050251,0.38596071300927326,0.1775010258211422,0.28144138192995566,0.08209976224052017
0.00019726665719675565,11.951274647702215,10.891037353725567,76.17594235320266,445.28926972187395,0.08878811544037013,0.05196497473914896,0.025450399735047913,0.017881359924814925,0.1602155794731699,0.05536957292101863,0.2542628894173504,1.0469785261153888,1.6491263517541417,18.98791093092809,0.006177484681353037,0.012024663241173945,0.014080744747606648,0.0058426351573923055,0.010862491887220582,0.0018389516245828816,13.798837911476904,20.081891073242243,87.56975041511484,590.2498057561331,0.13763864432752665,0.15749458006998715,0.152996123695082,0.06885452538767427,0.245778294475816,0.07258416331762275
0.001133454157245067,12.38060406751748,21.807185450385965,79.92178977476789,467.360491637366,0.08766353618589547,0.09467321171042259,0.059440564570083385,0.03714915745034471,0.19280253372375264,0.06400942317905249,0.2985253215424113,1.5051548514903514,2.1915945832058004,20.789085699378816,0.00709167680788255,0.02496044223400059,0.027170034703910682,0.012937121305853219,0.019536650198091896,0.004442808303390383,13.872981845822235,30.48189033587609,91.31179868502078,578.5449757028941,0.13016085198478727,0.24547798625789097,0.24442578365650752,0.12120060292065508,0.29706553720440765,0.09251625795617431
0.004426051171985659,10.49078157686369,18.592739172847335,66.83731833563758,335.5039203615782,0.10692134091902943,0.06714713230869518,0.02291834107920637,0.017622735391545866,0.148064018893505,0.06596864411794061,0.1484570868643423,1.5621225315867304,1.0249333725080938,9.875986268822212,0.00890161853357208,0.009285100110540368,0.018642775670124435,0.009202686072210283,0.017862288375206502,0.0033376409091449032,11.044546711185895,24.518608266610823,70.79032219442608,374.9557970279432,0.1413347665999676,0.10348988697194038,0.08335687038589255,0.06472326723220143,0.22162253393671708,0.07846441807069217
0.9943497441595527,12.323027153768589,26.84504508811331,81.06962877277991,479.8819168035044,0.10334988183063151,0.13505174242432175,0.10921903002108463,0.04548318713508334,0.19434706740738267,0.0693666881153612,0.40448750906576836,1.807935331988306,2.636236853273963,34.20414598244346,0.009095890834673924,0.0384504164496628,0.03746370360400739,0.013188839187283207,0.01881203964789082,0.005680379917332458,15.61273328066946,39.332436604301506,101.7469148732144,771.6493210652686,0.17834884150628771,0.4708256612047045,0.4432177214573566,0.14529773094245996,0.32154586884335185,0.1205471393831902
-0.0016187590246080717,13.66823376693637,16.088429246563386,87.52516994588063,584.697095498992,0.0829699890302666,0.06373741255081858,0.02547398548299486,0.02006277823660586,0.18689507581191353,0.05671254553001802,0.1709260511238758,0.5038861847821473,1.3768831637796297,13.909968297231602,0.0042287976481580865,0.015898519071786337,0.011465413158404252,0.006346958880807528,0.01931184846643006,0.002163391235421494,14.847041897521226,20.13329671496581,99.05113722923251,664.9376473449768,0.11044946828904165,0.20912859511110038,0.13683354352606308,0.06957745843355437,0.33240710121772976,0.07703230709574768
1.0016182192522578,15.75692143470336,20.24908297484012,102.68867597431192,757.8986865447422,0.10261255404005575,0.11990029857986685,0.11530196004543389,0.06471676291027881,0.19349474980936163,0.06307603999965428,0.34872621823351124,0.9204768384365706,2.240704202801303,32.241356926078836,0.004760908534686416,0.02358405631399368,0.024117767980053245,0.008711528210225776,0.0177005008687372,0.003122086097932839,19.59028309794922,30.28690505692546,125.87181187184311,1082.6393723243025,0.15512038539926476,0.44694799560295123,0.3965387778954529,0.14819911109338602,0.39878172508406995,0.10642558885172201
-0.004331255916099497,14.997617889228966,22.151395251043358,97.51434404946843,692.2306506881453,0.08516548156083144,0.10213542132220134,0.06875208747909656,0.039023202743864414,0.1942558540462888,0.05914130405595782,0.31741037842730635,1.3344128340207466,2.3033636507195374,28.116639684223003,0.004441739913453296,0.028062499170249257,0.03284864154175736,0.012004477924220784,0.019122008191180484,0.004001965050621427,16.770159709624043,31.584693606153742,110.62215923105605,859.516349743314,0.10757698025358937,0.33564492781203314,0.313933691154972,0.1302079905142291,0.3165078205577175,0.09249955375332275
1.0040419421366504,18.07585621419705,16.138525187833388,120.05990323342503,1004.7738283426617,0.10645958479965559,0.21490353294961437,0.16861704211472517,0.10780026829561346,0.2152143129741073,0.06671365219375218,0.9805930542042746,0.5476465737886835,6.311527644240733,134.79046262030533,0.007962951940074325,0.05836198539156781,0.04653535110602804,0.020711165313251775,0.02591031367175907,0.007040008368396423,22.387270021519157,18.964783092255978,150.51469037090698,1612.6104845607076,0.14780442203984342,0.5641954764364803,0.3790613093960855,0.210419559862809,0.3751910157206846,0.11080910846945584
1.0010087584772334,19.04209323552833,24.61377939523538,122.01751364924465,1074.3068920940375,0.0902786422903772,0.12046491528403318,0.14618481204804254,0.0827723439964473,0.1951477340737631,0.05621362208239138,0.5507487464163414,0.6689402468663043,3.0432612083417334,57.96192561617524,0.0038926031154224135,0.018515034928873304,0.037085104052551054,0.012031441398953945,0.019678981035867862,0.0033442701709211703,24.519242839347562,30.34604820048548,152.69385295427668,1625.2374437117685,0.12457958879821586,0.31892939748534094,0.5749818492254979,0.19579369203972696,0.39557975328692446,0.0928631426454291
1.0023184021759468,20.30734417009312,27.062317970409634,132.8192524591068,1285.8556386478945,0.10009906211958113,0.10847886570693044,0.15233179153282952,0.09310254341434035,0.1814599390891117,0.05572258926999537,0.3949149893180116,1.0343165774442409,2.591388661908966,52.57083575321271,0.005049605768987473,0.01560949412177939,0.0214050777910129,0.00815306829282173,0.012748597792016262,0.0018874585427158266,24.32835751478107,39.1329469696842,162.12116268030357,1846.9786250492687,0.15216063672262184,0.29322526225455237,0.37773160453579024,0.17044077538249938,0.3152143306433122,0.08008931938282281
0.9984364492485687,15.725009961758058,20.268935686813744,102.52689644231857,760.7036985531937,0.10260734461263502,0.1204664568851215,0.11454574156597881,0.06455293123607073,0.19350273063819784,0.06303094526690259,0.3472171837243016,0.9225154642930548,2.2555793766931065,32.06959704579384,0.00476440204381845,0.023704733464378475,0.023979384386350385,0.0086274293276646,0.017650329087274493,0.0031638707610684514,19.594700444211806,30.26116318525305,125.69281388079835,1085.7502844582702,0.15518873458288382,0.4485130817262269,0.39733294331979657,0.1482844684524521,0.3991703597157506,0.10660680263445078
1.0022285225577998,13.433590702151433,21.56935979977847,86.26387556536761,560.5789916986033,0.08156020039638576,0.060158697603947424,0.03149751136198642,0.0201581594452884,0.17859784802824216,0.05587670994165964,0.237882448163537,0.8289932086946437,1.5711893723198345,20.24259022301757,0.003289202995256153,0.010975466449925711,0.014003713225987742,0.006915822023216975,0.013862506023304433,0.0013057486623333976,15.89527248115797,30.25491919368008,102.70672666242028,786.0282944257712,0.10923040401537193,0.20405370828813793,0.20616144036168133,0.11133387647015282,0.2992124851209626,0.07147667194088501
0.0029260496557520364,13.644363117035445,16.33882073817668,87.02484542484778,572.4667251981346,0.07684689330777121,0.06045363945295147,0.018195020683388272,0.017362389183253245,0.13530095147580862,0.05960725821799663,0.18700748069935627,0.9255760868661435,1.4469259532559493,14.644611131014543,0.004478096969058534,0.011858749259774792,0.010698683858047982,0.00801063541599535,0.01325440188082133,0.002571682434423298,14.663112920794203,23.148823509232642,96.00206014389376,656.2979655944106,0.10908880324221026,0.15949734308691801,0.10450335768573454,0.086359809919305,0.23452337059581838,0.08024939009069076
0.0006377452416352092,11.195941131515179,29.367251682530853,70.81488775046856,386.10287825343124,0.07449660062142348,0.03579412545417846,8.15429760427494e-05,-0.00014930197974514315,0.10589140376700767,0.055065505861091046,0.3133783883919804,3.8948340844139175,2.044822040939214,22.333183868669266,0.007591172395799647,0.008873974541526514,0.0002756982268787761,-2.8320012823331925e-05,0.019894491427076732,0.0017836036693945627,11.909096347876293,38.35678903152327,75.23687277968811,444.3949450178864,0.09259582984407351,0.05547286237300567,-0.0003144672707329941,0.00019817747650376194,0.1564529403030735,0.059073744117612244
0.0006419156855833285,12.088392921054291,17.70010586433494,77.87664122186698,447.15723395873863,0.10282779473534531,0.09724353587662628,0.047992120724213945,0.03348251846513653,0.1936651192026402,0.06163879652793127,0.28429797818805413,1.652769222210694,1.848239273163811,22.44841673336323,0.008151025838801357,0.016476031550038767,0.0193435052500851,0.007495233975727783,0.020101371262134606,0.001791324360634493,13.540366896313621,25.8014692106116,88.72054430068377,565.1256955483144,0.1431703692570574,0.17755890716506761,0.15901497558442365,0.06249081303459695,0.30559079237576087,0.07074894438662095
1.000740345157343,18.465079224671957,18.535754354142096,121.00832052432949,1076.0103658083758,0.09873592314901712,0.10503778586086443,0.13342905743387376,0.08789595280326613,0.21301008212393985,0.06018471040615561,0.7024672103474315,1.474240718281883,4.787494152622594,80.55605389493309,0.0064644423280366126,0.016551215211860062,0.028216859768324137,0.014280139189773012,0.02370438302185135,0.003764441738364489,22.936976445703245,27.675842886949898,152.19795341380518,1605.6364687270745,0.13972610922885026,0.20801653411977447,0.31659444073548154,0.16377908067248886,0.3697888809023361,0.08586099053960472
-0.0023643035703907267,8.208877942674805,20.71547279689789,53.536024331006246,205.09996723633037,0.0940503897007874,0.130544625033007,0.1322863199127926,0.021537117251552402,0.2222573803275776,0.08259118303015674,0.19303402529757105,1.9632374709701288,1.274746795515258,10.586794204560277,0.012433749829404275,0.05412207885828751,0.07755261675719437,0.010223536437226758,0.023040162897038627,0.01177449040271447,9.104474417013407,29.773766062180698,58.21812014275384,250.89941272190683,0.16298982305216456,0.431424881675546,0.5378383502886932,0.07858062049849829,0.3318931887735927,0.14864094148609236
-0.00040401285519599327,11.48738521034386,18.46412374515497,73.43596057611909,406.6569263725688,0.09353347777210694,0.06019076289014649,0.026257306464972627,0.020414330852975872,0.18348333586727927,0.0593365210402033,0.39311963729471844,0.843864350354824,2.682744448650685,26.634672924954398,0.00638303568020183,0.010672154124765236,0.012155500134802412,0.009241986509873807,0.02297161728387141,0.0014867492048326939,12.982179561174865,22.45945827204474,83.22177800818751,513.3351940880178,0.11846321622421879,0.103797020182594,0.0802895745216056,0.06542526316338483,0.27464509914393515,0.06483098006416371
-0.0004176887078323233,14.646255571020875,16.8865723856524,94.22350273704342,670.2210176754288,0.08649839880145845,0.06733859908578253,0.05162106490288198,0.027965693272399714,0.14124885565359302,0.05352155757930933,0.22326951799752076,1.0049200222379164,1.4697807939023497,20.168910673312244,0.003543962455424836,0.01389726976867155,0.017855348210800447,0.006151599505711772,0.012658634019605292,0.0012253853435368425,16.43251299736593,25.453513249360785,105.88496309857472,830.1502728353693,0.1145085564533399,0.2081284676697206,0.24331089283431576,0.07834436157405371,0.2453628709042427,0.06604371244555692
0.0010499385580466463,12.851925926310843,18.034487431048966,83.05988511579685,506.76651154519436,0.09931589770332615,0.09526738315981892,0.03962943166050285,0.02334690661226477,0.1717121450878317,0.059988357353343326,0.2647087818348783,1.091248335124532,1.7856105765555195,20.329320078310946,0.005283796722724134,0.016689442843029888,0.02066150671796984,0.00818804414930202,0.017501046713874376,0.0028521438200669325,14.193682733499358,24.794654913942942,92.08713888051165,620.8015695442648,0.12899303288228084,0.2144649659030588,0.17352471702936897,0.07847479944163076,0.27790933146866387,0.07918176226407533
0.002738056410660707,11.254902868664452,14.771078120867223,71.30677938064808,386.2937060024868,0.08304433592062273,0.044851485463527234,0.0014568124184001613,0.003001118025445849,0.1772621651543094,0.06082309164092421,0.2170104789688315,0.9965127232055887,1.5458394464131442,15.001885600480893,0.005627555954834035,0.0070008512272829206,0.0008523931269231662,0.002929776902957847,0.01697238602759744,0.002032007034337572,12.767383496679413,22.013735252176495,81.91382511934471,492.27148003523223,0.11673574822185129,0.09722688102877078,0.005605574318574482,0.01658925849897193,0.2817843020187438,0.07408997805060427
-0.0028988409854364063,10.865487338626929,21.488876849800462,68.52013705770972,358.5052995308818,0.07435863460831346,0.04204289474616207,-0.00035042871690765473,0.000492439339683471,0.16601865505477495,0.05944008018609513,0.3163076573459045,1.3034234925157742,2.1249784797860176,20.388151592588613,0.009565527963050477,0.010963857286651417,-3.6482434637966907e-06,3.4627506901372255e-05,0.02992981058429849,0.0022554864350007196,11.645763657834054,24.749395706374536,74.34203854488568,409.04940510118655,0.10031415745716606,0.07417569528081369,-0.0008383829669768773,1.051070985230316e-05,0.24517590707744877,0.06595262914384356
-0.00034234194451148185,8.855114419088483,15.475161304780936,56.745191041128,237.53644639409987,0.08288715679541211,0.07750891132227411,0.047471806332780433,0.024124487060168245,0.19302996807978975,0.06625389998914853,0.5406633249633364,1.1946648236088724,4.254938062483456,30.30257648628441,0.010921488975758661,0.029032124118402027,0.03254345206438751,0.015109881910800834,0.028296742246846147,0.004151354797668522,10.03272931220066,17.773826875759475,65.15511297978186,301.4187430318323,0.1015310514702996,0.1267379421277145,0.09456028455956171,0.04782135237625675,0.24332491014529206,0.0743319930737052
0.0040570218935093065,8.724334208917256,16.84055574412206,55.25742872872041,234.3344954405034,0.10394309591294185,0.07395163439765189,-0.0003420529073283486,-6.764187395746286e-05,0.19855392641932737,0.07098375280735125,0.5179791926281591,2.0804327681160872,3.172766204439641,28.989116804167946,0.015812137694384585,0.01977330930897446,0.0002829963542016706,-3.802381981569151e-05,0.018717621318389843,0.006765034622568946,10.223029284624051,22.821369215914554,63.916524475360596,313.28876309523145,0.14619591910397292,0.13081185605055037,-6.060965700607773e-05,0.0005982425977480155,0.24431836767540804,0.08873912749041529
-0.0020363444106139515,11.918877938388132,21.15572884950807,76.38573456659485,433.55761091727686,0.09772356413198198,0.08158475735852469,0.02500437408906033,0.02172004868483212,0.20189245903688413,0.0628365765835302,0.27514178696875274,1.2057244742155104,1.9563228711714467,19.897294103879204,0.00987906428562193,0.030326449335207006,0.01626395905065917,0.009263051702980633,0.02253524019695558,0.002269059815412009,13.106017146490917,27.219267614643986,84.8771258538903,526.3043489004201,0.14269886733543918,0.2191758675280039,0.11503717354239534,0.08269827255536938,0.3075649694266478,0.07358716815131285
-0.0022517626852568556,11.686659480591754,15.488549876491188,75.00034290646319,419.36784560251624,0.11492902774880569,0.07261986685047901,0.04053613786607174,0.032603311537827806,0.2010534794856764,0.06505811671168438,0.3445055877874375,0.7466357521203768,2.361370482307221,24.737408633463012,0.009551097502256608,0.011097056548510377,0.016235827542060915,0.011243618073386448,0.019513872300995376,0.003077790744096754,13.033545687424924,18.127040057924535,83.97924379070601,518.2057438564933,0.14601796520218127,0.11112665583832355,0.10835494148787903,0.07830551575933298,0.27661723184331893,0.07804986371844844
0.0005540231367378043,14.577486717814596,24.028654265618428,94.37051369629711,666.7016882658122,0.08966994743638178,0.08664308147763708,0.030235149014085777,0.029385674568998828,0.16841283122731554,0.0586703148295555,0.371202292839628,1.1098959276742906,2.267183023759962,33.63780468580086,0.004853595337953008,0.01816704586495812,0.011513463924433632,0.008601240653674912,0.020878500285679325,0.0028811193111752034,16.126021798890623,29.14076156511286,102.81653825726495,808.4479922459506,0.11154371180599747,0.17667379247003598,0.09258290242448393,0.06879141631219049,0.25217552421142037,0.07241618999487798
1.0023123806919265,19.65260459593496,21.24481195605369,129.92854484173043,1204.0924609868946,0.10970594302036962,0.16007125978963757,0.19782687866755125,0.12815652944442638,0.20703932971984443,0.060025682635265885,0.7457090290047275,0.7853795994568945,4.587884434831791,93.82345299106227,0.006139610827187554,0.03988585401010644,0.03830886902759026,0.020561874048568348,0.02256446514311979,0.004544926517335407,23.5945082256828,25.484167645157616,152.02450432891777,1703.5886782361044,0.14417274307856087,0.4231968989885463,0.4510842910397311,0.243252642609604,0.36126082850130015,0.08758016182125171
1.000031290684111,15.460584677094468,23.978402377516066,103.9265309725435,732.7449159891592,0.11828854796699223,0.1867057387495405,0.20288360460081076,0.08527953537770484,0.18077608064240294,0.0708176211534126,0.334390888322032,1.957868893469742,2.923892581203912,32.238429776182734,0.009556661243064824,0.04912251934073197,0.05979823742261883,0.02044708846979958,0.02104131991635967,0.006010324105187485,17.13133975886753,36.27710006404341,117.65436749790913,915.7160883173914,0.17323644751594897,0.49669954220158996,0.5908249571595686,0.21598040029656074,0.3016374339172216,0.10673371532370728
1.0036394087014855,13.280620977583775,20.22834979970585,87.13070181931135,543.3471890845065,0.10422009469115517,0.1434487479843288,0.09837256874803814,0.0616364090898899,0.19739830037570663,0.06785036929605039,0.3703811387117325,0.8254888477124219,2.4396173460629735,31.633119258603653,0.005063518466551597,0.021328623074386144,0.02201165849442373,0.009600538565627367,0.017172400939627266,0.0033006008031628326,17.3700273957239,27.98113335801439,113.00065613996652,901.9773520872919,0.152807387700877,0.37243767539843137,0.3672094364454661,0.14951877214391604,0.3739955108271838,0.1027448927520187
0.00234636263706483,13.687637770545312,16.022074051456418,87.8137765007147,577.1117288433276,0.08298239532164055,0.06396624765604798,0.025748717633558963,0.02046109801046006,0.18715550477725582,0.05669686448570278,0.17004452614669935,0.5071710003316644,1.3622168516255235,13.83988887177102,0.004227203317815478,0.015868178476971008,0.011922739971008497,0.006318481088891045,0.019433114815912055,0.002179664001770631,14.875995144977967,20.27597876170412,99.31450144171005,666.6200705764824,0.11029721630393616,0.21115534903775057,0.1334279497930394,0.0703838897273569,0.33231312345478864,0.07703797126834858
0.00230535600421177,10.594387161942748,20.238937129884192,70.03659355567832,338.37324194208105,0.09075131990819711,0.16630486951112616,0.22826768062954805,0.05978894283115619,0.2191428471269374,0.08445176297036322,0.11113923986094387,1.2287102874543314,2.3637598595299774,7.532560660956774,0.00848395650535121,0.07642390836480226,0.1529495337996362,0.029197801902604594,0.016142703879029285,0.012217914258521692,10.850013365910122,22.884068198287494,76.59272179214513,349.8380711917988,0.11432406533921702,0.3603481046057772,0.6018649878534483,0.1459321792488252,0.2597468454447969,0.11999157722677396
0.001517468938557799,11.656315769895917,16.671438858050415,74.73540444739395,423.94427950205574,0.10527517423412049,0.06092951917331508,0.03553941411917671,0.02603760226461393,0.13378457049071424,0.0593980907932459,0.45032771506117875,2.507506297356142,3.2492208997870144,34.47803476619885,0.006590381559247044,0.01385853324595922,0.026432899176273943,0.013025603160502356,0.013565044463585264,0.0036963859070450328,13.333604850734199,25.46476736137327,86.02160826916868,551.043320526612,0.12696099719236267,0.10255715822250233,0.10429949305592512,0.0698836894169339,0.17178161014869728,0.07352250533193037
0.00637436580768248,12.907952383790668,15.925959416630429,83.68623568651107,508.50599047373964,0.08669258590080992,0.09510293404311772,0.04927056028131534,0.030855136350613342,0.17784209292078632,0.06239117620162184,0.21606244098639946,0.7656156340822725,1.6834072812990917,16.707878267947414,0.00533658646950521,0.015579205233678688,0.015074936728940046,0.007551101902008656,0.021057912766273133,0.0018827654675077866,14.436726034367918,21.79724071465843,97.08032182515787,644.5491951506071,0.13119911242222204,0.25591366000617155,0.21079112490836474,0.1016753512227491,0.35495470316427896,0.08111742430227273
-0.0005618430230688834,14.071361691050056,15.948438156249779,89.98438567785747,610.841193928941,0.08444105594695495,0.05916963610356377,0.035392214657642994,0.029771848484288387,0.17129400672923573,0.05902386945139863,0.3882402788100553,1.048614502704597,2.659210270024139,32.67686114700212,0.007986984199804906,0.012847572385799614,0.01624666887737862,0.009050561571247407,0.020058058373080098,0.0028094141281804225,15.678143406297885,21.524625449256263,101.1541160557537,749.190172186399,0.11951727237822041,0.1249909730249886,0.11189525284899111,0.07490474330123538,0.27233702256951664,0.07257009041250675
0.9945132786360736,25.197348375440104,24.90944714949798,171.57008175533372,1878.028003062153,0.10639419468944845,0.2665381717903383,0.33332150339821226,0.18471281630732167,0.1831522780225113,0.06783184451353577,0.8963382111369326,1.471824920569841,7.38305885054005,120.13593495394066,0.008173990212816704,0.05689181416530066,0.0571829712357601,0.020301153819766903,0.01074270403211394,0.005886866138963306,29.992672127446376,33.62263412360384,211.99060658817126,2559.3674539005233,0.15732283897075133,0.6074518642480358,0.6472706559071286,0.28592907376453436,0.23489522855396827,0.10517081347668072
0.004393311076878205,10.502371536402915,20.23767388173486,68.45852245233667,333.77185901224493,0.11213946710376385,0.12992537188483924,0.06468176152502318,0.030609399292040828,0.1923252935667964,0.07787486346265901,0.3341457221215983,1.8599021897681343,2.0352767439847192,19.906816855372366,0.011881093879124836,0.03747310694541999,0.04572117754074666,0.015404478992193996,0.022889085641542253,0.006832655115765055,11.173078675380493,22.755469148355225,72.4591829445451,369.83011942852306,0.12988719340397947,0.20417959409442932,0.131346825972668,0.061046076506140384,0.237845728238223,0.09015536854871875
-0.0012534271547822676,12.784878067108302,17.4796119843491,83.14285906350014,506.68137520392224,0.0804384840319468,0.08871454442801137,0.07453617066799846,0.04083114077864417,0.15730416063089717,0.057538757113394734,0.36609741251878364,1.2609734591597443,2.6562789630210757,30.49403352584561,0.005413205304812522,0.03479133270924556,0.045615002970878324,0.013813696613675128,0.018740063599264816,0.004079286974577021,13.746615997430164,21.086653459286424,90.57923734411268,594.7617845570579,0.09545212797272767,0.18039370279415423,0.18975681477026243,0.08248922418497427,0.19865204606561276,0.07054718941430305
1.0002954346657738,21.73203694238009,20.99403819903254,147.19283306914113,1489.926339663515,0.09396710336762769,0.19616809602646926,0.22027218318728395,0.10884297475807359,0.17217242100619176,0.061965075931492,1.1686485503041084,1.3503564299682769,8.847843742125328,156.94320456727306,0.005674885736087943,0.049527049368710475,0.06318373232853342,0.015570872494725548,0.01919340954766787,0.00460981874629239,28.19509147670776,28.21074322507007,195.6792842672434,2386.65251312239,0.12718886618191716,0.4709214322361517,0.5833727943884414,0.18429250278522533,0.28326566618547616,0.0886517055827468
0.0035862539429784316,15.70344698484315,13.919552629961753,101.92017713539653,761.3480550154196,0.09463963291125857,0.09497203105996561,0.07168038657818161,0.059409582100880126,0.18163640804858674,0.05719657252178862,0.30989916335232653,0.8147109130234943,1.9591935484031395,27.91037741119614,0.005236174042316683,0.015233330014538098,0.016902998363528533,0.012696717948522939,0.0167128392179969,0.0023203387646955165,17.498713639918837,19.24333552610501,114.01015946909295,927.2918808122556,0.12235503270432489,0.19435600303538017,0.17028849315841477,0.1375519974543974,0.2721239789659516,0.07067757829729716
-0.004387848185814488,14.228671229123064,20.520611065075038,92.4534143686072,618.5806895771929,0.08924040871318065,0.11126802487468533,0.05008176781556384,0.03028161082459538,0.15052700965564386,0.06015350989487702,0.3474201167518783,1.0179681339692677,2.7501458665370233,30.845740804199252,0.004118368576353712,0.03282255788833391,0.02795778445962998,0.013427713046311868,0.016068557365771764,0.0027433266318075515,16.47213457500522,27.278770120866305,112.16004029885617,829.8179483408285,0.1151507210656199,0.3420446390580531,0.24998994824749107,0.1329078725289257,0.2535112425102926,0.07844124956373479
-0.0034276831043650526,13.496904152331853,28.159335337367096,85.82197065068102,563.3035187987417,0.07515682610702094,0.04748576926210029,0.012935957042237212,0.010830724781977817,0.1422071157857058,0.057649671873625546,0.16756129166890893,1.1513539436975833,1.4100323748138048,15.033415722803124,0.004931694249450928,0.011949603055377974,0.007201140261515504,0.005141836765770815,0.014437198358395624,0.0016860540714288134,14.684403250367785,35.60634817096392,97.14968154021338,671.824809768537,0.11077775019538069,0.14580205214742828,0.07914102710005148,0.05769937165416911,0.26921989649224604,0.07051357412355154
-0.004385160026401322,11.593252616610036,18.366130602079206,74.00351950977891,414.85087444820084,0.0851129321778271,0.05863320586933488,0.03406187792146603,0.017574815269038768,0.15165500226982503,0.058575847191228374,0.18121517314225324,0.7696614854665695,1.2972649841508928,12.876834805878136,0.006709592086779701,0.016959861159453447,0.020971379159482714,0.007428559419217579,0.02126994366697163,0.0027613810524152326,12.72905137643837,24.03812922286654,82.93086806499551,490.9663783239191,0.1343369086657231,0.1801190102864634,0.18570208926796883,0.08317445810887046,0.32071028954304914,0.0786803066126947
0.997825227817227,15.81826338422887,17.910118428949385,103.49285268531825,780.4142560365376,0.09702617902150727,0.12941687335203,0.0998742366946282,0.06584780219657843,0.18423047458148065,0.06079548743616444,0.508108004324027,0.9869679218752402,3.580074004555432,54.260594346493505,0.0057665388829853175,0.040709358561559,0.027967299638875804,0.012835393941651691,0.020082168808128586,0.00415237195811057,20.436010163732593,27.262877104103985,136.70366700339574,1300.5439727285154,0.13972104838501465,0.5604853628132785,0.3955339475941924,0.18105441694945348,0.3793940857386585,0.10463717033723838
0.0012039614274066976,12.580714558205731,18.36250784295161,79.7443736610573,488.092261577332,0.08387874498400331,0.041966893949805045,0.0022215235506787097,0.0027823885170693784,0.16969407745353282,0.05855941899050732,0.26985353528283396,1.3527155061978908,1.7136566158047821,22.356617302258492,0.006366229500638202,0.00799572425441234,0.0020693156944612805,0.00285777133528142,0.02581469517987484,0.0019999408848839955,13.477234935785319,23.095510179020216,86.02880099405338,562.8720622954075,0.10370052234921964,0.06584903941516179,0.00869102321553951,0.008825788452432719,0.25093382456021357,0.06417549978781766
0.001435508178401566,10.91522311425014,15.604261461145342,70.31919630076656,359.7709228859521,0.10067456717773997,0.10685562086573437,0.05131730675930132,0.015849606962939487,0.18616090071201938,0.06830870450242431,0.14587120118539473,0.5420813234090971,1.2985640271839216,9.34822054253204,0.004476640732163932,0.03086579895485093,0.0274491485923536,0.006692165664471899,0.012182103186723255,0.004656862857709727,11.902735846718718,19.362777265216668,80.7655527990578,431.2439233920549,0.13313193108588015,0.3897583581086688,0.33688108499405167,0.07952577658418293,0.25774924899488777,0.10804981864821663
1.0007565872603592,14.188126084386534,23.78245791224992,92.7917483723223,611.915564768471,0.09452539261740533,0.13036131319758676,0.11146664931165517,0.06458284340469105,0.2235324085983401,0.06435566445551942,0.41950809358359725,1.8466078801638266,3.5229508822851563,31.356995412610797,0.010873823831465864,0.037185609689713225,0.0366995815662888,0.01633023268737285,0.04504119868523727,0.004773847008945177,16.831234516417762,34.852322639617476,114.94904857250064,807.6358632444405,0.15577664224773302,0.4054430585887822,0.374955253591186,0.17681058320888404,0.4724772092538937,0.10257934727361018
0.9961310873414922,15.302632313623047,25.24702928748176,102.55206442027063,731.5359529482123,0.10816906318525238,0.169338336039333,0.168019806388211,0.08755319772274953,0.19260834888887277,0.0653650224231503,0.43941330714388643,1.011896401693535,3.5081401251308786,43.81821881410405,0.00521884084030278,0.030768076344301877,0.03606876258735255,0.010891478468668265,0.017713238991995242,0.002948542024201899,20.27797285013704,36.736821688659724,149.0457164269901,1272.1472203844655,0.1640180998189887,0.6100820177798234,0.6329475813521079,0.20239372786153442,0.40209649399065606,0.09869543108253756
0.9936736946083197,19.007340602711313,18.911272605328858,123.48698897237117,1139.572861520195,0.08217869741101816,0.08037660329966362,0.09183587471971798,0.056000709918098045,0.19450943528864767,0.05045359413837732,0.6904929792345721,1.3448480052142022,5.237467341084821,81.41184076513242,0.004406013157090429,0.027329383128208082,0.040054423339965554,0.013543654728449327,0.020376688989923387,0.002697514377925222,22.317284002787723,25.676987225432686,148.33622888504723,1539.5151483480668,0.101925439320825,0.22647415059528284,0.3200090936026904,0.12181915693673866,0.2836328659071296,0.06536408850312003
1.0001488493436526,15.143847693024616,25.690401260254173,98.23655716308018,718.5493481838505,0.10237074795806593,0.09774372882821532,0.12365642757703285,0.06542846008300371,0.16493930053352363,0.06462086663816136,0.6540292860812973,1.5090283420722357,4.155968374616942,63.29020706976696,0.01049675454995282,0.02442405678246244,0.04940397066438534,0.017470962945386255,0.021137505856506617,0.004866774446534021,18.449987225519425,33.18405107183315,121.22318158723041,1051.6646017300036,0.1659827598929777,0.23652290775152823,0.4041265923164549,0.15282625477185208,0.2652134788207684,0.09424350742690793
-0.0012919764621545768,9.312098182408253,13.91461668015105,60.273710562554406,260.37042093235556,0.13708013180433015,0.12269915963384087,0.03340568968361641,0.024339169503679942,0.21955159342132477,0.07695030095541694,0.3554912678187358,1.131830440089777,2.38445714345937,19.568208894226206,0.015454478866752499,0.025495775369361137,0.02226963753265035,0.015763667260532046,0.0400295939453634,0.003872129301158972,10.559204088339333,17.830883455769378,67.96736730311528,324.49562276581383,0.18507899623540888,0.20981106727122092,0.09795565316747454,0.0728761320986007,0.36845953994289465,0.08986495762460797
1.0012580452625568,16.015794499165334,15.52793812260759,105.6574084861435,796.7388102334472,0.09490854294567869,0.13725816627544707,0.12065680068428906,0.07054086200273237,0.1782604177677351,0.059732236070111445,0.3345637348401113,0.7434946208488852,2.6419446116706298,33.55441701482047,0.005837735089872852,0.032394014472190355,0.03734516409025491,0.014546166674509213,0.014626890544300285,0.0031227294711603047,18.792901659010635,21.931279010534762,124.07722295994522,1070.5855028879803,0.14340204950289662,0.44727277109287,0.4942331067625177,0.19813157482824045,0.3016533057116537,0.0911651521816196
1.0019223264810801,16.369462449298766,23.284024966878995,109.00974192689067,838.6758554508773,0.09737199127499925,0.1497702752412288,0.18048397235080346,0.08757062729554106,0.21745475539738338,0.06217408600312357,0.4329094669540262,1.019625156448257,2.9571909817134596,45.427198665310826,0.005621988927153439,0.039172462071962184,0.060563928653818815,0.016555831350914443,0.03194545675474904,0.00405838414829177,19.36730073576478,31.016265263917383,129.36876277334758,1160.5568938387155,0.14148869511744167,0.4663935320292609,0.7084042131136848,0.22520264351425487,0.48214145914098355,0.09609028181434322
0.0003785793757621795,12.822732546041982,15.670971076297581,82.7272820293517,506.9276570585357,0.09045059453061104,0.08285120871199239,0.05864707299791685,0.030815558242271914,0.17074859428072536,0.05919930362931701,0.14945103910474541,0.4867242823451279,1.2007998260589345,11.509850157356968,0.004882673038113386,0.01784144117383842,0.03299472145733351,0.008405124851205465,0.016034415093639846,0.002299951225347299,14.08534356163363,19.33735341115439,93.26013062204815,605.3688035391651,0.1325724885677973,0.25922709636042585,0.34921588488360417,0.09769212454773211,0.30061143246101313,0.07805218190853902
0.002081653124336956,10.640163303350645,25.19629003213669,67.90242439681671,347.022442309514,0.09667513178224454,0.07232763801482965,0.024736254384925254,0.016633644751535698,0.18957235319255766,0.06334080485769907,0.25075228216864937,1.495200315662113,1.5095013719463,17.025216541181067,0.007188025671152046,0.010331055072885582,0.010762335956711475,0.006267030214351453,0.021633633044295445,0.0026150717105512047,12.27934932619738,35.23421167370971,78.00719090168421,447.30401108894756,0.15003164642666575,0.13967947737615588,0.1120520687449279,0.060828971882676955,0.3409117480984003,0.08144618478128603
0.0006277039932083394,12.018249377467315,28.25933713247961,76.68283308977303,442.30483626625426,0.08433600147493356,0.06461958263940143,0.0405861314922904,0.019446129270104383,0.1613961197321182,0.0610530025108769,0.18929620258222982,1.7049397542408917,1.5168006465517814,13.850190208609087,0.007342575219756644,0.025832114766692862,0.029116140772349162,0.009139727216216956,0.01739983067231992,0.004331236733639132,13.112384722338074,37.88481158398883,84.93637457616448,518.4918305055226,0.12072369211399434,0.18525386795317988,0.18159772721346126,0.07133543254956826,0.2444512701294958,0.08187460766921692
1.0014516021888067,18.310624358106942,20.513897105692635,120.65375102068359,1050.707984450145,0.10683552265451411,0.12458969224046668,0.1568715990275172,0.09435753095681272,0.18586298110425503,0.05940907219044037,0.5449071303956957,0.9257085715923679,3.223631764126082,67.7238575319921,0.006173281088297961,0.018732757096280733,0.028911780696942332,0.010485901476248807,0.015567709298877293,0.002741920725699995,21.88875163197971,26.234750987213406,142.432594672639,1491.9295086804805,0.14912823068829598,0.25279296361102227,0.3759331641635927,0.15104647503805357,0.3080292355489007,0.07844537869224
-0.001929774308619253,10.445595233775384,15.451730615305825,66.47447975147188,326.64377202135506,0.10528245698999719,0.07732707515560226,0.00678531609477148,0.012121780317134623,0.17884570014291573,0.06453096583029709,0.19163988441951132,0.9064119775847999,1.2260222650064139,11.572277685024467,0.006501299742475282,0.00799167946907596,0.0029632975415598193,0.004889570842993427,0.015024241693503708,0.0028042470159913937,11.441981545208344,19.810183789682874,73.8709759830688,403.2884577273952,0.13399444253514983,0.11464976270474053,0.027940356057833148,0.04482274246346926,0.26141593280906195,0.08272409738111314
-0.0004918726312037338,11.140280895015186,14.041921660428628,71.22003940235616,384.78442957668574,0.0727667583017513,0.06083358880314287,0.045986026094687917,0.01473027469713127,0.16880601115580046,0.06087144802429851,0.4238625914813774,0.8125844053631123,3.3499415140669813,28.946617717765914,0.005542696322011723,0.03384346068137819,0.045197344697305755,0.014682338344269354,0.03101189489722553,0.0047990836600375775,12.16878058563577,15.801917202569213,79.40285146479769,447.5192088402463,0.08849807373224265,0.12524532594457072,0.11820463337652891,0.03875500845281241,0.2576359837542481,0.07018733060385407
0.0005388787625238629,14.266760316237344,18.18914490104514,91.05167667183152,631.5709931370313,0.06587463488884285,0.05200604518850809,0.024278542261903367,0.013706749953252407,0.16343239201411275,0.05582956174015847,0.22771955140350428,0.6724023836130464,1.6603657856654552,20.98612995355366,0.003150230738202652,0.013819199755756614,0.010551839537888168,0.005212731945757133,0.011067142061613133,0.0019450736413186842,16.23790803193878,25.26451394751449,105.94089629084202,815.5697073868745,0.09451602604150873,0.21755804387557479,0.1573802295899078,0.07595855048125934,0.2634727161299045,0.07671198607412572
0.0022470481779063036,9.181535495779986,13.84393553704068,59.31650157535253,261.0711246876362,0.07724724031960485,0.08752501174225233,0.059973590280532,0.02179310341713996,0.23379590709901316,0.06962715949366106,0.40984423870155934,2.262073303734445,2.6025512853187083,23.526121283354158,0.008746018584933039,0.039368954130476655,0.04327341975482264,0.01560287733860256,0.042069429325904455,0.005802710973516467,10.079264877559769,19.254623622434202,65.02718259377765,310.81997210865404,0.09834314232037761,0.16874415631873846,0.1394621121239828,0.05113128139849636,0.32833938311413685,0.08480372862153453
-0.001078275050922303,12.141095765142982,20.529612161595495,77.09303608828294,457.11987495027,0.08000016359935903,0.04019939068020861,0.023461704680384814,0.017382508516287788,0.17393396747256423,0.056703169426948,0.19083884808076973,1.5723621367565765,1.173584301836934,14.625680475481476,0.005066069570080966,0.0059256567592786144,0.010793086585633082,0.006789548524322753,0.014488236359381176,0.0015608364071525464,13.317985685166565,32.88028626649162,84.71075917707769,553.6767677801091,0.11230683858790078,0.08781757623076507,0.11560618361163685,0.07420409152031611,0.2697912349008576,0.068781184367141
1.0014272361867533,17.03338819946329,23.993455236600965,113.18868154917283,897.1117098028457,0.11973323822907946,0.14944751181264504,0.24144806801903274,0.12008826585195229,0.2247293280975284,0.06386119609132995,0.6016271751352175,1.3962853776021318,4.008998911330634,67.53973238798075,0.008281649239386164,0.030751028381936465,0.05076261035900941,0.011114802647553523,0.020988026128475216,0.003853837086317703,20.830377265617066,32.08553354069851,135.73425629717843,1344.6714736269578,0.1635590360861474,0.35545208886062785,0.557820119010538,0.1843559948263298,0.3535270491252302,0.08486458812279267
0.9992719904416646,14.25027601117079,22.59369333783376,93.7075545467861,630.266247364156,0.10389026123752174,0.11507419514434103,0.1462771603717018,0.061357153159999414,0.19238976274047354,0.059895746387743004,0.2038180553170815,1.84634585858995,1.8809603219198328,18.762694544239846,0.006107968961163336,0.025689546249278238,0.046579143529906615,0.012753581169453004,0.014453614538043353,0.0037707427743742306,15.290203124238115,34.214384130153526,104.19733281944562,730.632017179534,0.13816620278111555,0.272874124367503,0.4234291746948398,0.13659611427640567,0.26955851402054615,0.08351907209405979
-0.00032189365858079294,14.83103123271934,16.935170958433442,94.89996306868635,674.0003297332288,0.08922377635432735,0.07110659690221452,0.03408053178030821,0.028733648696215284,0.15745337825437647,0.05703293748100709,0.3046516429670774,0.6674886734484523,1.6094149866101166,23.761544396051526,0.00577179422847793,0.01667256100351986,0.0148502040774668,0.008281823195225212,0.015495854628360395,0.0021634981125143588,16.30225114220258,20.48201125975894,102.04321347687602,776.3787198144234,0.12159460049604774,0.1556999040548202,0.12187739952262143,0.07930483325609791,0.25284873222021326,0.06842201365110448
0.0022716691836569577,13.368826802507053,16.398948046218987,85.92079983668513,554.6527553662647,0.0712228930753359,0.07355864640784135,0.0817494757109848,0.02787546456625993,0.14201524877582053,0.058152053292943914,0.1631303399398676,1.143738790279023,1.2240509965118846,14.640492923350992,0.005902312557333,0.03274652681434,0.049678254329893035,0.010399843283392442,0.012039108304261886,0.004073162262823252,14.278393820689223,22.73898112051158,91.94783314072741,630.4040772833297,0.10258082987935777,0.25322579975335985,0.3296010632061956,0.09061159825015297,0.2049741390376135,0.07634540357757738
0.9945419290013595,15.301686769464832,25.23466282668099,102.63602424237953,736.7498094389433,0.10814947480359008,0.16985565293812327,0.1685063992026912,0.0874710652043429,0.1927125946695727,0.06542233448686605,0.44033385028989497,1.0133003470071908,3.4928519323646072,43.24599834919723,0.00522292516532946,0.030593715397758823,0.035982357057069286,0.010835486109946484,0.017700333853925394,0.002966484676300503,20.300248016901197,36.631078248515806,149.4640417912139,1269.2729581213282,0.16412815380920495,0.6110802227915061,0.6319685954194478,0.2021744989444362,0.40300873347086974,0.09875004405259796
-0.0035504383696425834,13.736070837738245,23.79832611373693,88.69487402642392,590.5517986247413,0.08032123972243227,0.06864119232824706,0.04679655313386224,0.023453420444047576,0.17720095478398096,0.05425683744112061,0.4366577082891741,1.062694840756489,2.831863869689807,40.25033460368911,0.004356662478870925,0.026597212091944437,0.033417938482278337,0.010059553508268902,0.02599965853064402,0.003104477106136189,15.007543580664713,26.400598270912393,97.63676766382491,703.8136295920726,0.09362240761366582,0.14466363344663447,0.1352058141324915,0.06169270159248924,0.26627089262067316,0.06327851279624847
0.9959409793853298,13.186691383842687,21.791903549495178,85.46107595216208,532.4652995220708,0.09715033535977412,0.10464519018765499,0.08373807170171443,0.052715629792899066,0.17482627495812764,0.0617456679255316,0.1914361272235634,0.6128001946510675,1.3602469623522906,14.727620278401977,0.0033673990732928033,0.013862819254311584,0.014492374798411646,0.006867759392547861,0.01110985670237622,0.0017249219208374056,16.22322658010214,29.91015098417023,105.4296970252782,743.1055089935986,0.1503408848645958,0.38988436233061924,0.3729554007371741,0.16063216128809307,0.3692407454306293,0.09618451589421592
-0.0063906957614972655,11.273042235770738,18.176656749620314,73.74368056571625,387.25568226558363,0.09579140366212154,0.1333780666195325,0.15460308278274748,0.028518178010380826,0.2055058988185921,0.07671298321581198,0.24368088127528223,1.6489084062554,2.3677554778522105,16.383501366039052,0.006687773620292654,0.05909654249136059,0.08879115436664377,0.0131703500532217,0.020036326175289748,0.00865830006399833,12.594709108765198,27.938541459627103,87.0596011384519,467.5651041366477,0.13448460037039792,0.4859791674777626,0.7426947148805463,0.12238130655548289,0.33109643466187993,0.1297041939199211
-0.0018574527515501436,13.641826481439345,13.159470609553917,87.90914408909869,566.3390891976467,0.09644244572568293,0.08704410236118885,0.03861695400272976,0.025717784232209554,0.13585757987878605,0.06344933720532374,0.21157885460937026,0.4341010161635892,1.3865437645694623,17.162531232457027,0.004133614895088393,0.01684478208391019,0.01646469036553259,0.006638572770312949,0.013678015217596264,0.002760626610209273,15.332787022640927,16.312541051619842,100.01920363207708,709.1559056231979,0.13128249286279361,0.24739849163168814,0.1755052241259431,0.08028975817184844,0.23830244685335253,0.08730030348696291
1.0020523530008971,20.428252726299544,21.742810874229903,133.64485892288258,1296.149787545587,0.09159421314865655,0.11317390973731542,0.09717252091749039,0.07773087300228444,0.16167043174037385,0.05555209586331992,0.5777278123297674,0.9168634458876818,4.228391592034068,72.75601636738394,0.006235317514159713,0.019128584233513303,0.02385072292353896,0.014607817667767392,0.014444805913871686,0.001901375159772348,24.300433051295165,26.404706748658548,161.28443893801526,1780.1305699407726,0.13276424921507124,0.2368600087578106,0.2679445412710993,0.17650692692274458,0.26139602071323004,0.06726665958702416
-0.0007801657607968415,13.049064288565786,18.595443625693505,85.29230523446746,510.16230035689256,0.10806018117234667,0.13028479456487838,0.09667299283214266,0.05615583457907569,0.20358555047395852,0.06498617205708669,0.3088582565184392,1.5063891917052874,2.5924520609205874,21.494708715186253,0.00780269422704162,0.03939561874105813,0.05126394795668627,0.01880268601990349,0.02862779733946166,0.00570780534056188,14.219184526868109,24.812406373921785,93.98977318226784,590.4868495835443,0.13419204988210762,0.26560146127092704,0.25685669383216925,0.12609593992417528,0.311362899921185,0.083172163152
0.000541655599471158,12.055601025727372,14.653021041198231,78.15194566330521,447.2225796934064,0.10300632463252239,0.09102783386068058,0.06636594136184439,0.027572643274360875,0.16746293040612523,0.060434615745599725,0.2649564774389621,0.7325343287651718,1.8627311349603128,19.64260159123398,0.005504332837134421,0.014357716194650674,0.0233090075908645,0.005619486876384279,0.014318795683828047,0.0023773097087022455,13.795449601919312,20.665627191927452,89.78782957206805,577.1431707175827,0.14932695877579635,0.21666508110143137,0.3062242341052328,0.06572347340256925,0.27466612941601576,0.08312040593858783
0.002982863196895816,14.55975633793184,13.666970415204965,94.3032032328538,658.7221942102827,0.09824444217123249,0.08942201288705967,0.08333355992936677,0.043680439665352525,0.1738760747668107,0.056384980546164365,0.4147744612863588,0.6222828578807365,2.5626855243942246,36.74744021262357,0.004938994774089367,0.018063764065400566,0.030309849421447484,0.00871430098866751,0.0154455621129844,0.002291019950309208,16.790502339462744,17.214143566313876,108.80432527935892,858.7458370300619,0.12208749960466102,0.19243243733782187,0.25004341253203943,0.09226479607919488,0.2618207176967896,0.07050867454464878
0.0036359185497199025,13.314547312559059,21.532191884814612,84.90294678036487,545.9205195506429,0.0858153641844622,0.06369700724909745,0.032800032267758454,0.024396928278390448,0.18167974584158347,0.05691931248472869,0.2618434347311069,1.537173844704982,2.0254574690096008,20.847091205461677,0.005504246149142655,0.020559020620548988,0.017783054479418147,0.006349802243722843,0.018308635415865724,0.0019575954323491304,14.195266088926362,29.203851307925543,93.07970749467087,625.1810699482554,0.11396082777337851,0.16752095365988903,0.1210960392848496,0.05596073615313061,0.26318955221020757,0.06654575161917817
-0.00018933684193171246,12.861265410830125,13.31705393464842,82.68395221112746,503.0040366006576,0.11337322490029085,0.08885457804946695,0.03867158444181133,0.03412949458672078,0.1541942229201829,0.06474780137347086,0.2211422800287106,1.045616002649035,1.595744154085412,16.27070489905833,0.005875191465168164,0.020114373102521076,0.01926896399555083,0.010097312025651018,0.012065704448409393,0.0031085782641220388,13.979787266944328,21.100956580587486,92.62042227758909,598.8071820951122,0.15463976986860545,0.22255934842745917,0.17939141448530888,0.11553118757915,0.23807510098103787,0.08537166715430028
1.003706846011955,15.01200001139261,19.08765671674954,97.35514628931922,701.2931115901348,0.09225243450012945,0.08603926301443514,0.07489230206139876,0.04332835272545952,0.15611289826651586,0.05916245647087187,0.3870293284892388,1.2012688388468031,2.613422540555384,38.361853196854575,0.004935327900320392,0.016360409866278517,0.029749358352653524,0.009388092004461702,0.01149107428417953,0.001711637632741117,17.575829545077447,28.100261654120803,113.74776936261911,967.924642225842,0.12443466690318514,0.2094380345938438,0.28560938076161574,0.11245908459525385,0.22785118422214626,0.0693293101810402
0.0002522923288745707,10.440661434070162,14.935312905513074,67.65779282419581,336.04642423869177,0.09822987038241503,0.10137833865458289,0.06372126265411912,0.022233875292652763,0.19263487276746916,0.06914346705289016,0.3266985668547936,1.1301949758758925,2.5452122190693616,20.92316378942855,0.007370937004679,0.03862277107396713,0.052398864933593345,0.012720379867285431,0.021649927607270296,0.004820914788950999,12.1086707715452,21.6052756371999,81.36402001003263,437.478818534644,0.13279690859482357,0.30017026429441723,0.2958428675085807,0.09284064811006594,0.30225791679118813,0.09665267109835458
-0.0022932466202056296,11.149752565385965,13.05442574136693,71.02344483271814,380.29609464172125,0.0975762602511963,0.05086673381238373,0.019061089256579445,0.018093922738511597,0.1831143146214597,0.06099815161615574,0.22411520052986614,0.7804777920249157,1.432882413378473,15.402760562761085,0.00899949100684658,0.008964295018824444,0.011916050094516017,0.008213507971438378,0.02391934689031429,0.001613162705077855,11.986349594289422,16.300026118503247,76.14478757512954,440.70350110793066,0.13425930509294015,0.0889543946297672,0.0736330934018558,0.05527054724976124,0.2854849849924012,0.06774863011752005
-0.0016277877835690758,14.585561842444632,22.700857519260694,96.16975764731156,654.3266296644705,0.08474066198309804,0.1331212067495251,0.1035761491221406,0.03721657377676127,0.14537744942863093,0.0615062795119884,0.22554229364891928,1.1078561313871258,2.2100578182388575,19.61318472206603,0.004248346472462146,0.046166185562628935,0.06538442548130383,0.01604160014216633,0.016445795808656308,0.0044133153403289075,15.46111579365509,27.304450288670164,105.56553603582779,728.9426842116761,0.10259658625078077,0.3178111388368939,0.36639713300356536,0.11041940563065977,0.2256411866483504,0.07998579759522813
-0.004054505081241143,11.51792279345635,18.75642697145329,73.38171736626371,410.87573566672785,0.09526878939906676,0.05469118270082284,0.03072224316843349,0.02264177937527164,0.19195918248353147,0.058969538675013596,0.32634773067965533,0.9589310736047468,2.195850427259864,23.32117224924452,0.008341474216526841,0.008694091048159314,0.013498025994569608,0.008656379465788734,0.032107439313775535,0.0023960944710821816,12.839416389472088,22.447348718603315,81.67747840359996,506.5317379987613,0.1248618646520593,0.08750400324351054,0.0938585222080686,0.06323570850351475,0.3304536298775482,0.0703924298490846
-0.002432188056305866,14.859437968690974,16.949802940970716,95.03048846344485,674.6796574641156,0.08917689197647774,0.0705638400870917,0.033442079346357276,0.0288099065097858,0.1570543347730835,0.05701362704555084,0.30609058314617155,0.6705084922841053,1.6123095637848313,23.933408683571304,0.005748548032092304,0.016658420384980773,0.014564985335386731,0.008284512247447756,0.015470546386132955,0.0021643509985384236,16.280755235029087,20.478532083148572,102.5716838990692,778.7310061521551,0.12185427272477528,0.15424472197639844,0.1211864856192123,0.0797410926442516,0.2528816629463005,0.06818205516261797
0.9990195577963478,16.784530398956456,18.84424702728372,109.07058244750732,885.0651848232237,0.08871275865256675,0.09159511553830268,0.08451711721152703,0.06585134231015492,0.1891507704403397,0.05531725073086136,0.5968314314071362,1.395384608138152,4.126500826052698,67.73522971145928,0.006108596817294354,0.024662094885295426,0.026129646917108063,0.016027933735157932,0.02094579860053066,0.0035079878825145403,20.013961167396307,26.27734428091652,130.62546006903665,1261.0648547004475,0.11679754966037616,0.21183823316262196,0.23030367931323525,0.14711011537739024,0.2808073097939273,0.07224926428473243
1.0022006478844856,19.289033666688468,26.48114930113783,127.89890647308772,1158.8515306733811,0.09392858427898285,0.17267380279779213,0.16534743860470746,0.07574873471488977,0.18534497877625497,0.06261543529437813,0.5562536313924727,0.6072390158933776,3.519363416897978,68.09829819713619,0.005007951364228024,0.03334234257354398,0.035329563800431465,0.009638118016398712,0.01531469151529487,0.0038947526515140767,24.18440600744786,30.872782646357003,161.3798068219598,1809.9989321374953,0.15076497725558055,0.6585255494054801,0.6082512730216735,0.17840413223022705,0.3673433242857299,0.11221268005899569
1.0047123930851403,19.0476833123549,24.825654568449412,128.3378839205361,1102.5182197746924,0.09087116017416849,0.21892369105928772,0.21043312938069905,0.09959355569652129,0.23098051957785956,0.06345060210814261,0.9795369783627923,1.6715737129586077,8.836368616541288,104.97909723082,0.006533643501873737,0.10049254127198627,0.09696765548446729,0.026250344198845588,0.0533513974679059,0.00763803605468134,24.06271425576855,33.148665685189364,177.42748241774612,1649.8639492595673,0.12461856582380311,0.744701712630554,0.7239374843945479,0.2493532976395035,0.46706199975602153,0.10366884720121902
-0.003785156211774072,13.846460796864362,20.764502697619978,89.72839160881303,584.6911396586489,0.09586684065104471,0.10137802423542254,0.03666655299464529,0.02366932462051226,0.16201058592941858,0.06692133044139478,0.2734655984196677,1.0495321417425287,2.0677662256493616,22.797889213602367,0.00629649549210841,0.02166790237441238,0.026310288592630036,0.009063099932967809,0.014946091151650374,0.0036021338516431032,15.05000933179073,24.717613890523502,99.60379902383897,690.3841779023189,0.12636301388663215,0.20533212274164583,0.1404652868810701,0.06841222409730567,0.22518616204522401,0.08472465589249405
0.0010757728381528128,13.468040446935962,22.294912480488556,86.65376811997199,563.3196557521969,0.0875354379590099,0.07677777935309947,0.04665669584630304,0.033352740911384016,0.1810468289645092,0.057153868541463516,0.23244986825136063,1.3523373283036457,1.7249149756052682,20.512765290764914,0.0044565175452163965,0.013736353293303758,0.02144618894522324,0.011840654178075387,0.016384933300600167,0.001934529329851259,15.176859633349418,31.80443408523804,99.00173562748824,698.0977542885817,0.11623096606792271,0.17077950207898426,0.22786372696058238,0.1287783606649678,0.2873693483666776,0.06902173625207994
0.9971504311762904,18.225802929148582,18.68101423017354,120.25494225365759,1030.9372300653868,0.11478709897273262,0.14848506479325035,0.17759689698513872,0.10595169948652627,0.2090322513186143,0.0631215162088296,0.8327294930793191,1.5953388629061795,4.889162376153398,98.7118136511288,0.0038944512552060136,0.029557884279970786,0.02841444433620271,0.009260154848046688,0.026721290932489816,0.005129675642174908,20.62572812113692,24.150930242126364,135.31394146813588,1320.0457753156415,0.12800116493576355,0.23016148384650925,0.2612718310919096,0.13287140282035562,0.3020894061628755,0.07996477623445601
1.0012999758809662,18.055004931362376,16.86017949543474,117.45471989367827,989.8318077347614,0.08949930775433403,0.12335832707436012,0.10954880795044185,0.0625053973584122,0.17196663171636564,0.05780718274154909,0.29775231163224886,0.5954146561137216,1.9246294326060993,35.98614968693694,0.00414188882655249,0.015695344145691206,0.02974284349173689,0.009801092164611431,0.012903285506079887,0.00241164218470438,20.40236668337685,22.077902822134025,133.1830146827726,1298.321969199578,0.1263262476405032,0.2666211305033218,0.4279254217201153,0.15360663793496826,0.28366261342323035,0.08215841664862855
-0.0003589857371200296,11.831336490817153,18.95044587377983,75.4895153590455,429.3435195090296,0.08850050062046334,0.06916068155734491,0.02636698446785457,0.013894742971924234,0.1533266616686171,0.06050721965993058,0.22209038495117447,0.8708397485836427,1.4415955734701418,17.094655374087775,0.005506306287169658,0.01740662972071806,0.02019266693102457,0.006740103997946611,0.016137317789185573,0.0029057676864645836,13.308522532218625,24.931756585724955,85.16926962444379,543.1414887170333,0.12780974827830494,0.1880207994283214,0.1484634937060626,0.06884935928992846,0.25342658442219407,0.07997963837028797
0.9949859953394112,18.259753030557413,20.567466708579847,120.7220482042335,1047.2613427644278,0.10682212912902962,0.1249959628001336,0.1570603706005503,0.09482143560316793,0.1859005141059656,0.05947971301115348,0.5453649319394097,0.9258497501289568,3.224564858634866,67.48583384482554,0.006196683219124471,0.018705218512160126,0.02882093260508988,0.01048998655135813,0.015568578076305364,0.0026931160141545835,21.8803731387524,26.156529275441265,142.20245491971104,1496.5883837723122,0.1492829987529752,0.25345716957026376,0.3770927967383259,0.15069697230902537,0.30739367804622214,0.07871877756153872
0.002542176324104674,9.696775079893035,15.315433919522334,63.71871278767064,302.25720635486783,0.10719170105197871,0.1597132339438283,0.4106777009863882,0.0783025806489664,0.25500224351439166,0.09290722482399104,0.8251958227078771,2.6640724607225788,4.073091414825417,49.98806233249679,0.010954522304335761,0.0957931649569255,0.3959066142409517,0.05274953066418366,0.035430303067250764,0.02983723413572689,11.058638103880204,19.463282738852012,70.88860382872959,376.6649698912936,0.12920042619746022,0.27645870758858165,0.8210193564804306,0.15782585271738395,0.31089060780518135,0.12590153860663755
-0.0016568172709146836,11.913268348178299,21.584963180723264,76.52450695124456,436.24695552436145,0.09767629338103037,0.07858859921341055,0.03343119194847037,0.019898621202949825,0.1689283679537034,0.06195538742362324,0.3117917031671694,0.922088429059643,2.003920015415256,24.696909371487507,0.007804081815820472,0.02496303466630483,0.018194111722076776,0.007739190554692482,0.012747918197016738,0.003881423171669514,13.681959951257504,26.175849545039608,87.50015917895277,585.1747183077637,0.15031849972446906,0.24018974999543494,0.14805651734366856,0.07209862296596932,0.24356634232338586,0.08538229274929651
-0.0014621059399684167,10.928797942154153,18.59777730160497,70.45121007995486,370.6606620015905,0.10045172712662662,0.07434627346512146,0.04915095902546503,0.028745437832890557,0.14864099093386943,0.06616430397586241,0.3776869015788593,1.7446258344983505,3.00963982655568,26.004662231690876,0.009536586491954607,0.021460753429136812,0.019736726624899763,0.011528968435041753,0.020778213936133473,0.002699150846339203,12.348301923642419,25.573081483050633,82.93367496499252,474.75198048066324,0.13625163513057034,0.1641503642257506,0.13985017513374726,0.07891187093483501,0.2254614377939076,0.07733234462210273
-0.002929557326303051,11.121797460865551,22.422575132171637,71.4478849755759,378.8908927578609,0.09565452596815728,0.08176053744821812,0.04783312407895554,0.022464220593228945,0.2032534946155646,0.06553011053042726,0.28104694784128353,1.4717244394416733,2.0151898585024655,17.693837138623227,0.0035118172703058697,0.030613625997511395,0.03437595576667468,0.010196476689853943,0.02910768772460388,0.0047331650341701,12.005127305058995,28.235555870029113,77.64347374511622,434.90492897478924,0.10874035769035333,0.17741774225754303,0.15845864878780577,0.06426273591061316,0.31690431463553737,0.08028133733220831
-0.0017917794308935043,14.990774906914597,22.131794733122568,97.47332832481077,695.8582974178994,0.08506652241987758,0.10223421082966863,0.0690745503156763,0.03867297673091436,0.19418823143862798,0.059111858609096124,0.318523816963849,1.337224221728204,2.3040677775538474,28.670061734463673,0.0044427529977604996,0.028070203009306537,0.03309679897204505,0.011953181859657536,0.019141506451168945,0.004052153347339936,16.77959555146631,31.574195127248466,110.20001741166962,863.0564054937867,0.10805299969738462,0.3353768178748486,0.3122238307006047,0.13068551329667535,0.31600838618235816,0.09262172364000967
1.0011717941106406,17.293738534063053,17.077402870672604,113.01277644757725,929.2963245326503,0.10078964753394133,0.10375581584525016,0.12657058335618915,0.08341782862609323,0.18129890840710702,0.056160344147213305,0.3109711993351776,0.8580828202036656,2.208925322618404,33.54971437356363,0.00476525093782494,0.014900944154233858,0.023430100107921688,0.012671450432123069,0.013922856792458752,0.0023683818129404794,19.832353792699724,25.122285361417102,131.0386060977011,1215.4556185942845,0.14162421667695269,0.24058560017326325,0.33787829337047154,0.1853314478372609,0.31365483329232524,0.08130414368476802
-0.0005182527654069542,13.391076123688043,16.383982638612974,85.8342565404678,548.7692565845563,0.07115494591687656,0.07355821901600816,0.08185131538779629,0.02824363774455241,0.14225175722009661,0.05817276474028713,0.1628818910581723,1.140145059587729,1.2210669885619798,14.731922342677803,0.005925260695380811,0.03257921170432445,0.049289129963700946,0.010386649765298921,0.012094967176426006,0.004063913947660742,14.30558908334205,22.749366710336275,91.82876024855044,630.0570292449167,0.10249156178488493,0.2529027938119868,0.33303516916238174,0.08949136073914621,0.20541096285301108,0.07641454357410743
1.0009000532894365,18.066422103762555,21.853379388316924,117.46599402051835,1022.4383106444184,0.07371841461771328,0.0866194374445159,0.11032132881257603,0.05796929602023111,0.17687078883415694,0.05339758535865477,0.6338950673405529,1.3040745967317642,4.3202603773036135,76.26494388938914,0.005521973972942993,0.05297577303968819,0.06094519112534702,0.014494977848381926,0.021374911219780857,0.005026087940940313,19.758222147066995,24.672446464948013,129.3142286488449,1229.747725083171,0.08809686244500152,0.197458564948275,0.25584220504952293,0.09160902729597925,0.23711047510259478,0.06538033339398912
1.0009911366476363,14.662680230699651,20.099259419421095,94.739922099986,684.7750244481872,0.09868185454803842,0.07228286426916465,0.07352347959470007,0.052607124875649766,0.1586424858806153,0.059199316722440755,0.47265105231112003,1.2395424096004994,3.202514539464328,45.41028267042009,0.005727155903215242,0.011670780968762152,0.01994376858888956,0.011062493124197064,0.014074358336616221,0.0020850103959929667,19.0723988634125,30.889123967295514,123.4142537272097,1134.4208836615294,0.14659068072645412,0.18551258967282797,0.29135701537667125,0.16063908985318545,0.30323215133050246,0.0821194436044141
1.0036166817552257,23.279618277990867,22.048390830374323,152.10549128409883,1685.61199533014,0.08446609497541419,0.11451138594858733,0.1329650877108569,0.09693848228247748,0.179943658602481,0.05550515628576951,0.6660642768467447,0.856482211239137,4.6147376558844,97.62887932747851,0.004937685363757667,0.02524900492888135,0.028175642186888752,0.01626849586062011,0.019485876511670396,0.003730003819383191,28.041649813412445,28.21212544430652,184.16770719532977,2403.3219944168027,0.12265537970524738,0.3594004352744566,0.3947789837542305,0.23508825821625806,0.3585700249562195,0.09187038597105161
-0.0009387328030504658,11.629156427641604,17.11551911800088,73.83290995985284,421.9504323610439,0.07553048851847559,0.03652498099018898,0.008596525344465566,0.011845714228601143,0.16719756407390507,0.057325726738333124,0.35363152133690634,0.6772489743481186,2.2163964889022028,26.080935412439477,0.006590011682890781,0.0069612980115115,0.006365705419883787,0.0062720410025942485,0.02209166090051867,0.002659185360009282,13.274854683280008,19.731863991138592,83.21726914886615,537.5963474947329,0.09963329157825876,0.06399902102751358,0.02976385825037023,0.04261664399122179,0.2728817785605573,0.06829297210969662
0.9959555691657359,19.73782700900548,19.831092784800333,130.42984348362805,1207.5708179747476,0.10621286349825165,0.18438989095390695,0.24203477319936015,0.09739565418535163,0.17344945416805518,0.06700952259019585,0.7658127674590613,0.7793234584916301,4.1260087795921265,92.81909174750736,0.008490418710481756,0.05071959577749144,0.06805269939260036,0.01971827810467891,0.014617507351884449,0.007274561477892287,25.284960359248924,25.572702640511977,159.72693310127755,1932.2231893309213,0.1709409148335521,0.595682883456482,0.8485596076627714,0.25050737646824295,0.2746841252226129,0.12953970397630796
0.002922628840344482,12.832059794143955,15.721047962515234,82.61693576327465,508.11080240540366,0.09049443918806535,0.08293996956738878,0.058898350637824136,0.030600018466018432,0.17053847610527234,0.05911740916290249,0.14864797297129712,0.4876484864717152,1.2138977132257223,11.528862178169131,0.0048829913735758184,0.017939893381001975,0.032813858124680934,0.008367960474474512,0.01601798901992617,0.0023052075056259054,14.11530094445573,19.38122513841424,93.29267184489414,601.9903337886877,0.13257637664685482,0.2604915811426339,0.3458223197881357,0.09786933293785444,0.3006584159877215,0.07785820718219622
-0.000907792862069409,12.177038598254402,17.82793333485695,77.82787858703685,450.673598692667,0.10437300447337938,0.07062129788851841,0.024599343977831475,0.029032504729519633,0.1897382309937546,0.06637863587307541,0.3686286133941786,1.508557654335644,2.4073523612302847,24.428677870804904,0.0054112830395622565,0.011927702610388287,0.011404890105787747,0.015214301824448126,0.02224680305345118,0.003381988348881928,12.788570944105107,20.92843533618217,82.48133485233343,494.9410040870093,0.1138223369661037,0.09278200636232674,0.048017462256160805,0.05906563527120117,0.2226448761711697,0.07388127102278962
1.0030523534486986,15.161900733898447,29.80023588346589,96.70901543962577,715.8258395688564,0.08321315241186374,0.046231625052126406,0.04680139140487164,0.0272929312380976,0.1850634084209176,0.05294182451887299,0.4666188778137162,1.6290225398207312,3.0433552053448807,45.407571725640985,0.006837841095860247,0.01432999802688462,0.025013817303045843,0.00909621168657838,0.0314322975261093,0.0017370775170285628,17.251971833581987,36.9449626909313,110.21106134229748,929.7357694351904,0.1149675810446763,0.09979593922693035,0.1526396588007962,0.0656232689474145,0.3231449280333938,0.06159811332760402
0.0010498926843329891,11.787502881865041,17.253956910501415,75.28354262828832,430.99360470402166,0.09082714288112255,0.062430063299114755,0.02845103597274901,0.016545986666220414,0.18477978397597192,0.06015725402143852,0.342756492986601,1.14385716331658,2.2196426933248468,24.933183134955755,0.005447886186849056,0.019539768855033404,0.020761607027649193,0.005370843904236944,0.014746120516650692,0.0030636713368594457,13.473332013727818,24.535111053610887,86.22025264175753,558.0464480638319,0.12436533942430714,0.1742048183544832,0.1461968929887996,0.05389169617680242,0.2777846626511096,0.08107196762867196
0.9996408749274074,19.57138135894225,18.891010022779096,129.43606839006105,1217.8285612894433,0.11497285930562376,0.16391412661542457,0.2191055255474405,0.10670073313945835,0.17920299500992545,0.06551053815508419,1.1118200157021312,1.165584802049274,7.233454337279627,132.97350763030113,0.006047231515077392,0.03200294537422921,0.056104666497903445,0.017362340638458637,0.018780553591311686,0.004796462240447511,25.931845959691902,26.255494051463984,170.86353699317507,2050.811689668499,0.14934839411254744,0.411408736226751,0.6102325256053519,0.1975325462651345,0.2965484494304317,0.09918758134421908
0.0009551359406700392,13.195472179779198,15.841803802391592,84.16190805353084,535.1300396279556,0.08504375663336496,0.05207613397047644,0.0013395992402583977,0.0032745514244551513,0.16281938297728876,0.05892901466928397,0.18763004419797447,0.5740739534169867,1.2215158574736265,15.29310540196155,0.003664136588563025,0.007849103464392392,0.001526922599959844,0.0024496174458448474,0.013428506525037185,0.0026030541739876104,14.451290136380669,20.432902589790984,91.97519748968834,633.7973935338292,0.11295629733022397,0.13489003941081168,0.013532201536494644,0.025430737243361604,0.26504302686353204,0.08388623632599004
0.005342921482491973,11.974350957234979,28.18875796470973,76.89902317550158,443.7562195420575,0.08435758674062331,0.06429377309003236,0.041165491441512214,0.019281657212043748,0.16167559092086117,0.061014446076523864,0.19303354677067208,1.7066209936513872,1.5057219852155976,14.342639905969872,0.007330235345364416,0.025801949533136668,0.029167231175117138,0.009144552281831675,0.01749678547636609,0.004344675917222672,13.04565420093953,37.91511883127729,85.30873979192651,519.3360741586438,0.12073709920220402,0.18564927259476047,0.18022645057742542,0.07115670785093686,0.24505266700879885,0.08186366698678249
0.005687889516549531,13.691404343953527,16.09051145267671,87.90695510584987,580.9076779529595,0.08315480322643437,0.06390361275705857,0.025669309949931385,0.020049362501670394,0.18721930725389904,0.056705717023145946,0.17139792534963103,0.5061666366480546,1.362357719309891,14.21791607232519,0.0042189975433836,0.01578034509704145,0.01183993672680795,0.006267577407311262,0.019410564975897576,0.002169644977465172,14.792444084019797,20.22571968446495,98.98638710565943,674.196113602056,0.1105417487179153,0.2110961342248117,0.13667791203179444,0.06985234385391303,0.3318206370295598,0.07703242303229593
1.000190002855418,13.40838347401292,19.620965288008136,85.80391645467327,565.6524618320044,0.09038742768632843,0.06307986600304541,0.05796004941474077,0.03450140452931287,0.1596842785979707,0.05671860696965182,0.4709935778305845,1.1484902211971186,3.158487048801714,43.456189733134046,0.006020132779636046,0.010769286159281606,0.021555393739677308,0.009461343957862727,0.015197933475346865,0.0018614338213361825,18.00165864439307,29.957883234003784,116.78876733252172,992.4037545849467,0.1402049829338905,0.1527730458161913,0.2639633862768015,0.11574514970196864,0.2885097647816334,0.07361917340119443
0.00043868798172756545,6.965900885211487,13.438969543173673,43.49841791567587,137.40316140187855,0.11691436973727674,0.07528381313349963,-0.0007165673167174826,-0.00038813385421810026,0.19314057040434507,0.07812165396926496,0.2249028723830417,1.5088861003282719,1.5593920506493555,10.074164899716804,0.010175913077680452,0.01074965247904543,0.00013633074496554419,-1.2166875841624723e-05,0.026653288236136958,0.004109296100426837,7.954363439109555,19.550468303770835,50.553414019767025,177.88576917385873,0.15845914493209923,0.12052604741875868,-0.0018731968284730173,-0.0004515317514408325,0.2936372137523373,0.09365813698151652
0.002947324263907071,8.605974465897715,20.953183111559845,54.7664177189462,219.25663892263577,0.12420468190332219,0.08934585154538344,0.030766739873285626,0.009380050448945942,0.18270427505126136,0.06750942098842833,0.3579682177399102,2.0671644389266106,2.5147013020375284,17.982764302940282,0.011923349254324443,0.03171969096774342,0.030387305470464608,0.009254183554946071,0.03358991422259844,0.003037224807646037,9.559562028713593,27.063552216379318,62.11372734614985,271.8299032720883,0.16362592731770373,0.16917135263445937,0.09154543025963852,0.027167095151473142,0.29714196627585904,0.07725218349721873
-0.0023158746341369087,9.753158939109513,15.701615025126111,61.66901645615698,293.6534651205487,0.09049646889253977,0.04668053467029139,0.010988402100922588,0.01424985870464505,0.20800273335535724,0.0631355776926789,0.26687062046098825,1.4093887807005834,1.745389906582001,15.863751578859963,0.01381856676991286,0.010629651238487779,0.008474442246086131,0.009492432808890212,0.017946943420719407,0.004258773594328706,10.761266924572901,20.88980398967308,68.02571605567742,358.2380234762323,0.14678675916956108,0.0916631178976791,0.042106664811875895,0.05130949517556749,0.28393245192581484,0.08178695230837277
1.0009121257778721,25.20750368014939,24.939640117220186,171.5891695362416,1876.912404657885,0.10626615087903893,0.26639651641406775,0.3336018246289193,0.1845959612860093,0.18295062917096439,0.06779009478134372,0.8970984961918487,1.475275455191383,7.383292446497055,119.91784495622616,0.008166635726485377,0.05692762989233738,0.05717323273470907,0.020283233095532004,0.010656911264349072,0.005886444729025084,30.02096980079445,33.61665467752341,211.50711154108993,2559.471306678677,0.1572874464911563,0.6072882985919527,0.6465163413383083,0.2869161119765183,0.23579279679365014,0.10506902768152959
0.9999291736154061,20.589832161826457,17.79283363631885,132.7783084576224,1322.0516089553346,0.08473812289612016,0.07824551942899043,0.08677380860627201,0.07012168459946949,0.18145163062249423,0.05668107905941698,0.5420970857635921,0.7330698168825305,3.3912381856836102,73.79635729318275,0.005201787348217638,0.013131937073509228,0.01885096222268038,0.01339012294020461,0.013854009692651425,0.003490592593073188,24.967098242752783,23.401263839664445,159.14720861643985,1960.9744427609432,0.12375894731947461,0.18819775678750428,0.24120333595872406,0.18564649779410455,0.2746881982337021,0.08897161725958609
0.0008596494767920012,13.493248695115295,14.023956126353294,87.41321410207124,548.7581087035941,0.10707051118834972,0.11508814180792287,0.05717960172396952,0.05278426079484506,0.17812938541846018,0.06641864506113943,0.15949935275931817,0.5726156040237118,1.1034666410003438,12.791317875403983,0.004458086235517607,0.014464669049322056,0.013196796359000685,0.008787321818097424,0.016998286864783115,0.002788946392872513,14.810109593627562,18.329932941816622,95.06357252970552,657.3547763138324,0.13928639079485436,0.24933280336966512,0.18371664640059973,0.13293057095980995,0.3226928113169589,0.09339594380128367
-0.0022822119073685116,12.908848309137028,18.239729091204,84.56904744946988,493.12657726389534,0.12173085628625942,0.16586197800430125,0.04890542977319745,0.0530675985295669,0.17095082115319737,0.07248338065106684,0.44376058323124645,1.17381866866036,3.1578426954967256,34.41231432137852,0.005267106658633702,0.023342497252119447,0.014087113172487746,0.012493995689365557,0.01818241226837153,0.003296119721109516,15.055338812306795,24.387593599706424,99.37661385191237,676.3719644764478,0.1453991173336332,0.29678366753175134,0.1244558471914101,0.10926569873490583,0.2578705770977107,0.08898489441101953
-0.0043530905343436704,12.350633337709336,14.959633602651177,78.50564984541012,471.29880151827393,0.08680278399500135,0.04573498105195128,0.02090897303365484,0.020368848771157737,0.15716532727609844,0.057028223926280715,0.38542444494548683,0.9154499457425511,2.6090102878130192,30.339377375666405,0.007724889410853413,0.008301827399389092,0.012776584626604498,0.01030110469443973,0.029640541892821372,0.0014520783104727084,13.205440670791479,16.88896927004297,84.02925951240563,536.5429780539374,0.1048239770307044,0.06847632904513687,0.049338966238735654,0.047788480723707824,0.22920755148883296,0.05984642506901725
0.9943230566735609,18.01738464448213,20.62180226996147,117.67879715137126,992.2511402303177,0.10377997456019604,0.1300580733121501,0.12072977916374954,0.08864700506243592,0.19931182541732914,0.060751419206573926,0.45423480178012454,0.8699009286700747,3.0643106523685426,49.575799597305064,0.007221989220571108,0.02776064668832386,0.024855536740809207,0.014754603933962999,0.01414761729067014,0.0033360867176011116,21.047190478330798,25.420426028212155,138.10740650527802,1350.4952250376582,0.14802976584194433,0.37348902279925467,0.3296797374590724,0.1972729447769587,0.3059518513423383,0.08497583290233626
0.9969400014620609,17.262223916926445,17.07942183920158,112.96867180707264,929.1125202080999,0.10090191721893607,0.10406646069757178,0.12662378904284585,0.08345264681437481,0.18112240945833766,0.0561428958372988,0.31063003654064963,0.8532454085468951,2.1924109466898978,33.7122249222684,0.004772626145393159,0.014801808304260517,0.02333166021980336,0.012576065922793051,0.013934886710475217,0.002342182037380735,19.84442983958282,25.074374010432134,130.93221354197382,1217.4349059929837,0.14156433597922644,0.24060414161295754,0.33562456239802063,0.18565260069681075,0.3133997560900476,0.08113470189114243
-0.0012560995677197715,14.463614805280569,24.998674166454233,95.91337915231247,657.1223785289785,0.08830755415115349,0.12330658071629677,0.10155839435837544,0.03907062959950146,0.1872910072695034,0.0633946219891996,0.25377254608230826,1.0762986383100934,2.6110047477007194,23.112960712082142,0.007164395196010755,0.04650903021773038,0.03837352305942993,0.011625115016470464,0.020703688152193946,0.006106923487470439,16.213127287227195,31.71896622039956,113.57820316689815,805.7697879134541,0.13401949700390192,0.4187161503078042,0.40330525444924253,0.12087973246114879,0.31869630277810806,0.10233732434687505
0.9991970837816184,20.422586085727772,21.793231915309356,133.807942227346,1294.3879827688068,0.09154741062444784,0.11272297529393811,0.09810822485470952,0.07731801680618215,0.16169628782984055,0.05553574247716887,0.577411980288496,0.9165084902647832,4.2088424830343065,72.51150083060774,0.006195350995058205,0.019138966488378265,0.02336370821103488,0.014568507174629734,0.01448615548501328,0.001872972636060009,24.32176118774522,26.325340932633047,161.34361397387207,1783.8861458577092,0.13283400685676947,0.2369808303768941,0.2710414252636588,0.1769594030088923,0.2612532416973523,0.06729895319349528
0.005305180605104624,9.779394667056009,16.994217967432647,62.345426601759506,294.7320246457544,0.10363912200363122,0.08398020866269043,0.04373297027391376,0.018060764511272313,0.15844499556636912,0.0706312767088246,0.40368139488963345,1.4265281512886738,2.754447905717298,22.763055739391127,0.013847127948861919,0.029377525172460603,0.027332840158101362,0.010172604233542428,0.032830764399158406,0.0046188742995640596,11.049755231644635,21.526078455854595,71.52697306271507,364.32765148116636,0.14659773743891333,0.17728416630297805,0.1297501511518769,0.05407749228428124,0.25388742863226077,0.08467113455200316
0.0030288045583821656,12.458522367492646,17.316929906119817,80.50735886952472,482.0322761968607,0.08914994739504183,0.076596792610319,0.03642119007697221,0.024013060040385743,0.15256786266998612,0.060416329058377384,0.1526440441884843,0.7826686865464852,1.2410142736843477,12.194583199690259,0.0038017767931815016,0.01358997452977745,0.01327406224806405,0.007119348264672215,0.015346814047477755,0.0015510374248514907,14.044639072965083,24.321731322121515,92.53317954143493,610.5405052976421,0.1277811135417975,0.2506524609737727,0.20240837317971896,0.10470245374544926,0.30352963010335315,0.07655584054332495
0.9973652771905869,18.65666269795452,17.155064859128036,121.48005324043369,1073.855167743247,0.10547464110903962,0.10987886006180644,0.14598706690647476,0.08665656205227633,0.1966708122627541,0.062162404113814164,0.7131872339153434,1.5814855215477281,4.900239088694143,90.44870286025075,0.008089255823470443,0.020901875857890537,0.03371037576118072,0.016035147041404213,0.020490590749122673,0.004566093410285375,22.28513409896465,24.932658388530598,145.41648269632313,1547.570899370162,0.15041813821863753,0.22941759025209993,0.32608676899553685,0.16708525575233035,0.2897228878610784,0.08459703297875466
0.0009522127116003767,9.768803729297103,15.369173706557385,63.792168967973225,301.0888442660619,0.10728493348640225,0.15973385234816892,0.41096024692062627,0.07869290376427505,0.2548166860228448,0.09293150827945895,0.82297343499002,2.665492808861312,4.094231337452156,50.215042026225014,0.01097401784986469,0.09579633894149181,0.3959201352691618,0.052776475432781966,0.03542203028796957,0.029854570448733554,11.004825528603545,19.49933567048616,70.69829898077153,380.96975444799926,0.1291464228465656,0.2773151232736888,0.8208703639749715,0.15735686215156464,0.3109263914793135,0.12577737367713185
-0.0011147991040664025,11.936591155631861,18.17177789029371,75.7403778304002,439.8715156798656,0.08268658427073097,0.04784697457011024,0.019612756789941364,0.013612847488428866,0.18636583277807525,0.0611401115360367,0.22603174530926295,0.6309467330030128,1.5352038308040148,17.307375737495768,0.007206656630256212,0.008397213852479303,0.012855037331127096,0.008010788428902647,0.019902570178023184,0.0026039341498765994,13.09178053516781,21.340253232678783,83.60670204071855,522.5963348402,0.1142616621289918,0.09095512809264641,0.09371513562605388,0.06279303376783525,0.2783786294998044,0.07413307922660012
-0.0007787410958594433,11.348311072955443,18.602446490122357,72.72421009353478,393.5933418911415,0.10486559991394573,0.08490131698742741,0.043902184810975554,0.025798617366664195,0.19272527437436393,0.06209530467940762,0.24391406025760318,1.0093110150395141,1.4755955034957837,18.34283841407068,0.008573357147178077,0.016222167461255564,0.02100720091612083,0.011076911196221624,0.024201036206605714,0.0012131704717548166,12.425215947526219,23.02603525126271,79.050418408052,476.57976658231075,0.14811985606409914,0.15702778797517686,0.16103679914666078,0.08573654711978983,0.3053902303118953,0.06785883440720315
0.0005075212808748504,8.593334840048698,20.976082097955768,54.864508148032385,220.95106768751106,0.12428778990442267,0.08994988661388473,0.029582295321117644,0.00937934158300438,0.1828907253553594,0.06753172925946739,0.35947553713400326,2.066943287381512,2.487506659972329,18.377723074463812,0.011930727453905133,0.03161877760851829,0.029792095860396786,0.009281131629786393,0.03356694955298604,0.003040489573335741,9.54491887766968,27.01340586501305,62.15617055353649,270.9928530896674,0.1639339065381133,0.17118798001737018,0.09087212165986265,0.02785616425451497,0.297715273224842,0.0771011328232403
1.001695623457192,15.611520711317645,19.33830848624401,99.87539639104098,760.9182077590447,0.07845489233266177,0.05628423803033054,0.042091983955215476,0.028292138725029867,0.15476300213636485,0.05441436298979988,0.22838209640578125,0.9943288839963494,1.5383134116878228,22.11256625262334,0.002827059327713418,0.009133788628586355,0.01339793808086651,0.005196217248148184,0.01009427074596054,0.0013600970388921258,17.924522156716794,31.637304649000935,116.28773392025879,989.3492820134167,0.10830800957198691,0.18081542210383386,0.22605627916937887,0.08626073931428627,0.26796764413255525,0.06833171551240766
-0.00092907215397128,10.490120845815586,19.292241103513806,67.32874883786015,337.94618214020244,0.09991866246737134,0.0856807044734426,0.02995685593357163,0.011876101653820295,0.22168550634020862,0.06471374391318181,0.35596470399226376,1.5307224472351828,2.3012806873148217,23.260100318918532,0.007597436036388683,0.02216383595459607,0.028800120310117874,0.008518268770786673,0.027117298438697868,0.0034616258730314985,11.549021599851951,23.36834870108827,73.83969894415803,403.10953625150705,0.12204964291030396,0.1500647437472068,0.08016279940697357,0.032413450244846036,0.2830380622120869,0.0754861332641254
1.002913397547815,17.47900464765824,24.709714425122396,116.10151975853299,989.7192397262324,0.10487118075254703,0.1604389291721951,0.21608535067861057,0.10454787532963256,0.15403200968324537,0.06364557013269853,1.0872336396307882,1.4068346166854326,7.322677536185387,122.23844437646294,0.006165098633620899,0.03638856083436629,0.04640558284961282,0.015681164570667688,0.011364270842224354,0.0051301439766348,23.15687014780045,32.33384704314465,155.7447594046679,1661.5365947815444,0.13751521628670585,0.3819409278227487,0.48812408437589944,0.17249018010732117,0.2161700608073239,0.09293781138823072
0.9968727590970813,17.563405354669765,19.294144914235943,115.22159630775205,950.1075169451643,0.08956146344077878,0.119892809390324,0.10340219934064862,0.07509437957878919,0.15064399175879797,0.054903759921140965,0.39712374331881084,0.8303565340689937,3.091943583837106,40.182294579697896,0.006081747545913357,0.025710681131073984,0.027264286380145157,0.013469026717971804,0.01591185404775385,0.002682345620966502,20.435504402299447,25.877986245945007,139.454417794669,1237.3708321895265,0.13798762391134334,0.34215964368447466,0.35037926585855256,0.19374853761528332,0.29249079887622736,0.07872045817579117
1.0000173597613702,15.403088124480929,22.768004723353602,99.9928503163166,727.1902866544291,0.09200833710619041,0.10389567063801196,0.11234496156476825,0.07467463008494624,0.171761835837629,0.061000252082335255,0.3149383280125604,0.8419924625193036,2.074897480326139,28.809807919991727,0.009880237232573095,0.02438992931108013,0.04508196599950078,0.017614920682289054,0.02473045215233859,0.002136186291107534,16.488747366531694,25.886751020566056,107.56802049101508,827.8104355479461,0.1257291493965515,0.19935963250848232,0.28459315852773415,0.14756415957828783,0.255698841168423,0.06833447531924496
0.0071138274770693325,12.186218759948689,14.058207808797919,77.06873085302566,460.79083142010546,0.07741899716887929,0.03196118679274831,0.011152236782717144,0.004889647158864065,0.16744756904553423,0.056420809149605025,0.21246160085783988,0.6013245911709295,1.4575924998990084,16.081803752427636,0.00534233469165823,0.005588018050785576,0.010937476377553946,0.005052330009339092,0.01972521217605835,0.0009712867784514183,12.828955577303129,16.456130827453844,81.32330311749453,513.7068964060346,0.100014402413145,0.05344058278567617,0.040537269860207406,0.01840774556038763,0.22997570682169843,0.06032292495926852
0.0006109122891060244,12.99184112651914,19.33401172752829,84.23809644767226,513.0244712556298,0.09570232137241734,0.11251193420420506,0.07034140586483673,0.02935799862964896,0.1761512282605422,0.06544261798840732,0.26954489188814973,0.5612079623569853,2.4624082863299206,20.903128474795533,0.0057204766417848375,0.032562332746930836,0.044022659616451534,0.009838579149114573,0.02752779867532208,0.004555507407807071,14.374430118985778,21.964296503421664,99.40495687474564,630.8804359876983,0.1288010667766966,0.3263568227311773,0.34429640072158857,0.09802622059304672,0.3600864951677934,0.09160496432339736
0.0039249119830728,11.196884735408764,19.895154858282968,71.94452312469893,385.5288829168334,0.10544676527522331,0.06777218367489173,0.0050103994618469405,0.007744146793547929,0.19387312527411754,0.06031010009792802,0.3003458669616034,1.9618129463825553,1.9709541359615257,20.008324690706292,0.012894815261487407,0.010951897415553276,0.00304747221277701,0.00496997302401687,0.04240577495215343,0.0019459282025179824,11.950437894822652,25.781519452053775,76.91811072992388,439.68175466988777,0.14252302119955368,0.09701750521583051,0.013897108001504798,0.020761230996467615,0.3290375723601925,0.06520301992992723
0.0002506314598054009,12.098234984104435,17.70708973503391,77.91529127346323,440.70235088940984,0.10292427305033118,0.0977839371473497,0.04732311661496107,0.03304004963368039,0.1933555041481017,0.061655925744888165,0.2830874430059956,1.6538717854980025,1.8560317610063666,22.216393523064127,0.00811902413406108,0.016256537827117473,0.01818039518867886,0.007568397809345509,0.02014857315864523,0.001809889167879243,13.540199542853266,25.7609353344737,88.31797889844401,559.1196378664929,0.1432146266217748,0.17835509915968323,0.16289860907532452,0.06293411003077631,0.304674444296363,0.07075877348087434
0.001590479980803395,8.214885837211643,16.850998432761568,51.656800546956774,201.0349598712625,0.08605492035184877,0.05913308503555751,0.015081200237869623,0.005995460269728514,0.17683259088316886,0.06502806614679016,0.1548817816450561,0.9488577918375981,1.0834786581347697,7.9390374505847525,0.008957141847469721,0.01650429039235882,0.016069869457643465,0.0059584031206345,0.025765883566141432,0.0025582335480079732,8.936582863039657,21.95373865641627,56.88110811616942,241.11681050462187,0.12971509265121373,0.13512055085007826,0.0691327219271608,0.025513119122799036,0.31053174593429256,0.07423153214347177
0.9998444970804568,22.02739309366564,21.855474014395895,147.29149641890706,1482.7350124921397,0.10636383964823398,0.19569453943832724,0.24486303924903896,0.15026427172966625,0.18250750873759522,0.06143719037315952,1.0069611998639485,0.7033562576997558,7.5683859761831185,130.11366967041855,0.003973838960393708,0.02834101874065652,0.035879143016687,0.014705644200700349,0.015221437373775145,0.003805046479877256,27.66263557558679,25.819832764163685,195.01443234677726,2228.5350195814112,0.1294255960114831,0.3877886068019594,0.47331291205870457,0.24367975312717008,0.27404756520429774,0.08576936917247736
-0.00046666758830234416,12.164250209233666,18.074314195238497,78.2012476606809,454.3185019432429,0.09081915635041407,0.07851505930627334,0.02938470266188205,0.015250590085478825,0.14635011345812662,0.0627860338440495,0.2190338906307095,1.1848540724772851,1.6890916331748889,16.262350620010103,0.004898274115442167,0.01665648171030127,0.013685491820410858,0.005153724197406027,0.014544022517415857,0.0018596001794151484,13.375249165161085,27.85315401105309,88.99541754375159,547.1463713009032,0.12058875322237447,0.22791392386935067,0.1633909986306424,0.05666818750064524,0.24098007713984892,0.07729135491210866
-0.0021346419432681516,13.047803338919527,18.434340227853827,82.64199603065542,527.6513559122054,0.08971161809666851,0.03727858886375163,0.0258625794075671,0.029452167261337252,0.14681319295857986,0.05865615503287759,0.18051289008897048,2.3443801628290037,1.1602013958522313,13.952799595774842,0.004376217519058643,0.004950217926538426,0.013289510992099724,0.011535285046702027,0.026674598494718826,0.0017939292528392878,13.343325337819794,22.799034100057728,84.4137912949684,540.3931283108577,0.09705888932218364,0.04615658271108429,0.04808616583767514,0.04945404122026006,0.19893430204559634,0.061603442455779055
0.0011783965012357328,13.219857113709233,28.05565738205672,84.8385889782563,538.4266175034779,0.086670939614867,0.0691199401039437,0.030131219756102556,0.03268306584806239,0.16282101277672867,0.057781713265171994,0.2348016066539073,1.5944921575804616,1.5392464244490431,18.189197997412716,0.004973280375453684,0.01358647187853317,0.014774933034265136,0.00910500499134934,0.017220079778710987,0.001342061119232533,14.384191022279856,37.164147565297505,92.709636636847,626.0746827836506,0.10721995455104384,0.13793931264719814,0.10860631084296721,0.07995045191230495,0.2467638973865954,0.06449857874887567
-0.002331966710120485,13.394108308605167,16.403695237021697,86.19298167654661,556.069112703393,0.07121509537848764,0.07389704363026592,0.08002991448174517,0.02795296166633657,0.14238198195855448,0.05816942554279847,0.16311661445200548,1.1429603091901777,1.2088599850912582,15.120782809167943,0.005921627625992982,0.032722696276514356,0.04997306704599248,0.010330283727860566,0.01210770134332706,0.004076885258541445,14.320254470439181,22.82127998893684,92.21155883337731,635.6129580443903,0.10261140617539669,0.2522712013481783,0.33255926081774845,0.08930982002686266,0.20494530844940503,0.07622324262814224
0.001822730273606392,12.785811816614011,16.456453082588865,81.43573019393291,503.0202195106097,0.09827031845097288,0.05263015366197254,0.03590316136824553,0.02842505106212945,0.15895829087047617,0.056488765819215456,0.23792746800170939,0.8822543565626353,1.4691452738324264,18.42840734158302,0.00795481692662678,0.00560646227641002,0.016055584067617847,0.008670127511224583,0.022495585433800362,0.0019140435265003648,13.449971816919295,19.69808706040313,85.54462181090726,555.1786043014323,0.1296755865902261,0.07164631122887999,0.10329568812719374,0.0587480051883487,0.23824326393342923,0.06403942458298234
0.0029720993955815638,11.842855752685518,17.488138540521682,75.44427646951668,434.3445280681315,0.08366918724015929,0.056833286900199655,0.02778893761262204,0.023023731935239815,0.18756606606908804,0.057150202885641516,0.20750696857576056,1.2315844362718713,1.242565633365739,13.877764759417287,0.007594765451282543,0.01511363018149171,0.0140245055193131,0.008583616150579631,0.017912255840496095,0.0017735338590116941,13.01406162296984,25.766934232584266,84.66195434001993,512.2150245555164,0.13687480301038668,0.17548630395316264,0.13246341299155437,0.09147580004701264,0.31011175586788864,0.07014169919295771
1.0010037600832304,21.716745415687686,17.24229072157549,140.876668369604,1546.5556830968637,0.09370665409156935,0.08564472547323464,0.11631769085830752,0.0844814009809551,0.1717714730066827,0.0505097641869295,1.2061358752327984,1.0529625551246282,7.728548340782556,223.83355759997232,0.005549935637248928,0.01107003984966836,0.021090745126513242,0.011995564286833732,0.0126132178069098,0.001791845906889461,30.779635973558506,26.431447901596236,199.50885827718463,3144.1694665202003,0.13642881093948228,0.1640329360623396,0.28538961544071617,0.1821417516990912,0.2510788652166531,0.0649759438253459
-0.0007839029533217461,13.531138627643175,21.83514412766139,87.30439360808822,563.7238441860869,0.079688315994425,0.08210879078619748,0.041001332838942646,0.021496933610301906,0.16371215095720587,0.05860379461352354,0.33884868093907977,1.9108968426548925,2.588451210526108,27.07818229006996,0.005433475722858282,0.02403766294319609,0.03068226593418091,0.009970310755494727,0.020295504770957984,0.003016493320422471,14.748262752102354,30.018373080537767,97.66972861391245,659.6425389022712,0.10046348867239324,0.17301101745708802,0.14530321829273468,0.062201992486144685,0.24497975768466645,0.07000767827253994
1.0012432018612136,15.087690310226886,25.7283009625408,98.05442056520644,716.7113177851944,0.10246045269440206,0.09715590121887625,0.12318361963026593,0.06551431376617942,0.1644588810025206,0.06457367270991514,0.6544404412049334,1.5072044651422711,4.162436910398029,63.385700299821565,0.010506071662700688,0.024407877140053314,0.04896736894011272,0.01745903491603069,0.021156106057854288,0.004866537417116525,18.488754542750602,33.210619605876076,121.21935762879941,1047.0955314712264,0.1660308376191252,0.23616060842685427,0.4037084940020273,0.1528136033179553,0.26570976508475636,0.09436535876035645
0.9991546871951257,19.816721149953107,20.24618329109913,130.3067413960926,1214.987266714447,0.10375636613487096,0.1310738775000462,0.14113669458464959,0.09407843645540402,0.18013523466105757,0.06180197672511348,0.5067944178791989,0.8731164292420917,3.6473642618457784,59.64050376758962,0.0050848764824535115,0.023021492367485075,0.030543794667368045,0.011863777731510327,0.010489458490663134,0.003384566727866002,23.74463573239656,25.252528965414676,160.51355599114044,1642.1975449037873,0.14166117810303713,0.33138217578014423,0.4198311748603462,0.16150221843810772,0.25466248128972807,0.09137164831050162
0.002562031089234903,14.545384011447462,13.676529817335283,94.38069955085426,659.5289925735849,0.09839084975242883,0.08900854961591066,0.0819283444080918,0.04335602550140634,0.17401988097993465,0.0564503400336982,0.4157907660036495,0.6240662831929655,2.5789936952168953,37.20900266273091,0.004914947640698396,0.018017498356376768,0.030452616298976356,0.008656539780506303,0.015412647222750143,0.002279692476198094,16.757119029603714,17.264458118104482,107.98562824470761,865.3210564187071,0.12235761319857442,0.192087361585018,0.250270687577392,0.09156920755861496,0.2625814317122172,0.07044848523401809
-0.005015374636996724,12.589073831594783,18.40608935143687,79.67995273600158,488.42631977978783,0.08397222235480974,0.041895118128975756,0.002118626973565118,0.003228167884738936,0.16991840903631233,0.05858315195682981,0.2686987310780632,1.3474269580483544,1.7217463626231893,22.32948852125047,0.006366232585020123,0.008243873776763569,0.0018378854162823964,0.0028758653867369294,0.025751930309598194,0.002040185084064079,13.494626672161212,23.086279476317284,85.5237207552943,557.5720086050685,0.10375302563296801,0.06655747049276378,0.00566868939290996,0.008880205639647318,0.2503579082971005,0.0643248818627955
0.9990809265642617,19.55959123936215,23.22550846911567,129.09540996291702,1174.8059037990051,0.10098211203391254,0.13178182714832645,0.1856629935593013,0.10214435532542566,0.19893391804587698,0.05880151113252339,0.6091310444692393,2.8382029124183012,5.372741704974182,70.13021990080176,0.011261760808250148,0.04087029454806801,0.07474627708556682,0.03438935065347662,0.027602057876145027,0.006233002797474267,20.78677308115524,30.476888234415163,141.73325476482864,1310.2183125395613,0.12530556386269062,0.2430671675908905,0.3858702343678029,0.18194634642456392,0.2570671907259221,0.07585205965986054
0.9945480862636465,14.756652465510108,23.939790728716197,97.54167593955235,672.7463678538778,0.11718801039386556,0.14807828735195486,0.12649353280434747,0.0900680336345966,0.1952586458502803,0.06653988997119208,0.35663192951916867,1.2769123159195708,2.4467784111472057,34.94320916587969,0.006715343602884653,0.023094019104253048,0.023167775433471698,0.011826306064898557,0.01901604468827552,0.00321654474130193,17.309696025451558,33.43283265238724,114.9180603552765,925.4989759062327,0.16505170493868696,0.3418175349412784,0.3019634268654736,0.16197446324550963,0.3320653513925545,0.088847279264917
-0.004094280472974563,15.69569733710388,13.942211685641519,102.04010335288505,761.1619174401177,0.09458869687434825,0.09419924872287883,0.07086632603451931,0.0593971580907418,0.1817069680249872,0.057267396159779126,0.3118066908438156,0.8190042589201099,1.9556508462115612,28.163670660764637,0.0052366071072799435,0.015182047961428061,0.0167428824275585,0.012701753514579743,0.016737107887850586,0.0023030319714495025,17.52824262666003,19.277558825372527,114.6101881851069,928.0422025266636,0.12240904066513522,0.19567921158528595,0.16897774961331746,0.13688421836210324,0.2728844187194139,0.070619475850266
1.0037349881573085,23.23752749548891,26.96003341567601,153.5217519149087,1670.834723727192,0.09528289638642803,0.1680699949400194,0.19512332779125197,0.1236678616761071,0.19102273300096165,0.06310537654180054,1.0566400313403592,0.9623449774500579,7.236620404359399,155.77851719089986,0.00644862804274917,0.028654738646122856,0.04490280119787037,0.017125200017470643,0.015925916316048817,0.003052331061460796,31.0105618885016,34.49156189862113,206.16661247018394,2945.8395240572486,0.14829230650565733,0.4131993780038335,0.5803079858148261,0.259172599608637,0.30975762417327274,0.08679619273463535
1.002451497836934,16.590278191331706,28.1330568868586,108.27108204782849,860.6029459002208,0.08459069980009602,0.10273729252663431,0.09195146249976219,0.053779730333938534,0.15894918588555979,0.056485436916333606,0.455661379940777,1.071041201834609,3.438922636183011,48.788425911697914,0.005913003747624774,0.03729246003273684,0.04720327565363383,0.015559052988537209,0.013161878912805266,0.0039023750699610604,18.956637804216747,34.13669111938688,126.65336323384001,1121.1901063421062,0.11370795328505794,0.3096654641361021,0.3420629484915053,0.14131499488392046,0.22179237721702816,0.07790072175696469
-0.0019703237555768437,8.923049348610935,15.452690802023026,56.83386839881421,243.26907301380734,0.08289604393467916,0.07666857228774338,0.04740688339362244,0.02387271404780667,0.19304666683874586,0.0662501709400614,0.5363373155749191,1.2045013723067195,4.275541738581717,30.138615774110587,0.010923268248598671,0.028972920693640238,0.03219262925790476,0.015054083716496703,0.02832896711389691,0.004187207233555175,9.945894809378608,17.716851775124802,65.07286383160414,307.0794273505462,0.10132265569244427,0.1249612228196762,0.09431832127494867,0.04735148737479703,0.24338221541980848,0.07423171832203795
0.9958853376155202,25.729961439497185,17.490004239823644,174.14870578553513,2010.023315352571,0.11493408025836323,0.23655190241214422,0.3380096706315297,0.19121628015130915,0.19576678854315055,0.06118319700712046,0.9950461538002675,0.8507099395863335,7.241351010344335,153.07197660025722,0.006353581589020208,0.0424082828249014,0.04275321872828209,0.015063536977651113,0.02335352175632397,0.0033867092302801373,33.10721835994772,23.55246630737978,229.17139773995993,3229.499241302694,0.15295987911285633,0.5941731894275702,0.6452902365710347,0.27560493818894377,0.36909115467805703,0.0879715664077702
-0.008118474035936378,13.05819546012248,19.342549614037917,82.64258922035134,522.4571213100872,0.08052599159477829,0.037749611063500436,0.0013138429251061314,0.00447934041426933,0.18216708989399355,0.055011143645094226,0.40461240650926594,1.219383899602157,2.5940241457864435,32.710562932832445,0.007508045999986154,0.008489842725559504,0.000737009950466069,0.00419680970607616,0.02191077623234565,0.0030050968018258194,14.24104010144835,22.197019638635176,90.61991994770273,624.9812585290698,0.10210514435871694,0.06256990674889817,0.0011961284668508135,0.010915553573373305,0.2435950084638136,0.06286748430337413
0.9985116170524381,15.882475134330573,23.92972272157844,103.82062519338837,783.7282245546205,0.08412014894307392,0.10035807415491556,0.09971084688170392,0.053235057257695916,0.18480491752560985,0.05337934530072867,0.4038788177375399,1.0814470197042776,2.9026317697094077,36.73632172456412,0.009769959782749605,0.03145876693578365,0.0502425629283635,0.01994356080809182,0.029814166691912253,0.0030135493332491114,16.849668818476587,27.59171611600402,111.86462785857923,878.1200745904466,0.11307526979898089,0.19123096739079695,0.231658557009796,0.11232078711740176,0.2804485245656244,0.0630516944505414
0.006628397802136935,11.932631696811626,10.9630459831696,76.0622785274193,438.28330659578455,0.08867160137119874,0.052737810739379616,0.026020572157271576,0.0179807460686857,0.16010623607984797,0.055399994916646905,0.2522177819547109,1.0427474023298755,1.6555593439234921,18.76979393817056,0.006212072869313253,0.012019663970854312,0.013533331912475403,0.005874857239584946,0.010952165901218263,0.001874578362523412,13.7774740777557,20.14235814794923,87.17931928427632,586.5735590387674,0.13719511193267453,0.15771380921952208,0.15045861452937193,0.06884344097589382,0.2455632598761468,0.07259984591246924
0.001190946979987959,9.152867789700547,13.883687877766357,59.114754629155655,263.82513510678723,0.07724668579881441,0.08772469188087216,0.05898707573204858,0.022238681954387208,0.23409236009186815,0.06961570168882891,0.4075831083399158,2.2647601342381143,2.5806469325960024,23.419917490795754,0.008732572932748539,0.03943518048742281,0.04321051081717176,0.015587838826357584,0.041872915213762844,0.005837546453425439,9.947790189739274,19.24006108097266,65.79146812689169,312.416909291176,0.09850368329229241,0.16764085285797647,0.14026350763883907,0.05069976876769953,0.3286216401874682,0.08489002365911594
-0.0015324098108048154,10.437796109743074,15.483108434589338,66.45476902319625,329.9372483939285,0.10537804306076264,0.07748331307972967,0.006033999348944195,0.012134441535859885,0.17887875070969686,0.06450267285276487,0.19040817325964257,0.9030416040194763,1.210097487532652,11.860215460917338,0.0065423264799794574,0.008030064585309981,0.00315093940527569,0.005016178350755266,0.015038382816373706,0.0028457968374045414,11.531818976807392,19.76010598738472,73.76345143979843,393.6932215119343,0.13436877780789802,0.11496149991547223,0.026273531290089844,0.0445908763477699,0.2611886848080466,0.08276788123114315
0.0012736396952053419,8.670284753693634,14.450666793189633,54.272738651223655,229.18932410807653,0.09140816992968434,0.04242647259827644,0.0005908112546257039,-0.00038124600196769463,0.17218365738302407,0.06724126208857957,0.21981407398156388,0.7916076684013638,1.4344986391769794,11.384942151406547,0.009169669339058297,0.007974205535320088,3.4584801235809816e-05,-5.011040354885087e-05,0.02713047757623646,0.0033963198010835832,9.236738903562003,17.075311455060667,58.684490651113144,261.50877005533164,0.11635982793738339,0.07169044438065754,0.0005202768336442626,0.00044853477629013786,0.25904173855774404,0.07848197726379362
0.9957252566754622,21.062588984943464,26.564831062872543,142.44705603253902,1309.2048233727453,0.11410691639965614,0.2835225409118914,0.2483362649056494,0.14951291637335315,0.2395267929962834,0.07394154301508288,0.6292198444734322,0.7641348013349676,4.429209126275116,81.10896667560819,0.004272859944631213,0.04754789864556892,0.03862658775641938,0.015618993661116472,0.01798873380297502,0.005274039936615414,26.699389918980373,33.485138506880745,176.70306836693203,2082.890168663175,0.14923543997951946,0.7577661480152262,0.6784059764254458,0.29063422976596615,0.4104667481968023,0.12838004861006164
-0.0008142312429301388,11.53486157929733,10.715017077732357,73.8309660155578,406.01055235685703,0.08597079084939614,0.05944304088574543,0.013347947996474594,0.009226926644951687,0.1831505399692048,0.06102941037794379,0.13130786331160302,0.3606975486871138,1.1168731808331955,9.390511168421037,0.004149220792137959,0.013256731771277319,0.010080905400156194,0.004622407461684761,0.020324827140561844,0.001962483028242253,12.318723402960373,12.915554170636254,81.46497963851643,468.9125529614613,0.10922821278508761,0.1613941326310907,0.08273063885101876,0.04673122640256623,0.33876738760224934,0.07442599340407828
1.000272422811858,15.115092974461072,29.81929274869692,96.96024895776587,720.0188941318341,0.08319586779700533,0.046125169135809274,0.046783706961024435,0.027472717904371894,0.1853832522526788,0.05290418557687243,0.47015069505901985,1.6264358820833051,3.0313970331612627,45.54362042550273,0.006815794169182277,0.014255152131638608,0.024632042293241483,0.009087338418344077,0.03158303096776892,0.0017623283562594844,17.23220091016318,36.92250837121772,110.11035224792566,930.0312739550158,0.1146948198072678,0.09934794774590942,0.15295532329116296,0.06549969594988099,0.32340847228854575,0.06169379146484754
-0.00023578988248105465,13.698565846773283,16.363341489896516,87.957182937214,575.4331300685121,0.09272777836799077,0.0726247939070996,0.01703085720529658,0.018615490483337962,0.16293891117501588,0.061541995060083426,0.20586823104757115,0.47995731344478637,1.3857128860384116,17.172156089216223,0.00382079065521953,0.007190376085309384,0.007375014085282522,0.0051211728602351516,0.010512845615124779,0.0017217971090248765,15.854310190965668,20.164003225491843,101.19394156891035,777.2185004418378,0.1264090492744339,0.1551719783501386,0.11875118672022808,0.08721460003714557,0.28093701583715597,0.07784678467696783
0.0021656523911822343,11.340695184032008,21.26431440577933,72.25504412781738,395.52184712602264,0.08755709212122044,0.06589050240982028,0.0507649915719066,0.01883927829968096,0.14863894991390803,0.06527916892666215,0.2329794184082769,0.9897819356103006,1.594315295877673,16.363760930625762,0.00909764508681072,0.01567829609154461,0.024472340333018566,0.006412878557832121,0.015735729923387336,0.002497237191006044,13.076344632660346,29.165470436204178,83.99545265897618,517.9539272127737,0.1701627127476549,0.21793316947372773,0.3156199476765622,0.08290994764550194,0.28322178043976437,0.088307121102649
0.0009438239510747722,10.484320010292569,19.268312028248104,67.51027788591927,336.26847364584296,0.09999832475111364,0.08587759023596388,0.029926753339306347,0.011886891846725088,0.2217137882777612,0.06482313546559829,0.3559759081366272,1.5340104575699942,2.2927432144685436,23.16341541420348,0.007576717259771544,0.022079376667351536,0.028648092546399297,0.008596487280114142,0.027068077097688867,0.0034817275376707152,11.561077378734035,23.33262127369422,74.34156017761681,406.94905438873445,0.12185608268922475,0.14938525571061212,0.08163793078541931,0.03164373085746989,0.2821781562370798,0.07548788494805254
0.0018302360079252276,13.867867321998759,16.229617396388115,88.7167371169955,599.2071221499596,0.08742205374410937,0.054675613641861194,0.014609391511540832,0.0209594468160277,0.1426812927847596,0.05875226993551052,0.2552210991186225,1.3618852036317481,1.7390172878683177,20.714083354622765,0.005647915740148918,0.007885648334639889,0.005216152212230565,0.006034063951583448,0.015488228529555548,0.002096790211356327,15.113833151935568,25.561513587064706,96.71354541120192,696.0859295379178,0.1152432353021816,0.10093722557240452,0.054452890396271214,0.055835485120304604,0.23597400974473978,0.07121511411369486
-0.0018851334583128777,11.294481434999884,13.061918954568226,72.16680396783958,389.66068313988956,0.0982824697626973,0.07568904802116945,0.03230871175947282,0.027844341209282013,0.17684028204048927,0.06273267913199279,0.18924044152203803,0.5277067977583489,1.1619247213861812,12.957969092427863,0.00646907718075968,0.011136947882633128,0.012700409486389517,0.008870044508615298,0.01697363945408616,0.0028206139221925546,12.330097926426575,16.13131852000826,78.23463411576418,457.07650734526015,0.13593815750359595,0.15110869645700362,0.1266931541277344,0.08717238838777212,0.27339578899237654,0.08018877602838949
0.00245870135894896,14.232388794089715,27.865577746115786,92.56403444618172,625.9884736789538,0.08219220047813464,0.10415265180828483,0.10994020968150503,0.04431148435019258,0.13410590322573432,0.06126516756852745,0.3366211256628936,2.3224371148176997,2.1207456936915006,29.95252170241984,0.006307778409019874,0.02858334796018437,0.03879763283180888,0.010092453044114023,0.011837255132041749,0.0035671250457154744,15.700724359962289,40.54338574617372,102.3114486906972,766.6160787250958,0.10824643998820309,0.2422174929666035,0.3064113738689762,0.08266947153495731,0.1896111132708664,0.07807426114723884
1.004460905269888,20.239920648785027,23.047739286133936,132.12222394614028,1265.6794114588247,0.09086056106760491,0.13135382187550745,0.1467405815497287,0.08693030157300977,0.20942217888217415,0.05653474902046008,0.7573692921571487,1.5050428801971418,4.5574861560259405,88.07453281483018,0.006024268320811794,0.034739631611805405,0.042274109424175824,0.012670403375274185,0.026642235686329903,0.004415866194760023,24.188417829267973,31.55621396943202,155.9040912585604,1752.6372989656647,0.11889420788433486,0.3527030920480454,0.4088248066034618,0.15749470055740458,0.3686587532100238,0.08358282406876338
-0.0026567910508168385,9.721079575805115,19.113553214390343,61.966900830018076,292.6440894243992,0.10754946296062179,0.0836628853977075,0.008827090712362496,0.01937709978951393,0.2540343741230145,0.0702724606100183,0.6944717286979813,1.7448822241839825,4.60910485237702,43.30371815892081,0.013042390525500339,0.018901979173275987,0.00605625425434735,0.010470572988554977,0.03102039848454764,0.004216273550206129,11.13934355193985,23.207838385211,72.14948431117939,382.4673502926169,0.13976737474757117,0.1341748108500101,0.019280718439847064,0.04547374412560835,0.3194436232683599,0.08022305617577126
0.997569011965497,20.50218762690887,21.437894528742007,132.35286495983036,1305.6217625409408,0.08359102319118497,0.08346704433562856,0.09033775575620769,0.0599279163118224,0.14630266291782,0.05176820838657465,0.6880548262971233,1.045228974736762,5.153217830887361,83.42294949982505,0.007978127374291885,0.03141968202962321,0.04270018505645086,0.016688996160700766,0.013371847208624438,0.003936340670224288,24.26867790031179,26.156254725972413,162.06656347856293,1742.3866008431871,0.12273737760208348,0.23086467522735946,0.31509581279095566,0.14430543640976898,0.22393292129423342,0.07131380565709995
1.0036580957869587,16.121718159847955,20.659341174680552,108.12761791892524,794.711080887923,0.11698114618729943,0.20179303278056432,0.1724749332075361,0.10291729076247699,0.21625833007205084,0.0736301988748595,0.5695121077706375,1.072416917224245,3.8651851866829308,53.89572621385577,0.007020810824419684,0.02499649235242853,0.031711911634874086,0.013013257485085214,0.016873727838903767,0.004142861002159569,21.00297997969561,31.53821825250944,136.7994823039896,1311.7366310142677,0.17890869509511603,0.42219992606652085,0.4799861489278222,0.2070990436192173,0.3707963079000062,0.11411011926688311
-0.0005240027245096334,9.000542540765677,17.291083845634112,58.574019977146634,250.12471872492412,0.10664197739319305,0.14157981289655192,0.31293458133263885,0.043454058635149465,0.21148588491704423,0.08044982706018058,0.32707247713867177,1.19598805315105,1.8930199440815447,17.863691476617323,0.009556913978941458,0.08593272716103803,0.30384395488039906,0.03322334043160707,0.04201926410760926,0.00956645074111856,10.321053742772618,22.57829367602159,65.55505720481484,329.2970178273139,0.14833770621451228,0.436765466944795,1.2530055515626337,0.17505879334471713,0.42301550465911975,0.11754723358107752
1.0038444178302823,18.61891403646951,20.25563823659896,122.17510012315658,1095.6153319834093,0.09435288317636545,0.1064927323369475,0.14887184567074532,0.07726038569599684,0.1697834816470143,0.05703544179244864,0.8528461223239052,1.8420042332827902,5.6465277484291745,93.52099708895966,0.010759226702265362,0.0270938971912142,0.050872272551107794,0.01908281929084958,0.022970144307908565,0.004215462721466528,21.313802080336128,27.264550365003096,139.7081748671741,1398.8286387546502,0.1336996820481643,0.2113001754320211,0.34343979939439984,0.1489249891792783,0.2338318742249343,0.07414965142623395
-0.0012119007381918472,14.44930684332043,15.17801432057079,94.1117331904183,638.1701235926171,0.09968099296546398,0.10219905189741431,0.08508667361452102,0.05538689902020379,0.17224374302540896,0.060811432198280294,0.23956556840288906,0.7410039386327643,2.1262296671506022,21.025069492391637,0.0057263764622434285,0.023049476858689636,0.030787361845182222,0.014975413347253273,0.014493985566162028,0.002542768067287206,15.806338931003504,19.89825274745751,108.72566752656603,769.8309099799017,0.13173595671700103,0.2736599755385599,0.3099234724761717,0.15947875590639138,0.2689314470011788,0.07683310214733605
1.0039846971907544,21.05925538332017,26.55953041014849,142.591653287329,1310.6490365557393,0.11417100196892088,0.2830124811796545,0.24900774945807685,0.14934978197588145,0.23949407769782083,0.07399523782380658,0.6306776957538686,0.7624446160722905,4.415715858385917,81.47898385700236,0.004251441327718305,0.04747347029516648,0.03877733970653621,0.015648500478445328,0.017973943665695668,0.005251989456992927,26.67382899433483,33.44994553623013,176.84413229687027,2091.346334614197,0.14911268295527874,0.7585341355142579,0.678895969226571,0.2897872727064882,0.4098682708404647,0.1283548406538575
0.00036007886858881974,12.344609170349294,14.879670496403147,78.13271579201809,467.72339702779453,0.08688400819690346,0.04618622677720401,0.02102226289158574,0.02031470969561453,0.1571095301897394,0.05708256612503206,0.3832374946225864,0.9064412372235243,2.614682524294039,29.90235651930803,0.0076704327932083476,0.008527239062372507,0.013059616067136414,0.010352166201702945,0.02970885126391513,0.0014350008313508925,13.230437129232453,16.84462577158557,83.81093032791058,530.6895654564064,0.10509023736695479,0.06777441303959346,0.04852710455836302,0.04813189879986322,0.2301999005774465,0.05972766565616985
0.0007071693723182065,11.31477428287571,18.16031984715055,73.63173133845443,392.38899735546823,0.09584811176554482,0.13224612710147227,0.15483712523095242,0.028519297722298026,0.20551954319191168,0.07672109973056963,0.24303944294320723,1.6425107212580712,2.368069707476391,16.17735594467081,0.006663849184110839,0.05915057046742777,0.08882949082943567,0.01319156558823304,0.019927924153227587,0.008693992584488245,12.583697989130654,27.94639451470788,87.25072105279935,466.27325582242827,0.13473978030659595,0.48523183470162745,0.7436951870518758,0.12190526124448882,0.33072444817597935,0.12978736545055064
1.0042850393190095,18.497519600979516,17.546670613265505,121.26314380381935,1069.4913990751768,0.1011373646302836,0.13160227274998829,0.14873993370848188,0.09194077975121592,0.18345989053276623,0.06694485426954981,0.7928137621355577,1.0436006379476481,4.851340267315681,95.46957420650763,0.007976983444687846,0.03217486224464379,0.044358084787111215,0.015732057750144718,0.016272541282197715,0.005284536262935225,22.734111093600614,22.856917701665196,146.50541587801587,1598.1104758992585,0.14118790753780863,0.30860267586773316,0.3537806191556128,0.1663388105656084,0.2509929347518061,0.09449811825192399
-0.0009907220974234594,13.91269343097933,19.22418509982512,88.64954109908955,604.196548112958,0.07991795837405996,0.0532911195622323,0.02955359833144691,0.020933484995860067,0.1579548957833696,0.055903904481652174,0.3299390850236908,0.92040581163629,2.0736197815829422,28.1905077464683,0.003688626035730363,0.010863593446932718,0.015358808591009208,0.0062199464208343635,0.010630162092909911,0.0022285608779404375,16.360528654951647,26.4282578531559,104.50318331900557,837.4016919660605,0.10647170675480512,0.14165905323815153,0.16776756228788553,0.08159955940664855,0.2352749855837253,0.07592556528729202
-0.002577298356110952,11.051795071009154,14.718580346518934,69.9954287848403,373.9369697053465,0.10072637474750115,0.05711367942056457,0.023984243476230314,0.02596352365747522,0.15652373703891825,0.06666657662396004,0.20601354012596026,1.8076028500198678,1.3935998675932215,19.35927529391887,0.014962192402459513,0.021123691181064396,0.014833458383887364,0.015914111469840963,0.030817311772816065,0.004811611688277101,11.388841203873255,16.776269782276493,72.33128371183055,393.6328051881149,0.12155793449954734,0.08260404417401974,0.03968396400860963,0.042832397591744044,0.19079027078228122,0.0730308798867951
-0.0012284100022382969,11.756648984925668,17.52690837967876,75.95267154637664,422.8258750006134,0.10715975637353531,0.0972257258931999,0.0530249253524894,0.044416201041617115,0.15991120172452927,0.0667736574392765,0.43522091149939374,1.9076858657375582,3.1489163232668806,30.509159236537954,0.006581633573854108,0.01805982187043407,0.01710235635685555,0.013174227713287467,0.018401790400929364,0.0023206682398704587,13.498027872268267,27.97625396939163,88.91818143021169,549.6620404958081,0.13467600502720642,0.18330006844162094,0.13581816254903525,0.10106766167099172,0.2478488705448675,0.07759512817016874
0.0012387335845727401,13.043921842445515,19.34423426646324,82.54775017201338,527.5931316286326,0.08062037749565193,0.03835684554729109,0.0009016951509749308,0.0040028716927095285,0.18180134869920517,0.05500190022815042,0.4048124030502039,1.2131139637313373,2.5903580466556955,33.05592687898405,0.007471040382407639,0.008659088087577562,0.0006143617447033844,0.004155101067311768,0.021884116774734057,0.002990045212621422,14.1805662721101,22.267418684651094,90.19433790118838,620.7867388531117,0.10206999034119858,0.06246896300131465,0.0011860212184956085,0.012043514469978815,0.2442414330160704,0.06292184801066798
0.9957121097249018,17.18030309634897,22.066572834848518,111.45118047524107,925.9415149221588,0.09715925620356232,0.08980795112133376,0.09073935206907975,0.0650344500290901,0.18655400688232585,0.05582605332891208,0.41855619013634293,0.7355731458617308,2.833975106387986,45.24792908144877,0.004502981412998705,0.012001823187629069,0.02063126334655937,0.009910126142237598,0.011483813271284223,0.0015833617935950253,21.55399156500682,29.322738970214296,140.6316516983776,1440.0346523418998,0.15576802242553298,0.25682963465192177,0.38754412766989516,0.19883193736437035,0.3216094714438908,0.0756374110238552
1.0017457381104804,18.26748522357976,19.986901565567152,119.52327931293125,1035.6490399342417,0.09458355893886511,0.10911444225233825,0.11272127967521972,0.07388763068710782,0.17915135463095394,0.05746785837883827,0.4468907065303945,0.7690516376191192,3.1881920223835176,54.066275795048895,0.004305620401902278,0.013565775414413898,0.022649127547654458,0.010415801137284625,0.013617469913364409,0.0021789495482716446,22.844050634876652,27.626235588939068,153.21647347612978,1605.193206314608,0.14400132766339827,0.2580876564446564,0.37653260409969597,0.19309394017253736,0.3063270126301546,0.0838276752142091
0.9985245544257982,23.53971142253879,24.3253423658326,155.24820647304227,1747.2986573671294,0.10687331922511219,0.12750370164132607,0.23112074389952816,0.14109016685435036,0.17947887381928906,0.05502420563642725,1.0095336805613524,0.9251318898758395,6.4652298718197025,163.88888129543238,0.006285959300043042,0.019769971142369502,0.03592424434362808,0.013058161136424584,0.014770270475428837,0.0031056431462712303,30.666292794387246,30.764776501906155,202.27637803537473,2903.9211834846524,0.1514908874504173,0.26668744112212034,0.4817627577610817,0.20870753435964987,0.25882470172310296,0.07745549291162189
1.0031433282636133,17.506040157860138,24.71608397626593,116.18341153673272,985.244731797338,0.10486921346444582,0.1602887252275111,0.21633067965157668,0.10437404163443822,0.15367334745552688,0.06362307829700024,1.088866507289402,1.4145535963246951,7.333705737168014,122.30807123532468,0.006167123910078165,0.03624420768286365,0.04706481797921011,0.015665666725888445,0.011495624327100237,0.005111862098091749,23.14583442858188,32.35465166236303,155.35296277197514,1664.6945580584716,0.1373420881020832,0.3827269938237513,0.48997626601733885,0.17104809702019605,0.2153186380371977,0.09294194606616331
-0.006556772149586979,11.716408088522954,24.432705213613005,76.35201192725505,408.8064035987645,0.12356091937786377,0.15510933590956735,0.04556968097844915,0.044848118759546314,0.21293359821856966,0.07399731783538832,0.29396797623412835,1.9785733944684658,2.1613948069412645,20.960874277167033,0.012898365003031351,0.03499318218645942,0.01878935433332161,0.017671700047894364,0.015668288279948876,0.005806434230711396,12.965839690299427,32.15485210555627,86.25132428828306,489.6246683046586,0.17675661935659354,0.324156302730444,0.13784914925146077,0.1311930034542978,0.28069660392180046,0.09963297419046227
-0.0021540400421230293,12.45779597457143,19.87588421457398,80.51564826143753,474.42691553314256,0.08451052764808115,0.10116294467559138,0.06825358508065012,0.030817187419756236,0.17814425502546688,0.06256447535749153,0.3641062625533368,1.0360974474290312,2.578777820951315,28.798951240413412,0.006529391794049252,0.03381875288678674,0.04737662264506195,0.013986433605023742,0.02736636918176573,0.0046593453903641105,13.481865753844827,23.02631414086933,88.17242446049693,548.2467699018207,0.10503039330166587,0.2164437556782486,0.19072648252727295,0.07653926762660697,0.26852472886414447,0.07761885877093855
-0.004618456640885949,14.297084430730067,16.812253595467045,90.13939705254995,635.7242542806624,0.06425081251468649,0.027063212392015187,0.007888802212700004,0.006514935909320346,0.1506305448001492,0.053771175468727735,0.13260276141574903,0.7204353444136724,0.837100714122222,10.899711436322074,0.003493175794098809,0.0037115495267849036,0.004756321858347744,0.0036324797337269643,0.015321301441084855,0.001381179926653133,14.912217460832313,20.61786539460541,94.26766853843871,680.5361221783978,0.08568210214522601,0.049145186569009174,0.039598437693204945,0.03313001175278024,0.24586539648718797,0.06116920367346029
-0.0022626605566383787,10.265401737940852,16.19213312434096,66.52447814630335,322.21396019592174,0.10599292960061796,0.1110055124883007,0.06736522130783998,0.039667423643956284,0.17385585310110085,0.07280759945067913,0.37016610635929975,1.4708494507559786,1.598320706395292,22.558008651039085,0.010483450081346905,0.04274204890449784,0.03981469689266023,0.015439157035052775,0.02721467838297369,0.007590309502973662,11.309893009283726,20.628407068576863,71.43934204936667,394.2466190927905,0.14014871114918512,0.2351971183399689,0.1876032224927533,0.09691350131621479,0.2604042994214108,0.09713657231325341
1.0006782424114329,20.132433875002942,28.247496172014024,131.22038087416635,1260.299002162177,0.09785709633097245,0.10334859852594033,0.14429125121016054,0.09759832362702303,0.1750525129155376,0.055280840314049375,0.7669203015288217,2.465438580634223,5.2057165290519665,99.18095038178237,0.005775880370579685,0.024244217105626145,0.039428677801426296,0.016790323693018243,0.018952904104702305,0.0024890495795336963,23.679948713730358,38.25930265703539,154.91083877957277,1731.0557583715172,0.11658932843153046,0.19266194885616922,0.3211763785341374,0.16237515993276158,0.2569139090155035,0.06646136443557901
-0.0004908188737073266,11.082626415862604,14.700595091529161,70.14500185120033,373.65585218354994,0.10065511977610772,0.05732075645544419,0.023759920197096523,0.026348171618028108,0.1565333342094496,0.06668995708406783,0.2077854966159823,1.8067123762411155,1.373157953199771,19.51993425860568,0.014980057190873976,0.021356742462913216,0.014691551858072041,0.01582462341687068,0.03080831948117408,0.0047929770535208045,11.435694139931018,16.84667123121012,71.84524433286391,391.35510813142963,0.12150217282815812,0.081855865323592,0.041348906763710065,0.043223423646091066,0.19053653757153768,0.07313325447591877
-0.0006938840292377733,9.892545189680627,17.304911852705445,62.98024220171194,300.43842144005026,0.1089617310364444,0.07176484698919734,0.017673762983676924,0.019513634158492495,0.1933144602236232,0.06286867953615598,0.21225411653050358,1.3335731465528085,1.5262503628866937,11.994698669280446,0.009728630248473306,0.012391818487126503,0.008067313866011776,0.007517779195047236,0.02213811506722566,0.0024843266977116257,10.40411553241277,23.20898997821642,67.14131852764646,325.67775451458033,0.1415013495695681,0.12389734669309817,0.06279013465517885,0.05584714568256895,0.2994512780340616,0.07386291012058166
-0.00043593377427011043,13.33880930028025,15.857282354230382,86.38203323093111,522.9453571561958,0.10768719872485506,0.15317215125372588,0.11656113737351657,0.06995453568170462,0.1944146831467708,0.0690107286890404,0.2870337643263507,1.0175388309577857,1.5481907816731164,12.786657404294065,0.0068042100626048395,0.03574924060464442,0.03989150232107426,0.013798103000401643,0.02131633686407028,0.0045851442286113245,15.504580686242388,23.158783267539256,96.74176963815724,611.1933110334753,0.15360724740035092,0.47988391714008594,0.48356288852359613,0.1710543272564235,0.35250318021840205,0.10167637268922404
1.0005569863681576,17.035352176244327,19.134719153247335,113.4705296451548,897.2275699043985,0.11412188459391102,0.15747835430118343,0.19132301861268092,0.1090878769538619,0.21301331680946053,0.06328945755845317,0.2956726804992882,0.6761678913182005,2.1629265884366293,31.931257788607702,0.005541011422449254,0.02014222726902625,0.030501362821477713,0.01386903875487876,0.011684523157065089,0.0023156618147539133,19.561120348122415,24.921017976666327,133.69156298156236,1184.8833114081742,0.1701876764394874,0.3942193576377095,0.5025873897391709,0.25433178875067686,0.31111272609385315,0.09061540663722482
-0.0027619139899419344,11.731675254118736,14.022159236303148,74.31634527734552,426.5283125164194,0.0781794902120326,0.042788910812188864,0.023760446923084724,0.027549146012028465,0.21022445959168615,0.06121479941878952,0.5627063410763246,1.2639874709199956,3.7141726873419323,37.744183148983524,0.008013483124693186,0.014402398277708523,0.01505517993554684,0.01851472861431811,0.02915341552212774,0.0020200758961043132,13.30406421954161,18.24131695196892,84.53227591426702,526.9043836567596,0.10363340064213902,0.08562427688847721,0.06645568891431901,0.0832555175813712,0.3101601999519044,0.06691736330121603
0.0019357344019388543,11.552732173067717,14.482481985631546,74.24643410299508,401.1424567573275,0.0997645029506809,0.11177805783026426,0.06719738199132398,0.02577996746659341,0.18179731807960153,0.06778526114022607,0.27748963080893274,1.7674680736079367,1.6357355880447095,20.7915345527708,0.012136976767519079,0.04122651148393623,0.05548918834624068,0.014919549167373859,0.018400432970839153,0.005490280618540481,12.211613000996135,19.68629739931162,78.66706324539497,454.1482177091883,0.13453262126503193,0.21253376398330398,0.18052681961883135,0.06931590820759251,0.23286181639802012,0.08139514102971368
0.001814735753756394,11.94006012064629,20.7685024825995,78.03466933887503,442.56990522937355,0.08605067159792597,0.1009842320767497,0.0657726977786729,0.038376670292520065,0.15879402305750323,0.06762250919738486,0.2739512291912988,1.39115987915131,3.1987979096265438,21.641651246082287,0.0067159529264913505,0.0515200621300238,0.04403439171713907,0.01635033592180651,0.018638959275027896,0.008023647216905995,13.248288870531177,27.237678384691662,92.50402512317083,543.047466310268,0.111579262105255,0.2810997848506011,0.235674645706001,0.11580478266059518,0.24708670113637382,0.09985525015966946
0.001054440914795552,9.853833162000498,15.702913827230404,62.578384243484074,291.00971402252924,0.09491148780930159,0.08469499212970148,0.023094492859236433,0.024380658856765384,0.13858197488885687,0.06887780335580303,0.2500361321718078,1.2113693731128787,1.9633525405600127,15.528867150019485,0.008721210257977681,0.020611293315606793,0.010810770612767253,0.006816877523538415,0.018227076421332148,0.0035195380836490747,11.186385579174686,22.97076461447181,74.28782975808913,374.9633009560376,0.1422020723465255,0.22412311624265055,0.08427657192837845,0.064511536172826,0.25005642559158653,0.09201772644806956
1.001524087823816,18.503458629453746,17.502757744288854,121.21477451090608,1067.525518147098,0.1013348687549993,0.1319226049464713,0.14887523444338466,0.09201078813992454,0.18319169500516266,0.06702891639476553,0.7926542803282737,1.0469885181188978,4.857885167078198,95.47729504645388,0.007958175989995491,0.032336176600145004,0.044121672328429375,0.01573029749667263,0.016109457384652536,0.005280574815140153,22.754549349608226,22.914074714247494,146.40589268615057,1605.6226463294963,0.14118244466155738,0.3083396921408545,0.3526570859951467,0.16584607960411513,0.25139305811096263,0.09438710805012711
1.0008117518752495,19.522471260061035,18.87968463936512,129.6418487556769,1216.771595003485,0.11514089747942478,0.16403863087728965,0.22041132149632134,0.10632675694796248,0.1790919048526549,0.06555823424820084,1.1117102387560913,1.1631543626673093,7.23849560996674,132.958805759221,0.006028170693019791,0.032056074823434005,0.05655298419479163,0.017273916061814706,0.018911321345414935,0.00479865424252422,25.891976362611477,26.21582034858294,171.06575519324733,2052.113735931373,0.1494651601383757,0.41174501263034763,0.6121037767119023,0.1978660126805737,0.29692083501368544,0.0992632182091233
0.005573124996644732,11.075189343540805,14.970938789315596,71.44610590193169,377.0698517296111,0.10317814803659,0.09134781652231422,0.05366005217840216,0.03318931661383282,0.17762402156102414,0.06906502875445736,0.15926680615800104,0.8226325803919021,1.3815441229271872,11.015182022030679,0.007395984264290966,0.01882108262571219,0.027432343953851756,0.010052182032357094,0.023574162576917426,0.00292819520917285,11.909270569067386,19.927495627231497,79.98158536165127,439.44343525571827,0.14174729830699603,0.22054359801551482,0.2292215193472735,0.107897002510431,0.3300946494579437,0.0907344210498181
0.9997614893276309,16.69760910337184,20.22352280958863,106.89716481598876,856.8941620149959,0.07515258703692729,0.07090552995446578,0.03627165447528755,0.02335099751021202,0.18456662192115356,0.05325134103146979,0.2453676346248591,0.5654513155602119,1.7899146948127471,22.94378939701466,0.002663186827802695,0.01457015847971743,0.014336403654578302,0.005268308354586006,0.019563978751199123,0.0017355674894282299,19.197011504350506,26.481310561169064,127.52916909762021,1085.6913850858652,0.10077885659177521,0.2916255864707892,0.2474326429178838,0.08806154928581786,0.4681346554247542,0.07609329521396484
0.9991590410242944,17.655198617216133,20.740957911006287,117.2486901656231,958.8459595676491,0.11143299388788797,0.16679225801105635,0.18476885418605504,0.10521454984061315,0.19696654004374753,0.06163004866655279,0.8136373145935077,1.397235912444084,5.547278391288805,93.70848742343213,0.009035967998766064,0.049430255101628594,0.05201644079032894,0.018331417434836884,0.017791166497309108,0.004931129660122561,20.534834620050606,25.09111632610569,133.11770865848152,1301.2117977059409,0.14188557893417938,0.35031865242678506,0.35689394829914806,0.15143960364654652,0.24639191469037455,0.07744272882511087
0.9979364363002968,17.448968880874666,25.529390029613584,114.6420642527671,949.0038311277847,0.10067179770321814,0.11420643857060161,0.16785106951495204,0.06603230998333419,0.1309401379003649,0.05869264675557239,0.533180886057744,1.6698954767474714,3.7695501792952144,58.252506917383705,0.03111821150359662,0.08542871830886055,0.14415529522529355,0.0393217281076405,0.02170823180860948,0.012552666104351354,18.03966553339457,28.06421549249572,120.40519579315372,1022.3290243035121,0.12421437744545287,0.18032411020147,0.28088684060870284,0.1096750964791784,0.16026945173151197,0.0682121469217677
0.9971731097426416,15.119942476154034,29.77763239735902,96.44417511168959,718.1089655259522,0.0832710527414246,0.046360839619736985,0.04607316845556445,0.027029410101866373,0.18526030534328788,0.052926064962304495,0.4687436315771319,1.6227348931627081,3.044675644198877,45.33267714249651,0.00683217319860753,0.014386143756828604,0.02479513411305405,0.009100508648508008,0.03149654778939705,0.0017634014054926364,17.255770132238403,36.968823835265965,109.92937883207132,932.332003571268,0.11472913750666673,0.09900432155015762,0.154909645300935,0.0650310764531732,0.3237370076668179,0.061525705824411484
-0.0034080329282444705,14.226757192983106,19.616041021966694,97.98618695066567,629.984834579053,0.07829710286716533,0.22318237455699705,0.30059098799953865,0.0775311055163832,0.17033669631100687,0.07768046022906173,0.36089538740897537,1.493004243041813,3.388727564367617,29.094239445661593,0.005291551198582689,0.07448532758001031,0.1435405290575676,0.022918899293670445,0.02573843331876727,0.01297467275971548,15.27963374513543,23.69053533904632,107.37651141437824,709.4071522585554,0.08942284397682057,0.42085130122468545,0.6763665888654666,0.1508175684468183,0.24019576663194542,0.10817764275695713
0.9975659950348371,17.969010160046043,10.337939100696657,122.79237706230158,1000.8274600037212,0.11843611344866226,0.27730212202726806,0.3013894463984085,0.14717000933210517,0.24192055570771318,0.07873233079147438,1.0938877296467862,0.9048337602661618,8.571202029539931,153.4422267637265,0.006415211035366489,0.04901906178431467,0.053867642884590866,0.01578953531140278,0.030009703601796014,0.006212581533815203,25.355522226805924,17.35265106809882,184.76746723143683,2028.1882379811036,0.16207710928595434,0.6649900365079918,0.7130875520680942,0.2651976719569677,0.46048078231684236,0.11888289814444118
0.9998064391089849,19.709492174048027,19.82260522463777,130.53504157783786,1205.4553364931633,0.10619212716824104,0.1848371103232441,0.2415311200775007,0.09722203561131779,0.17328815729488878,0.06696310422750694,0.7668323848353672,0.7797295273665968,4.106069640417599,92.52164824004927,0.008479597483556289,0.0505710282415926,0.0678016887997408,0.01964299479485281,0.014657560161347212,0.007258378426886984,25.259880960923823,25.625679393393824,159.7106917977242,1936.0261137604264,0.17078151855651896,0.5939109529632005,0.8486891553848787,0.25178790315805466,0.2736683424955009,0.12971688457301
0.0009154798180423957,11.341047907947239,21.286770630869803,72.3993306617275,398.0727562602226,0.08763058397571111,0.06583032511555661,0.050562347342080566,0.01855247520524927,0.14857742406881724,0.06528138129967068,0.23632924541633954,0.981279283227977,1.5965116317897243,16.57728395136362,0.009123350740817375,0.015349433581035205,0.024413467905717717,0.006434913982289171,0.01563900917342035,0.0024790808130278103,13.033188872828884,29.125644300407746,84.26845439763238,514.5072868701137,0.1698422393163466,0.22021784167536454,0.3121934716939393,0.08250809031107421,0.2830394480783387,0.0882195968234644
1.0001400544562766,20.304499676683378,27.059680768836962,132.7592750927406,1284.949640586517,0.10001688813349234,0.10865670972113596,0.15231450958225626,0.09344890906790872,0.1814099599252897,0.055720387905185846,0.39595521105203035,1.0325859233004522,2.5654504881404905,52.36377457710178,0.005046020709033903,0.0157623843601311,0.021109508858531335,0.008257391684978296,0.012869848054210022,0.0018876616830696494,24.316266319886047,39.147390758659434,162.1952516619758,1845.2296154909504,0.15230896543654895,0.29383270035746334,0.37971443404184513,0.17047419754099205,0.31516719878618404,0.07986434836713607
-0.002096447231031606,11.733234685757832,14.6362130074091,76.42983537566998,424.9711557553012,0.08107758719934112,0.09677043740101901,0.06692520280732693,0.026856319639226786,0.14981226153841457,0.0676091741364984,0.19222114254533015,0.6434317155194854,1.339429042934811,13.079059269745597,0.006961158652413133,0.03909038812422133,0.04005340987840643,0.015254333271711365,0.022458079739126027,0.006813747261637276,12.513294682716321,17.60478103584959,81.52588942737755,471.1704119349374,0.10732457703264878,0.27906337549141846,0.2693925855707479,0.10587520592866749,0.26038895531133965,0.0988382308047036
0.0024651893809430835,13.252446795244364,20.125460819111474,86.97132556943285,544.2612168410428,0.0828455202013279,0.12213115185210899,0.10159843550467429,0.028635638939474826,0.15996649682490624,0.0643803944009116,0.28128185566848235,0.809728264799055,3.366465760886483,24.10650482352126,0.004927652394565436,0.06665486682856313,0.07673022185118503,0.013711734134575439,0.015240742637021527,0.008124358735533898,15.451705475649813,25.449988744884706,115.28910619194968,734.9821284969023,0.12029471188569651,0.5630698973314692,0.6569936108397039,0.13532186425392512,0.2846931783588575,0.12475764722886634
1.002024909491617,14.876826441200771,16.66612616737824,98.4021677133024,681.2779880003766,0.11618770949236161,0.16507967380559754,0.16887010690403134,0.08917340197549917,0.21547073041215967,0.06770147600300604,0.4278437287282922,0.9503072944151375,2.9867951790701635,41.08992258084841,0.00696663283412893,0.025721980955943094,0.030362328756246653,0.012692369388058164,0.016018004402629685,0.003888282904430727,18.781578738523876,27.35463684523555,126.91978681440568,1090.4326028689907,0.18789369629329222,0.4472225750298604,0.47004921154219836,0.20278536896227597,0.3585825444901981,0.10647840866154894
0.9995627970886495,14.996347862928374,25.249874682901858,95.484166236341,695.598518408635,0.09395024578110596,0.05143807746054237,0.02368900693889637,0.028991945558058018,0.1564493348438751,0.055069466070645515,1.213505716859421,2.188251218285142,8.070227473515002,105.85066156485881,0.006881392817548049,0.010993308500964064,0.01804418203258694,0.019172029374991458,0.007853249586484076,0.001741766224037769,14.979681075391543,25.243078374906773,95.65377371368766,695.1207424602463,0.09393537472315243,0.050011227985419196,0.025217202281067004,0.02927366882205326,0.15671472957968055,0.055009739804098866
0.9982119645117153,20.588231458310304,22.10532713039866,134.58058512033884,1291.3304069481512,0.09094249233406779,0.1347823553123977,0.16391803873378305,0.09580525428797586,0.17658010336849642,0.050232669227383904,0.8578503935537257,1.4781831357518411,7.0255047168346065,111.5872963880851,0.008112923863395707,0.036146556321013094,0.05501852438880055,0.027694624947133737,0.03179755580371012,0.00238005528329486,23.217436373848493,27.857643529068614,158.4529720173129,1657.1422169769069,0.11803489680267791,0.29162451695519187,0.38624702078225487,0.19191716536531997,0.29081510962424023,0.05863855912715143
0.0015018905463172697,11.902375145606658,21.160703753261114,76.56894682912662,436.0349277660279,0.09778357800727361,0.08107216574985923,0.02589900649526151,0.022036816225363118,0.20180185637788725,0.06287403752949278,0.27559361613106076,1.205412134265464,1.9476434944140726,19.490387220596695,0.0099006777610573,0.030391584798864966,0.01637138518299754,0.009263290459800644,0.02263227645830688,0.002282317300635748,13.072513584517825,27.204708465558816,85.60139438672049,526.21354911371,0.1425878792120114,0.2183588849112253,0.1170071417141737,0.08293816122551911,0.3079746240433188,0.07353345237587454
0.000514772759154137,10.757661480693633,22.020591084088338,68.60322451153344,359.81046076067514,0.08796134384006013,0.05747388962459449,0.03603525770466735,0.013964438042808664,0.20195613352089217,0.05979398862606128,0.3093180614417003,1.6147845954227817,2.2467768422768812,20.18128376608103,0.006523046322512335,0.021534599230797178,0.02959300932766038,0.010424646987307334,0.018378590058888776,0.0027073646046768068,12.713885451994292,32.0438170422647,83.54482913713625,491.1694279833073,0.13030786990769644,0.1696777765494422,0.19318275014219402,0.07515006151085177,0.2967467697381559,0.07676834849590683
-0.003965751119106077,13.192680209910876,17.440707318926098,84.35193235342277,537.6979705947037,0.07207347352844427,0.045399365866409115,0.04313122530464293,0.011057517515504081,0.14882513240868345,0.056356281221079725,0.16288118906557142,1.6019784331885942,0.8672655032078387,13.389082052039287,0.006261218538035687,0.015748181742671195,0.030907805448686477,0.0054350969498091215,0.01971104624265296,0.0022321693360028852,13.902266210372641,27.83960992320321,88.56016062305517,604.8367719299706,0.11009856959212252,0.15187182006809866,0.2312839431372506,0.04991929856171639,0.2768718725758508,0.07183156598055253
-0.0001861664950331574,14.646210194942222,13.993404140108902,98.21539393726493,657.5048605933167,0.10305843555015987,0.1841971434315469,0.1449084248495333,0.06306612134318222,0.20878427979559688,0.07400781708697093,0.5467829531636649,1.5155705136820468,4.794300482545673,49.03374560954925,0.00998450877864703,0.05255510599783956,0.052459257780649665,0.015801673699177426,0.026468102128309894,0.005417157816007901,16.443354149057587,18.366074649298657,114.1033923381568,810.4415600896104,0.1313926171914193,0.36408522890984485,0.32276282644909476,0.1107939420548634,0.2828564059563379,0.09216134739741186
0.0007175949546033718,14.640724268358628,15.24272655814391,95.60925560471522,648.596868265482,0.11315454801322887,0.13417207729404415,0.09907422626912649,0.07076182715365163,0.2117123543925309,0.06344796620000466,0.5108174264608567,0.7412639353701935,3.8137102221892816,42.64458758275411,0.005521491124343077,0.0443158079766656,0.04450252117739744,0.016270088595500675,0.024326042861091367,0.004840933888571145,16.35921782623512,18.221216839528875,109.15722802326775,804.1729096834578,0.12770031383427652,0.30749753023865695,0.25987022661389536,0.13926792547952035,0.3154666270423982,0.08449686995075306
-0.002463848106698127,11.309906946145308,19.04785106831017,71.70630449657676,394.71450216148395,0.08144755974195238,0.047292668652286596,0.03727285940552399,0.022270729342355425,0.15186177849480012,0.05666695928507379,0.2714833239183279,0.9440001471350633,1.823140225120362,18.224034948929724,0.009270640885225525,0.009059539162678322,0.02051491244925711,0.008939825387142003,0.021836516042971873,0.002191784768005599,12.364697780759876,23.891808369524394,77.97653426545693,465.02708823020333,0.1289191148851502,0.09200566836651493,0.14363302928148294,0.06958176281191673,0.24032367097710217,0.06653933739076144
0.0005198932916324612,12.490999652850139,18.618503364441384,80.9791024010472,480.13397112807684,0.09972145439117593,0.10669450263279515,0.07922709381092928,0.03818358680437012,0.19238880992548044,0.06371127608458921,0.3975765520751238,1.0431485697293637,2.48912820158697,30.318035456305346,0.006953263862651334,0.019074089080902468,0.02701189862490199,0.01042167827189477,0.017798093917040365,0.0036059989867811316,15.00884785784059,24.68443664780194,96.05048203011836,680.600215317885,0.14267332386611553,0.23789661910835408,0.26704049284976195,0.1015647463269326,0.30136427378184616,0.08731042026506292
-0.0039840862476011,14.063853792524045,15.96073812140211,89.60366666902554,608.8919513693414,0.08456864249842183,0.059099433185548,0.035135452592044314,0.029743499245401678,0.17103821110147635,0.05903435099295238,0.38975742739979696,1.0442055815762092,2.654342385718339,32.986811059445586,0.007978737287171689,0.012881384640220568,0.015786313163090312,0.009056052494459019,0.020032196532876752,0.0028212428624832635,15.674908384740585,21.60286253649577,100.99291422394393,753.4039218286964,0.11939815583389961,0.12511542277100487,0.1107909005010235,0.07384009777615318,0.27281373060605624,0.07256609916381598
0.0036591960319825112,13.454072763436045,18.320893568370494,86.61311854278556,554.2206110861122,0.10230476139162453,0.08179036366686744,0.04008974729227644,0.028066038570464906,0.16373696999413015,0.05711760079747629,0.29570541373500747,1.3721450559296626,2.0947036429976125,25.622345802368912,0.005906997548376801,0.014925946618375447,0.01874776994074855,0.009381973189115765,0.018838542520600767,0.0018237049073674075,15.097667524436101,25.911543767344018,97.65105138808956,699.190374443574,0.13396656086775866,0.17508037479951355,0.13684155296733214,0.0791722348906729,0.2678551397984018,0.06599382926683904
0.0034175581031717908,11.879950182143187,21.137329136010653,76.22012763752159,433.4352428484648,0.09783018928828285,0.08140389860805994,0.0256895738488875,0.021895008228652264,0.2019788668469925,0.06295036891909694,0.2768608493248765,1.2045347810961213,1.9187961373986095,19.686234649881044,0.00987298049184183,0.03053123887195963,0.01651033558953339,0.009280835785928273,0.0225890641433946,0.0022834917865014234,13.07236042534561,27.175559773331404,85.27731750872589,522.51165462895,0.14265163464409855,0.21887684870225438,0.11385479836100872,0.08259440213381486,0.30810728294452777,0.07362974847033749
0.9993084717557833,19.899744524569456,20.2678135774262,130.19836365478247,1212.7180431044114,0.1037178198827932,0.13070778074800699,0.1413718818059348,0.09468812442444222,0.1802214067864293,0.061889662604173286,0.5063825694960826,0.8714217248623962,3.6535584725653094,59.98445676544202,0.005075456745558811,0.023008361380050954,0.030336890368950042,0.0117614299050987,0.010529982263941234,0.003369387151620403,23.697794249548025,25.21897466653059,160.54658459170196,1651.285521266633,0.14167636836152087,0.33030181946387804,0.4166470446958695,0.16082317646416622,0.2552477604780415,0.09146061045387005
0.0009953334126252724,10.24939670502328,16.584253174704667,65.7974747762221,321.9715035107215,0.08870982711486892,0.08053143609692089,0.04355004215035643,0.024294999819401773,0.16693891962254842,0.06714298535699638,0.11360588938174355,1.0251376687459508,0.9899077915624339,7.483765553953192,0.010311687458031338,0.030934992068131276,0.02599222688448756,0.010969938177057806,0.022759825894464316,0.00591163239595538,10.778092146691012,22.04205127886391,70.97403225709314,357.33217333333454,0.146170595914375,0.2244423459803928,0.1806745934826652,0.08320753964828984,0.2689018067926304,0.09474949350034757
-0.006599662198672829,13.639972028413128,16.325335190517226,86.96058916623232,570.9123340701036,0.07696533751942387,0.06044340198997765,0.019108745757348014,0.017586979037484685,0.1354866222509154,0.05949564500335171,0.1874271930821419,0.9294203950031169,1.4288100118508686,14.901815659493922,0.004472940494268376,0.011668184926301225,0.010893158679420728,0.007939740159227288,0.013216483251891802,0.002548355639167047,14.682286791855546,23.130300104411184,96.05096351093945,656.9513747747158,0.10871436949028693,0.15922359135781153,0.10421481000329513,0.0857453210797741,0.23533836979930983,0.08021661501542243
0.9968332983182533,17.369806677247965,23.059460199624027,110.89594451870045,935.0505531731064,0.08661553275725399,0.06308756358113847,0.029335885356311337,0.028489328286619507,0.15645397827587146,0.05307043758277596,0.3998882141123048,1.3168253476396203,2.5765829742384287,44.79081734331286,0.005697890968307814,0.010963758406368923,0.012568830851035329,0.007706251717849821,0.01405715720118011,0.0015765677519821465,19.821700645989765,31.486699612249456,128.19911146162877,1219.6082549871505,0.12402033266997527,0.14799142827269443,0.1233765840338785,0.08305977633466574,0.24453407319112302,0.06507231104986426
0.9991954753466669,19.53879708936973,28.755186540447827,133.47423283682986,1207.5595269516261,0.09260923688998386,0.2062495551273095,0.1786054775447225,0.11511947434363856,0.18941287288954667,0.062320478826198816,0.8437265714587785,1.1952057296262548,7.166883493213656,106.5957043964346,0.006347340574275862,0.047555320296031774,0.0380776570398645,0.015182540103868325,0.019324454915701967,0.005252375664027797,25.04816229691193,36.31346153025816,178.64250130766465,1925.675156995125,0.1280422610864052,0.5320095957463915,0.4255821825431619,0.19418094670506095,0.2820019141603834,0.1005730685142167
-0.002936076716953461,10.276182161125792,16.55449866616715,65.72947417694905,319.4118801326634,0.08874513661177384,0.08070003261447582,0.04400719639559133,0.02411770917152083,0.16676725566964715,0.0670898534034345,0.11413041914894916,1.0192047419859573,0.993318186464293,7.471339321136199,0.010228841565357758,0.03080669120527313,0.026587318619698853,0.010915021450654488,0.022719987324130032,0.005908077305664346,10.83336625228666,22.059460336022905,71.297048156819,354.6754113439847,0.14645712262595725,0.22454665003738578,0.17824048821631594,0.08371099709017617,0.26887942865099496,0.09475070185725587
0.0019564017126660416,11.763605695324525,20.171585670981194,76.37681735043401,418.0768031850291,0.10883485608087484,0.11441495132911787,0.06877561985558982,0.03722837595165897,0.19914523939139925,0.06451020979328896,0.5003722041017552,1.6951916922461576,3.948821230065128,38.29777301401283,0.009436581211057523,0.023936428736701557,0.04178993479522396,0.011458301480292718,0.03395172736087464,0.005049072363530805,13.326981976666017,26.18717813549163,88.96318290341775,545.1553335376617,0.135819442185025,0.18822255273838462,0.19380524039800956,0.07904667439416163,0.3173962752442827,0.07979399774323066
1.0054696718817377,18.750822881141634,21.403730383612825,122.90780409221205,1088.7215271773478,0.09105247699660818,0.14044998787751423,0.10579759788305064,0.060992116137659536,0.19552804700769913,0.060818141791087216,0.6422946150367467,1.52983137902927,4.381804699919711,88.24149476045821,0.007560037197251151,0.038965510036404506,0.03929813876867847,0.01809656398219801,0.021698808438598678,0.004418039461460026,24.56638904672108,34.34318291319071,160.8256764470956,1872.8712833469924,0.14972558858079701,0.48121054342329067,0.46340558411075095,0.20411088266729538,0.367980089032303,0.09874985959792608
0.9967777962123175,18.239560791281612,18.877681026127256,118.73394512998738,1027.578551115915,0.09750633397517172,0.11165316195829195,0.11238104535090825,0.07958737310521521,0.1807142556809865,0.056655166689568444,0.4043450387497853,0.5527746700028855,2.5618293699733665,48.83048920097565,0.004807448423844596,0.016574702034718888,0.024047429040555762,0.011452702954691604,0.012755249722599098,0.002456100879685358,21.863414234525745,25.010122270838718,140.79002760027188,1491.1186469186998,0.14322803025575734,0.27600218601751714,0.3875630970309434,0.17784724816573377,0.2809485253742979,0.08189674138498315
-0.0022934251187998367,11.304030796656699,13.012633500222885,71.98424940653918,387.29438042587003,0.09828264512280104,0.07588595434296333,0.032843604660163714,0.027978940312067383,0.1768119482532377,0.06271692261208915,0.19174457541905499,0.5277939300441684,1.192657971716851,13.297823931404755,0.006465002836085691,0.011147294297200717,0.01239899919300047,0.008806696137092673,0.017005864733502206,0.002784721680849478,12.325487217224412,16.1748248471043,78.3024685207117,460.1186668098857,0.13596287461875972,0.1519524265917508,0.12936297079184902,0.08725795726253537,0.2732155744005168,0.08018947020818623
0.0006447842370524632,12.96204719481443,18.30694162663564,84.08952939522422,520.4793954236678,0.07373399642820581,0.07931880110951141,0.04082151033705107,0.018682988506173715,0.18731220746390156,0.058968676872693915,0.23626554802491778,1.3013442595214357,2.4047594835316346,20.061786753546905,0.0036427298302035226,0.037210771225438304,0.03467310210748376,0.010661024524525116,0.026223866861965605,0.0037002442544049265,14.11756188192305,24.62495597031557,96.52984356155523,619.922230240889,0.09324632666224056,0.23176662428150374,0.1607279959861849,0.06595658582207109,0.32047382631390414,0.07247993950081377
0.0044121023393366085,13.884688633374502,19.211886484253963,88.75978540859376,601.8339419748131,0.07983048566101623,0.05348413630095838,0.03045223473116004,0.020899040188906492,0.15780828987755677,0.05595719843172912,0.33226337648599674,0.9259532340183539,2.0576689707079545,28.370679462843185,0.003677983594387319,0.010814499752580697,0.015171752410042144,0.006280017462468464,0.010640411752527747,0.002235745947464896,16.4130323783869,26.440312619932104,104.65381813836288,832.9214209001892,0.10630126355570692,0.1416543913592275,0.16592616516757067,0.08111277851383121,0.23550312976753301,0.07597038208422184
0.9966524818406638,15.062742734440727,25.726524906400588,97.85826456325444,714.8069667902106,0.10230794368084396,0.09722479187963012,0.12306876190523627,0.0657856880550778,0.16459983607660864,0.06463332123042582,0.6538607516741141,1.5039326620208764,4.183965916199497,62.885418441465525,0.010500355257170779,0.024408231454239832,0.049243424286071764,0.01745762274139927,0.02120027921773159,0.004876146431079662,18.493222897739113,33.25685951393891,121.54707290105007,1051.0225119229515,0.16604195981787542,0.23375835003146742,0.4017552073594701,0.15262675978136786,0.2652958843432236,0.09433438393107757
1.0006819948138643,16.339200976633894,23.275137444895517,109.12562328119418,843.5355555494605,0.0974573486137693,0.1496093035723512,0.18068252833353762,0.08788498990764404,0.21731871290951313,0.062074740533789294,0.4309292348002727,1.0208682664911222,2.9662763964185146,45.854529663426234,0.005631609139152792,0.039151969530832526,0.06067035154932558,0.016576106091343787,0.03200547370114954,0.004101463371238859,19.374472575420818,30.991782323222967,129.32554408763315,1169.348985353102,0.14158106496447317,0.4668787876071071,0.7076802797682386,0.2251917105510419,0.4821620336103774,0.09628244753819076
1.0049876955971095,19.010898080950998,18.94153211465129,123.2336164809733,1134.6115168784818,0.08228196511205672,0.08032793700241453,0.09292181459816162,0.056058625285610085,0.1943880159645882,0.05042222082480866,0.6885696917753489,1.338621566919589,5.217102134566228,81.18463685336702,0.00441681677788751,0.02730776341697483,0.04045401384169848,0.013615815741256613,0.020331159245618572,0.0026957980672437116,22.393674263373526,25.737481305571585,148.34927938138193,1536.258135118733,0.10217909786437483,0.22648072077932282,0.32222870385619834,0.12214300674104181,0.2841855562911612,0.06539104682743699
0.9954765952731035,25.200806143192164,24.91785931112866,171.4603835198554,1875.1317511137545,0.10630472878077439,0.2667255666121776,0.33386722287797893,0.18480964177740222,0.1828724491783523,0.0678595779815185,0.8977155048685946,1.4796145471683013,7.375370717577816,120.093736710779,0.008161631760457855,0.056877976218730995,0.057124144509123974,0.020200450189875725,0.010642824468743812,0.005931069746801017,30.005126739079216,33.60772998609254,211.41555285188784,2562.6266483302466,0.15730246424648053,0.6070251384569296,0.6495515766590706,0.2872833080998801,0.23562393992455918,0.1050666263610897
-0.003508256341195701,11.608787490888837,18.354961754504686,73.79892441091661,414.90880939823364,0.08512189539135112,0.05881358587305861,0.0328014816123537,0.018040394584155097,0.151516229599048,0.058528310307748264,0.18112078745333188,0.7653279826886716,1.3070732429130452,13.189942926826525,0.006690214746662219,0.017009348615591974,0.020996139679447537,0.007485110684704362,0.021247508646280163,0.0027587091178475722,12.782669699290766,24.016670325750987,82.7640713794208,494.7708811883125,0.13421986204211334,0.1809556651881657,0.18623429251478493,0.08351544282895708,0.32068436985615273,0.07861374826201702
0.9988399373309833,21.535059177358793,22.401867122524607,142.02273245794265,1481.6999217789403,0.11086502898456305,0.11598222556671152,0.24407276220692503,0.139031880841887,0.17275642288842818,0.056234133584063276,1.1784308736074034,1.2578190048832203,7.666327921844538,158.76178605749362,0.01030318570295486,0.02897583888439815,0.05171034328373173,0.024555617401105033,0.011107640249347685,0.004245288244311195,25.430148080843892,26.42918029720994,165.8897120000128,2027.1942271618957,0.14102895110375024,0.21144708105643759,0.41033750855189477,0.2208476466374362,0.20547465999134393,0.07119217374775316
-0.0014256510037031834,12.765901255720014,21.359858963358164,81.93139328629827,505.9175042157218,0.08744039757565969,0.06617950085497754,0.030266836294499604,0.028684947032715586,0.16944140677609593,0.0629281483777519,0.7330307798802201,1.7464848002681541,5.110969509518247,53.9471770005317,0.00456878169685227,0.017861976135092234,0.022269545235386958,0.017630260563916304,0.033756689091239696,0.005868080157345371,13.778704423039942,23.532850313958086,89.02776929093216,576.5599969940425,0.09392197192693819,0.08886400468800464,0.0537122947865683,0.04729105589026019,0.2179985110911479,0.06861405671129664
0.002225339275498324,12.032202289529813,17.928973628154345,76.05252401854105,444.7421664055567,0.07675139773364194,0.03893857546124694,0.0011106466171848096,0.005641733296537527,0.13823748490250184,0.06067210023880047,0.23441036297298715,0.9067311559070974,1.4702317650996028,16.714509621963877,0.004737163544971219,0.006934922163738207,0.0016918159914054444,0.004012956929823238,0.01457828722449781,0.001770112086000535,13.091393735876494,22.297207986386955,83.33254154789945,525.3127700464804,0.10135301262891891,0.07418690884517175,0.006561602645603679,0.027295052470971387,0.21726851257959928,0.07040964589451357
0.0006617942574394102,10.989110759617605,18.637531224052143,70.35733327750432,371.2262916773316,0.1002612586471903,0.07440483738733684,0.05006253898901486,0.02930268177008506,0.14849500965025728,0.06615007882962089,0.38014443897416994,1.7423399216573845,3.016590568052088,26.27326568392894,0.009521978875912019,0.021264869417066436,0.020270478100211514,0.011499920697752334,0.02082378437034939,0.002700027462805907,12.421592967716668,25.59436687044222,82.8193657066477,473.7881808476648,0.13643655410481212,0.16543500040492012,0.14126198193900263,0.07910238719278599,0.2253313328747418,0.07734374029648428
-0.004860800546797202,14.50233643443785,13.98314920991212,93.75840328738161,639.569134701974,0.10990856443442829,0.09234433195309025,0.06979047791264315,0.06509094307005032,0.16498290073106273,0.061162167864045755,0.30587346758590167,0.7244078833353016,2.1232724461122774,25.923675394967326,0.006136072383298045,0.012580166871359766,0.016439420684439283,0.011347151823079408,0.022068992181286072,0.003590148094862007,15.806046946381548,16.92628610623037,102.93106517368417,754.1686012012658,0.13470703884290375,0.14760292996517038,0.1378537184058393,0.10664512489435521,0.26077461219848713,0.07793401150192142
0.001411470828142858,12.06956560560778,28.141616006582456,76.91710888335844,446.1962751929265,0.08735579661761231,0.06000550027501195,0.02311010955406105,0.023776848226535013,0.18545100335254217,0.057039687861072,0.6042858259221303,2.6415303445059855,4.08410284682759,45.00304388846701,0.007495501093418594,0.015496393324194705,0.014630815016177362,0.011772464213358253,0.0204488175537668,0.0038746160893377533,13.629101660267263,33.32146345057229,87.31975076482433,567.566701231388,0.1039980880274274,0.09650990912980156,0.054208069842642356,0.05529010797041204,0.24089823711511188,0.06655650820243558
0.9984183879738697,18.22300960453525,18.71304281747364,120.33297913801825,1032.4413481683498,0.11470319851257449,0.14848995610880325,0.1770482933339112,0.10581336378038783,0.2093011863493887,0.06309694330686307,0.83338902809918,1.5905431073777891,4.865258099423917,99.10321331271464,0.003906322219387486,0.029688729553496152,0.02843470271150938,0.009277837402619584,0.026729887074721227,0.005148224695701084,20.635784669289386,24.07143897716917,134.9988762791549,1319.6321612857946,0.12798199682505648,0.22954647063256842,0.2615394313853187,0.1324203480820946,0.30241587138588416,0.08000556454255128
0.003490121772079547,12.85825844189439,21.391311094537027,82.61774096458001,517.5842400690536,0.07547067061189867,0.08261389565559796,0.06127963050091497,0.018439358373421845,0.15798673467233043,0.06114171030190098,0.4994458677745303,1.7984387649931002,2.5429630688159843,40.99955071522681,0.006006081774395297,0.044805636690628065,0.051728176458986384,0.013447210221230734,0.026683076517121488,0.007740368273096768,14.407966280673792,27.055226129593674,91.44210852498387,648.4214760493693,0.0941140487058981,0.19433886795620375,0.18294635278849247,0.056150687212999935,0.24964897032331324,0.08143570718764113
-0.0017186721393305457,9.175377033360535,13.8124699058603,59.14044950891574,260.03290897655273,0.07714913935039906,0.08739487988158887,0.060700373227720324,0.0216345868330692,0.2342524619454064,0.06967967659232,0.4101300817973604,2.266408385888661,2.612241488413863,23.460616832505153,0.008735523568250162,0.03952059743817144,0.04276748920571824,0.015612879866585248,0.0419764200553935,0.005821487297432459,10.006774857980453,19.219133508574473,66.00130825958928,307.46221640132427,0.09813709615532692,0.16673976865829057,0.14139443919634803,0.050323785443686146,0.32918228590052767,0.08479583801505042
-0.00174339496407417,11.618932396464876,15.97996872621813,75.57019553926673,408.40086147003836,0.10882902212200458,0.11681627842193723,0.07074300113572907,0.04501885881171167,0.18860112875427443,0.0632242634432877,0.24627544578258576,0.7385365919597562,1.6692407681159436,16.18715780267363,0.00589958212217483,0.019943317618921964,0.026651093492680848,0.01304610197823053,0.01862062542417009,0.0019905675422031994,12.665172839254438,19.687077828996017,82.13863503864877,479.30354900799813,0.14127781679324106,0.21750020074658508,0.23248962903945888,0.11003706335164018,0.2781430326077444,0.07429116334192312
1.0014819093261171,19.39691321452464,23.50500392066494,129.06737420572006,1157.2562098129538,0.10272237233954923,0.15571850891864114,0.20468036325458247,0.08885407096366649,0.19791201589327848,0.05996788138771577,0.5256253682573737,1.8029983860072272,4.047902788986986,60.0258481228766,0.010599305815411604,0.032383541758003974,0.03940614310569958,0.015640721502488436,0.021913052478199857,0.003953126509879706,21.62455830642912,30.552921237287784,144.96757614775194,1420.5964330176346,0.1464145726698366,0.29621381298564453,0.3459372946110668,0.15640047666925358,0.29130394586614944,0.0760076788677574
0.002089302947273786,11.529204788578552,18.432989378292913,73.23757086648234,411.5926433112519,0.09351543738620051,0.05983851427451411,0.027093290915141385,0.020737365667085582,0.183330792164797,0.05931625743889808,0.3917043102484355,0.8447175333131997,2.6917046825861846,27.105315461441432,0.006400084932542737,0.01059303668531188,0.012442888800138212,0.009219501557197127,0.022895413844369446,0.0014666220846579112,12.949796909429534,22.41796123956616,83.04337162940472,513.0757886775863,0.11848966466136794,0.10510927906946012,0.08072920415628924,0.06588082892417667,0.2739976584347717,0.06499660643322105
1.0012271370091594,14.94083171720667,17.601219886894214,96.8644830340287,676.9520872289069,0.11675508401652204,0.13064133328231387,0.15372738471883116,0.08635015570866175,0.19544391190901095,0.06217815439133888,1.2950173699621845,1.4540300024333255,8.429970579226692,102.00949645483139,0.01002147167365436,0.034672006131492426,0.06549199176131021,0.028052544142999746,0.051707389364383585,0.0028837325989775247,18.548500151493315,21.39883011774288,121.33921930556178,972.6508744032246,0.1409421418759428,0.2159120993939447,0.33478257573098713,0.16669066031457175,0.34155974097503455,0.07142652715849616
-0.0046160718295443085,15.292741079863337,12.902500366351545,98.40470929073525,725.466495377735,0.08190352194206962,0.06198750971872659,0.059252621822562704,0.031432018432576994,0.13593791458789484,0.05523710684740914,0.21548711208398438,0.3595458576205031,1.5312267377668114,20.40517268899681,0.004302189905274381,0.012232179554473739,0.01827698440121204,0.007389777464044163,0.009568283248846017,0.0016449188421916482,17.33099896816154,15.972223552012688,114.00166116989722,931.0842041059423,0.12221253423300577,0.21810977745118665,0.29620208863264424,0.10320887367693779,0.23197595960788966,0.07489050484212909
0.001473427606856153,11.14705780188829,21.363967478751018,70.7645723657536,383.925840329959,0.10179985954882702,0.05930848233880881,0.008274677620336133,0.011082377397250352,0.1616024760271585,0.061362338184518604,0.28760908611015895,1.6752811987028402,1.9701459997468223,18.664303323421816,0.006893423378276797,0.009499456346432927,0.00655876135983404,0.0061461700818137765,0.026899764535648126,0.002054707758298001,12.383288171670392,28.929804382083553,79.3199569697797,458.36264417610596,0.1281501490355236,0.11211681330730927,0.03516192162845143,0.04227001398803642,0.29782289448240207,0.07115349477798812
-0.002832491610637208,10.25878983376361,16.549827371313583,65.95650358578806,317.7708648467,0.08879221761988157,0.08055916219366677,0.04350113595590363,0.024321116009356564,0.1669812868506583,0.06713804709404143,0.11383786125343491,1.0199409316594952,0.9999515086530953,7.657185249603693,0.01023750143453252,0.03083961371103172,0.026344449591303193,0.010998182563804533,0.022715167532573147,0.005863415763066049,10.802904021287418,22.020400869116788,70.4770998129853,358.6623192732674,0.14606745640920296,0.2233817542073135,0.17818394950996874,0.08368033858350231,0.269014387234812,0.09477958756626327
0.0006443125055231502,12.1584694915602,20.45457094402028,76.95809480826729,460.74485837985225,0.08016744928017806,0.040601304726792235,0.023065645501485422,0.017604666125020187,0.1739596478374035,0.056715704869202604,0.19224577268769377,1.5672402999758797,1.1924098918336217,14.564887622597547,0.0050960365436611985,0.006053658140689245,0.01032619096532924,0.0068269796748875134,0.014467247897043392,0.0015452980546842,13.326732447368261,32.83573483852589,85.05345979267624,545.9396067827832,0.11233812089041148,0.08903963021128697,0.11499423633748163,0.07403936720994518,0.2691801562037569,0.06889759823562709
-0.003898950450511084,14.53913921109494,13.974428938981974,93.89005801552936,642.1735797891253,0.10991037106401996,0.09290875333544556,0.06846390269026345,0.06505610264440506,0.16495075055522723,0.061269286230634254,0.3058522421116489,0.7235450174824783,2.146849214150165,25.608026787312905,0.006134655704107859,0.012474229056640659,0.016215085185786703,0.01135299637760887,0.022105127399668748,0.00354349134678308,15.793998404779916,16.966668661624148,103.1358012667477,754.3276666857107,0.1345386894851786,0.14929684106963345,0.13681523602863294,0.10647803954459767,0.2604280120235215,0.07807000314525499
0.001222270035035251,11.369025544358527,18.605517364402033,72.97790019751304,391.4039172232525,0.1048709203469205,0.08521652193836823,0.043406507925392905,0.025536052760488277,0.19258602039422973,0.06211648468167298,0.2430454205663969,1.0108186051203218,1.5040090084943414,17.938569819062497,0.008565922872610921,0.016354791163767646,0.020798556386350038,0.01105709584848103,0.02426990206726288,0.0012135623989851334,12.471105514101332,23.06154013765827,79.21715222927602,480.52662813063534,0.14816185324635378,0.15799267770222958,0.1621732481437087,0.08478920330539874,0.30593658660460815,0.06785525030824353
-0.0022089015220380565,14.998446290983818,15.499899830306788,97.51760340861661,684.0171946949929,0.08368566099683179,0.10917475777462494,0.06502701525497256,0.037626119011867444,0.18817794987641434,0.05903679760997106,0.23247997246556493,0.4968243608471861,2.251991617883887,19.656171969976292,0.004136444637280474,0.03222256064135176,0.03611626476629649,0.01159163556203212,0.013878647976776808,0.0032142354717818807,16.400329746009817,19.260508718849714,114.41252348944153,805.2366682274278,0.11356241310171428,0.36154918119724067,0.33997819200129026,0.13737078255431454,0.29566722494688774,0.08372139951349804
-0.003512543367030855,11.516045524921962,14.955672128838476,73.89360462425392,404.3935829728415,0.10124014437266077,0.07801270121848838,0.04313303062607696,0.029505790605616613,0.18836024981001515,0.06165437372390493,0.2598466827268799,1.0306826052600875,1.683027203585955,18.703025640427594,0.00664919319663531,0.012212009622656617,0.021104085480831643,0.010121136149497603,0.01679490476180417,0.0027972577534920175,12.648104207982293,21.245169365904246,80.97101822483496,498.0535707649409,0.13888186158826107,0.157091991398212,0.18002018653853244,0.0957265214038053,0.2662458004109477,0.07803839839912921
0.0019548233670009132,9.719612772126037,15.698519004026805,61.42246626792721,287.94365390466226,0.09040086769080054,0.04696432709183574,0.010685151100475672,0.013687847594201146,0.20802075444151524,0.06305069570889635,0.2686729719739706,1.4148011492825834,1.7468703337267153,16.161135179561974,0.01379369506471487,0.010547781529504068,0.008271257124076604,0.009444468764496996,0.017981814570067284,0.004232970467082588,10.74832210431383,20.912614759330957,68.23607194565454,355.5234580904897,0.14655951536845066,0.0930501716225763,0.03990201778324502,0.05150216534860156,0.28400845463396845,0.08163290971057265
0.0006617526367485982,11.425394626983989,17.305945575547636,73.66429513356383,398.5500570663015,0.10919311689876128,0.09491143438381547,0.020208373232395035,0.018855814595103722,0.16465674288103543,0.06557967104692636,0.28525317244348564,1.9054761061533836,1.9487973355309107,21.532315184742192,0.006671802331138389,0.017423587167719978,0.011770194638474934,0.009510324091137924,0.022881594083483545,0.003524549316294377,12.767420742945552,26.75485281405991,82.57713295331003,499.36616577728023,0.14139852378845882,0.1793365215240379,0.07799160536265737,0.06357549521441844,0.2585806448559257,0.08082463061405329
-0.0016813986280546846,11.27800851841463,18.989204564293484,71.76512911175251,396.08109618404006,0.0813414472838144,0.047166194734567866,0.037228682599605024,0.02263238009988541,0.15147526602929237,0.05670727937387891,0.27027393961650936,0.9486908081266893,1.847082718319826,18.01359322853191,0.00926544664211885,0.009196055482788321,0.020342365951484864,0.00897789254812974,0.02176861928688923,0.0021532613840039936,12.308242643669827,23.799770408443106,77.75949053007615,463.9424847325766,0.12894790120923938,0.09167534196004097,0.14228215736773708,0.06967829259806771,0.2399370212455697,0.06646414297615479
0.003974108012339343,8.707664725922035,15.84468833084223,55.73126637970597,230.64182848452313,0.11495151529334932,0.08174440198864157,0.04177269815338379,0.019158736926348806,0.16481755801213432,0.07641186331860535,0.16580245306198557,0.582309822024744,1.3391578843196197,8.716415536521417,0.008259372600512111,0.02231846487658769,0.032418156696054204,0.010417876630671966,0.017182296223816326,0.0038068215623675494,9.658432206673925,19.65558071540321,64.5348047601206,289.34136177274286,0.17234737011212067,0.23530053671132944,0.2474828763553385,0.10490937087770041,0.2929537742152638,0.10173607891219166
0.9987932567233885,18.254555027476798,19.993214900672147,119.55989801122898,1040.1395232787777,0.09454138348608487,0.10901880897957685,0.11149094570987886,0.07406418530194044,0.17963119921566542,0.0574466446806805,0.448467696752518,0.7709071693225983,3.194442838502138,53.801402068121945,0.004330189683678196,0.013771357386394081,0.021998216834707058,0.010370809351184812,0.013623112335364816,0.0022002288350676364,22.8207829372351,27.676083009810306,153.47997901312817,1612.0613053659201,0.14423526713969248,0.2568454451636033,0.3785620964787535,0.19401711932514434,0.3060087001680506,0.08377852310128275
1.0000879280761785,16.716492553051882,20.207362030369733,107.12744445772988,858.736620855793,0.07504166358105427,0.07124173495007867,0.036106918771742984,0.023316147360419873,0.18472271594279452,0.05324662382183006,0.24787874587241926,0.5616829228962602,1.7630106383242055,23.019278270233436,0.0026701380951920256,0.014538203041812576,0.013734346901122695,0.005366196613284197,0.019521751177398596,0.0016870200668228131,19.17421126474347,26.510788345337804,127.17331009730177,1087.3527932845407,0.10088391620449556,0.2912984213090638,0.24842959560753994,0.08674320511156013,0.46733999964362705,0.07620456845420572
1.0007364296191101,17.116423368547395,21.02335449449389,111.69386161296546,916.6665050700608,0.11190575580892984,0.1058391328882501,0.1508732743794189,0.09923732798451092,0.1726494193378966,0.060694155458593045,0.8097860930400892,2.130022021257786,6.064320031963789,87.11293393577382,0.006473542602441008,0.018070038659255595,0.04542803030379483,0.01745550689829911,0.01828743786892178,0.003700636658988943,20.97680537244929,33.142165620245606,143.05762129545164,1366.3818074987507,0.14500449139659144,0.20514373278405545,0.39286721036661065,0.18275938272772763,0.2623965065633114,0.07585722655987916
-0.001696978532629179,14.388218361641648,26.96228269723924,92.13845731481621,647.5719679718574,0.0698868321131,0.05199664588777555,0.03471446697313599,0.01756087044851647,0.17074060203556254,0.054294915132352795,0.23246960781177162,0.908091935227,1.7246021617962353,20.527038809626294,0.005372850644587333,0.0167418075528365,0.020182792132704266,0.006389521916367255,0.014090662105882137,0.0019047985997081363,15.411784610604398,32.08553183868805,100.63879314659748,738.6407335661514,0.10158353752237476,0.1477158966005726,0.1463531443135859,0.055693988898570426,0.23462807869809707,0.06442166290435385
1.0012902245093824,20.158828191871326,28.297798710711355,131.01182112551686,1262.6304704767417,0.09785919593375227,0.10330003480413971,0.14418578153347178,0.09776237832997385,0.1752218695270979,0.05540555350785318,0.7682593518663793,2.4599716837005197,5.199743259925873,99.18324626815374,0.005769115027921489,0.0241613241721696,0.03952104063028924,0.016844617726845854,0.018978314506764852,0.002489517055960753,23.649076832134963,38.25055705836926,154.9105771507091,1732.8496804193396,0.11642564905098844,0.19139319988982734,0.3204064053027881,0.16242102102040812,0.25692598058997695,0.06663614897305616
-0.0014608793729998662,8.622895800534542,11.767170236885853,54.39405370363114,229.68114551500452,0.09747896805026982,0.05193691355551437,0.02073322005954225,0.007693949601844355,0.16791209118063236,0.07186307657897767,0.1530288116189091,0.5757263685198346,1.0300501044084582,8.544710674638223,0.010075265070112612,0.010618532153678691,0.019623063885843135,0.005725502413978259,0.020896793600141055,0.002760224935750225,9.492936257495634,15.374952914472237,59.819707332330864,275.9928434182375,0.17326134802219104,0.12305535725210529,0.11556538125206663,0.04422502828299608,0.3224256513995162,0.09030889883273706
-0.0011272870712034583,14.256962171180499,18.18782789990353,91.2954411415122,632.3515628909466,0.06565702634386142,0.05202001062935563,0.024609588113721326,0.013564182976066479,0.16337193055658225,0.05593760263194535,0.2321856965077061,0.6711939204742714,1.6676512903567986,20.4961971852323,0.0031525630405939095,0.013823143188454491,0.010722278545355207,0.005239751197593703,0.011021485732001865,0.001954496394545333,16.21711964152837,25.225955657243894,105.7270246604923,821.4930425881696,0.094457515625195,0.21572032748990969,0.15620450072846676,0.07558301197640246,0.2642098205205595,0.07677269437273596
0.00373164826406527,14.268688716293308,18.129849245523168,91.252048382263,632.1884296746591,0.06583476640310817,0.0520481176460238,0.02450734913377174,0.013815366523998705,0.16349281623265993,0.055911115171508874,0.2260124372215924,0.6710079558836041,1.6679534635428312,20.34514894617651,0.0031803467228947936,0.01363960276169839,0.010988223919336917,0.005196955559495913,0.010993363339760122,0.00197643590434676,16.250111406788204,25.31982166293445,105.78729175417357,822.1445212205767,0.09429519174808194,0.2172494690710863,0.15733626553038568,0.07533548394631863,0.26340109560949393,0.07678585796891411
-0.0028496841527203116,14.041243600694433,15.957864177501346,89.91352367082727,612.7302211683021,0.08454067769921005,0.05865470538260116,0.03522693026900402,0.02969469959361997,0.17134961682754823,0.058916146492721005,0.3905493468792053,1.051114082925902,2.6547877739978647,32.75565661204493,0.007952955997383257,0.01284568705732286,0.015963279282649612,0.009039668203689545,0.02006881632107953,0.0028100477039474615,15.669347540736604,21.608618256039428,100.89224564696124,747.5369374637725,0.1193268509580777,0.12516425753664756,0.1110018066589951,0.07503912479923436,0.2729711772697524,0.07220717072255846
0.9933925100606104,17.542217312626203,19.356082276007854,115.11215578961263,953.229995016227,0.08965006340878781,0.11984796500549763,0.1041290720989844,0.07483950367681544,0.15063491141467808,0.05488557244753932,0.397087558625113,0.8262647378946542,3.083563725233584,40.82683722239877,0.0060851438168236715,0.025455531618110587,0.027183921826397946,0.013395299913140249,0.01592619893186238,0.002694895615487732,20.386697155596448,25.887511650907093,139.39452195658242,1241.4310476947987,0.1381227451668852,0.34122515462929176,0.3515271007784347,0.1930991733519803,0.2920453398606137,0.07859623531110607
0.004411611720753316,10.79179857487586,21.97379183983773,68.84423159924165,358.83519111933043,0.08801301489894407,0.057413796943932865,0.03580286176043269,0.01376038402606525,0.20175957675480194,0.05974545900431714,0.3043194777273102,1.6216175714564924,2.239594883745671,19.89945244722546,0.006548031408483491,0.021535037746745745,0.029907105507105798,0.010477474423015738,0.01848799865308398,0.002676766176934496,12.746282616789237,32.04837811913955,83.73505277349079,494.344490518678,0.1302054522482672,0.1692863399336049,0.1898679096008212,0.07454027561381145,0.296840912667543,0.07678178228191798
0.006981430751537286,11.971918784134994,15.669986115730554,76.99203349430124,442.4977172390693,0.09731365199949123,0.07099568082169029,0.04148107333524421,0.018391854613441484,0.2078545724297941,0.059677071185177184,0.22774178610014018,1.251361123734351,1.4406885878322448,15.976755318024544,0.005990844708874632,0.01809579661248707,0.0199409299375927,0.007042429803224351,0.01971215556696195,0.0026083742827814655,13.694933100355561,24.942332576628544,87.82365835245099,567.214577180286,0.13751877112830282,0.19961568854569492,0.22623885240680539,0.0768624396870008,0.3376282605138251,0.079301095098679
-0.0011098451690248494,12.948996085376507,19.355638397863068,84.50733616546258,515.0768356491136,0.0957914669834197,0.1125624159575117,0.07115444125874489,0.029586793608208335,0.17595057125894653,0.06539778763528528,0.2700555264077566,0.5654544231241384,2.4822760860655446,20.50202566102916,0.0057184525120142545,0.032535010764438765,0.043810600882969876,0.009800821052457193,0.02746804724946363,0.004552744555297055,14.38621071662879,21.921362809369853,99.43646719321809,633.2596130547919,0.12892044495831625,0.32555581700288905,0.3452959242000987,0.09891539015665259,0.3599092200990718,0.09158913759159282
-0.005304104026202345,11.753120509147164,14.017502501016324,74.16656501666691,425.653129871507,0.07804220944218145,0.04313113644153326,0.023168645170301524,0.02803562025387362,0.21014589604712086,0.06123990393330462,0.5624234651867993,1.2665356686920155,3.6879924235618815,37.787240112171126,0.008024434756415687,0.014263642379300475,0.015206557840929067,0.0184563106427599,0.029136601058500026,0.00200565720979662,13.307786984433996,18.265488667928505,85.05972754142154,535.2827488082946,0.10352117142025208,0.08732081585985259,0.06714551425007362,0.08309876872070722,0.3097954674983708,0.066766150660691
0.9991497279206242,18.24444244240421,20.012453073969773,119.90631042625073,1039.1830485305122,0.09466981868370873,0.10914066645209898,0.11256168811435223,0.07408660127582962,0.17935385364514714,0.057380486604472924,0.4475412966252264,0.7745108119054822,3.1702059848463278,53.75341554405994,0.004313220410080233,0.01371849107549763,0.02231833297435145,0.010417974685390683,0.01368251491905607,0.0021768875356373836,22.879743354425855,27.669690214134437,153.49579441793014,1603.84229844241,0.1443434611901529,0.25807625763319575,0.3774083243847717,0.19365350478740978,0.3062783031298451,0.083632143218099
-0.000783832343645669,11.688027476279373,19.104368658934472,74.26747617201453,418.87828717010984,0.08810449261085439,0.052158747033004056,0.0162715941051483,0.011394900666813578,0.19357795086588014,0.06128839876115917,0.15950778837720714,1.4328703292367102,1.109056708729535,11.425475236699903,0.006069216211569775,0.009065817328835914,0.010522502524816022,0.007596273224445718,0.02343480198516079,0.0016374743623811217,12.599144232194222,26.596667976877544,81.09887737558532,478.7264626211522,0.12230355228070705,0.10861960546068726,0.07836439979997467,0.05670520165840917,0.34844335515208136,0.06955072781048453
0.9994798863979791,13.430170836628161,19.587627003147574,85.74788110807293,567.38189089293,0.09061821994112654,0.06288869056879934,0.05914740828689005,0.034548525008991,0.15975877730646582,0.05673261389149953,0.46702232059488175,1.1497970764051186,3.130889540606651,43.06974019440671,0.006000707169141966,0.010567850011527238,0.021402993372065672,0.009450500700943526,0.015141289831339227,0.001912632194291733,18.05585728471874,29.880763349595387,116.57091216978334,997.4119085338958,0.14013677685719678,0.1540250860129432,0.26077841260889306,0.11629257925464734,0.28833224253502915,0.07390016221674806
0.9969509448534002,15.385966318547137,22.74088675154227,100.26004181151283,726.996865199088,0.09199991802217093,0.10351798952789582,0.11217063692933144,0.07477732138564382,0.17201673377866744,0.06096994233788799,0.31389527250462074,0.8389213403776224,2.072356174895345,29.114969286440854,0.009897597045912037,0.02445089280362593,0.045338901089627986,0.017655698529013292,0.02473293924638649,0.0021341764548889674,16.41838591593207,25.818884276259066,107.37814719342244,829.4022597897331,0.12567361132450736,0.1985385444098,0.2833898606493117,0.14799141334245544,0.25617972044497395,0.06826252865294677
0.0015871500480523334,13.453622633448592,18.313115710438364,86.63484205774792,551.4337050340345,0.10203636709973814,0.08173778512662,0.039642949923824784,0.027716794761551148,0.1634834263712305,0.057104041492846994,0.2975170870426167,1.3758179647677857,2.097709657761166,25.15130161790974,0.005872120976805122,0.014963935975867078,0.01903403684232055,0.009300522973566648,0.018762688697606902,0.0018091902688415977,15.112656196304286,25.94216297375635,97.59349646176227,699.4612730922852,0.133568717262575,0.1757343218610012,0.13936448596214174,0.0788677684504677,0.267765805275803,0.0659196087442036
1.0014363832301316,14.936823050562595,17.579411213276014,96.65565824836422,674.2860231717328,0.11672616364120426,0.13053611513768576,0.15374844894333708,0.08602918336014155,0.19564513498500058,0.062121675753042435,1.2976249446851724,1.4518755790120268,8.412268795909943,101.86385903618813,0.010001786154701738,0.03500980369479862,0.06573183531254552,0.028035163191493982,0.05174141663275713,0.0029023053241115566,18.528436619191844,21.373408451517555,121.51452087739487,969.3735973968428,0.1409581639440687,0.21698734528814545,0.3348031931596714,0.16766688024970788,0.34206854414560944,0.07146456165877112
-0.00409248615455988,13.614630254830132,21.80271155538102,87.31531361851263,558.4938022537127,0.07970236918245349,0.08251609871292348,0.040602176466617276,0.021729793554041255,0.1634994788030458,0.05859390598054991,0.3351403656037508,1.9150838938215888,2.5916598185566984,26.46070371591524,0.005442617947724926,0.024058149619491796,0.03119871406323244,0.009857498442216298,0.02030694610431986,0.0030376550370344846,14.814850599355731,29.961649856728435,97.82074530477873,665.7404738482107,0.10048431531857559,0.17259702577400116,0.14474439383492285,0.06196220571096854,0.24447777447256977,0.07026453079880067
1.0019147766214376,10.981718147921598,21.332764134060707,71.8869689287358,368.48683195938463,0.12281537732069071,0.12135506096693104,0.10479343415531017,0.056131491788342806,0.18938963777251985,0.0687187584366194,0.23442076722849703,1.4260003759778526,1.8284289042007797,16.84516004613532,0.008058050664428948,0.017743108170563078,0.02554336736906517,0.010365679824318175,0.013568093273336301,0.003057791375658363,12.864503584894363,35.36806402107959,87.3418560654481,516.8336460100734,0.1909455069995324,0.2708490051000228,0.399511096866318,0.1415936272826268,0.29687259147604766,0.09594116436233276
0.005621355244436446,13.219933235278265,25.23615783152276,83.94631150766948,537.5923287958109,0.08804404903895165,0.05162216733199215,0.027826395427635948,0.02085549209422035,0.1620271301768358,0.05585201659534434,0.20718304347960906,1.3484196994881585,1.3115818895368552,17.4974843227622,0.00578048202563932,0.008005277057261156,0.014993269284040678,0.006408259441159587,0.013424997778112081,0.0018090281007226024,14.333454947289871,34.217349576596455,91.26630187087196,632.10043400928,0.12867670362312017,0.1063182483033094,0.13704947900305853,0.06019020963041343,0.24388498012685844,0.0679173212490439
1.0004709198562283,22.28955615931147,19.661303582545195,152.96445883910204,1506.6341608322798,0.13252534064140706,0.2766308932031604,0.4265083665282464,0.18219799757865837,0.2557148995603562,0.07041091532755514,1.2127084447001024,1.549917312825253,10.045361698831554,169.91907805320722,0.006517214222137944,0.08652516743948864,0.10400628286294983,0.024852581009448975,0.031153242736677918,0.005040378560887633,28.39846071467034,28.00117520088265,206.95388562350132,2356.081217896805,0.1700933121523752,0.7003698303798892,0.9622233272739048,0.2907352774153329,0.40540923385099764,0.09800218826444015
0.9990762223207398,18.074944929406502,16.117259878411435,120.28655724526999,1004.6015367451265,0.1065667811057922,0.21459760195929078,0.16788175988762397,0.10790974403217868,0.21519325307978898,0.06678181534568972,0.9806635688668519,0.5513676019581674,6.3093034498219565,134.83124996050097,0.007951725944863021,0.05835743312573973,0.047016425599941174,0.02065748978969635,0.025909873663732833,0.007024284881880047,22.364807215990403,18.93805069729986,150.34658719376256,1608.8477452777288,0.14765997589424534,0.5636560813181797,0.3793382984811261,0.21062841739670438,0.37493016020647074,0.11081286879420059
-0.00038888115860809415,13.232698192971085,28.045047791770497,84.70506066031632,536.8595901442815,0.08665714085721617,0.06859383770701398,0.029424406602958027,0.03312223100357056,0.1627617583746176,0.05784436852168753,0.23566594348186623,1.5974928050586485,1.538923891403077,17.713878640379612,0.004975885296872023,0.013572306105365115,0.014535264587083088,0.009056375470615916,0.01721016149049441,0.001357241875679445,14.337796973609436,37.2171596029068,92.65213182006362,631.4936428399436,0.10722927339401037,0.1379468546632659,0.10464823189420693,0.07978150189582606,0.2477871455650834,0.06435603178420823
1.0016849038620603,18.672334262505206,17.10266257701376,121.6458591288795,1076.1234013388741,0.10541642082416994,0.11018107544431553,0.14668719953244624,0.08649292421410422,0.1965841823921634,0.062132615131235296,0.710742526679381,1.5802598636326737,4.877188393491091,90.77406817870067,0.008107595136257775,0.02101135639215615,0.03339816888840241,0.01601489907910962,0.020458690424553998,0.004544173211769749,22.27917497331175,24.918042986636298,145.39373924849286,1549.626514003038,0.1502975793775284,0.22827444096903513,0.3264458203415143,0.16718011909286754,0.2894586868673092,0.0845109204453848
-0.004739509467640122,11.472017878907666,18.17835877844618,73.68113938274979,405.7317476471695,0.08843680376306957,0.07685913133845416,0.033358099450458645,0.014870416263905544,0.14108519541745454,0.06238701916714447,0.32891792861473346,1.065903257999457,2.4797238547064153,23.030449214595805,0.006642599694276067,0.026447854576962308,0.022540539263248817,0.00779180141673957,0.018866815252137938,0.003398313930426528,12.66441065392055,21.675086952840044,82.52692529714254,490.1623463166036,0.11449276617526433,0.1787741742753647,0.12256510918020823,0.055642514292461094,0.2201384946669299,0.07622605883571734
1.0004501901404481,15.230437450763896,30.639253193166475,103.39858944839624,718.2172576977702,0.10475281767739378,0.20842051059910574,0.2546431660711401,0.09426131930288671,0.2127889272161689,0.07149799142939041,0.26106471070699894,1.2086831164648688,2.357384148639163,22.48393455809367,0.004615623775837394,0.0482593465426086,0.07341186994413462,0.016024723947019245,0.02129887922616186,0.006141949434218187,17.452081997024887,42.80696953737888,128.53228665465983,915.7031131136102,0.14183310675134309,0.7924280068460673,1.1685694026306914,0.2359454754640168,0.4084849505583826,0.14088757999461693
-0.0010693002527817947,13.717959828901982,17.906530412835327,88.33999413983834,585.0320970976737,0.07939049017857383,0.06367945705551617,0.02946911615386164,0.013381027269471086,0.1472734389054332,0.05579194379129856,0.24921145241333548,0.7553649544812807,1.5859114024787762,21.489445954639493,0.002856200270819437,0.016080478706715785,0.017751704453875236,0.005847317351988985,0.01324128283528577,0.0019830286041984074,15.389676355756345,22.470201976369033,97.05677515651587,728.4201828402801,0.0971672678489212,0.18196068458365403,0.15400299599249273,0.05988553925776376,0.23467918831572385,0.07016884060212293
1.0050603384926284,27.23407411649828,21.860671339617042,182.12203758300925,2249.0825702417137,0.10946578562473552,0.19146541409114848,0.28722979154149475,0.1877028121797044,0.1800356668200226,0.057709256203705525,0.8358518206127955,1.4802277793001424,5.8260492406932425,128.7255164337614,0.004640446664040984,0.025320307627337776,0.031165275347677848,0.012336836484687188,0.015765201025697156,0.002742878698541424,33.097429385865055,32.85811492994892,220.85027586181127,3215.860973416296,0.14730735070672332,0.4037801846590995,0.5338095805696046,0.2687440866765271,0.2858959073948263,0.08073679185525882
-0.00047697860081978317,10.05276829858863,15.113329525216777,63.75611492963755,316.6378787973938,0.09272862277905525,0.047044093925491734,0.0018632787138045902,0.0020578238831732865,0.17040641613029706,0.06046245445365225,0.42169513743025755,1.2673953400283433,2.6919752502910295,26.679931705140184,0.014374793942673552,0.011848617960139583,0.0016388670887556192,0.002365930671374713,0.02537985829479387,0.0034939929898575896,11.863067169519882,21.136604860709944,75.49165734313323,438.4946254721167,0.15205628801415105,0.10096390534000678,0.007604853532499842,0.010610091883433106,0.2935550265963256,0.0771500055604107
0.004567573130977598,9.761040365740127,16.970569442350325,62.40865272404912,290.8522065603904,0.1037202667095009,0.08458402086601809,0.04327642015906427,0.017589586470053223,0.15822618504100033,0.07061567671809903,0.40252202834978834,1.4244116928481168,2.736652703956584,22.746469950235046,0.01385268847825358,0.0294030272808507,0.02757529112414632,0.01020886768237572,0.032855620362841904,0.004649423123180065,11.096174396611131,21.502272139923996,71.40336175675021,363.7221544482485,0.14705223838618448,0.17717441049572477,0.13070787550681143,0.05320604519156055,0.2532048333754883,0.08475352410345746
0.9969773644691973,17.486182275336304,39.25271091577052,113.4804943863432,921.7624805663763,0.09802113205207708,0.1296062688025872,0.1415532298901078,0.0883918341403943,0.1807515589544828,0.059616416125241045,0.5366106235639692,0.8541209377463794,2.9981989781375438,49.15788168165928,0.004824714561216679,0.02778264666075046,0.02612176380678328,0.013769471974845184,0.012219989418051493,0.0027691830298897484,22.506011439011548,44.787447137358036,141.10143433301909,1416.4820807452638,0.13634792879322455,0.373770557869969,0.3251468048416697,0.20647702737919915,0.28512623194373027,0.08479362898156291
0.0016082313780172983,9.045875932154091,17.307627260203407,58.8559342346287,248.69386585036045,0.10657718404720591,0.14127871892610422,0.3129218942192998,0.04376644743247915,0.2108529639644118,0.08039943376195044,0.3276427497836702,1.195238466951847,1.8722838402078223,17.678611653551602,0.0095404685589311,0.08616077528865831,0.3041012867671562,0.033267592801570614,0.04199499244385202,0.009539582370922667,10.305403778931993,22.630209558749115,65.5475790216148,323.7572206925936,0.14813415228046542,0.43546069809752336,1.2501419083664544,0.1750135053260344,0.4230269519953801,0.1173355327678507
0.0008746896692521993,11.729874589705586,19.094894501844717,74.3320308807419,418.77259571138353,0.08808537482552206,0.05265341508411764,0.015193157294393625,0.011579218323315248,0.19372240730459694,0.06127138186050734,0.1606450287354089,1.4340982120475385,1.1017825966120323,11.586893201949996,0.006078285375910648,0.00904220479863297,0.010338310010326649,0.007678513916054674,0.02348504774204042,0.0016878404679443405,12.575439743778032,26.550774071716905,80.74405077165132,483.77619155653576,0.12241246188036431,0.10850632506716458,0.07921925206869587,0.057018061367284024,0.3483421667679091,0.06948868188778079
-0.002379918666242051,14.034543384376292,15.952314922982174,89.67071166320714,607.1571323190944,0.0846436712779234,0.05894321618392576,0.035299503591847886,0.02938249943460657,0.1714353664491429,0.058926091747826974,0.38955135096445237,1.0422925621224206,2.6568148930651896,33.005603851321105,0.007974139749955396,0.01289999924856738,0.015911966364197998,0.00904036904112737,0.020008986735607585,0.0028173160812950755,15.613996489509253,21.553339584328334,101.2848580701328,751.8813966594929,0.11959391651109258,0.12600529044597863,0.11137892574920824,0.0737089189748569,0.27264498966041956,0.0724859927301772
1.0004858059508048,13.83685693091717,16.93385623756627,90.97797476322474,579.3213046718136,0.10268625805034967,0.151555009719451,0.0991463428809462,0.055874941032459824,0.210671385757506,0.06912330008902491,0.25591973161609183,1.1908160441178945,1.9482239837943638,22.730528939767456,0.005961752734964649,0.034411876350929266,0.03903878084096549,0.014260825765733209,0.01940675712411187,0.004587443411189469,15.74531796275633,26.91474984139633,104.33987664951476,748.7356453059108,0.14606081118725758,0.43591148556390313,0.46349568197453583,0.1654879398719241,0.36311801380576036,0.10598267817152308
0.0033205285673888005,16.295170787365937,15.717363721154205,104.69034389243718,821.3166562607827,0.09434734080170074,0.06667130025860903,0.0561122611422607,0.04599898763071939,0.17089803606726897,0.05655555143171714,0.2071117022248442,0.4692363870287887,1.1342492279727345,20.61603475440633,0.007349162435958218,0.012084837384839243,0.02443698632877559,0.014324359123507598,0.013437129128264114,0.002600939323839772,17.330209309516682,17.822092753374175,109.65852163959269,928.225988416096,0.13548425903694347,0.1351740947851278,0.194446704102079,0.13496859845902337,0.22991300993999686,0.07245068165229163
-0.0008867157946812887,13.212049311985451,25.212234698623806,83.91552442047008,537.3426710504676,0.08785470837530344,0.05190205081632636,0.02775960827755678,0.020638606502127756,0.16215218299186604,0.05579099771340099,0.20984146083550237,1.348767236790076,1.3093096766464731,17.684235317723864,0.005762169272619603,0.008153038876709028,0.015209714301538687,0.006505025807150535,0.013442639453562014,0.001836097093774245,14.358597352333156,34.26726910594971,91.30040531713365,632.885636330089,0.12864003603012308,0.10623991542227287,0.13821008818344338,0.05968481821295896,0.24452598449072632,0.06788094742909008
-0.004633503530719427,14.99158649872626,22.110597942390708,97.32638645255085,697.3148393121752,0.08494943148527838,0.10218903161962162,0.06751495654285405,0.0386624791483946,0.19431397966044597,0.059143929548967286,0.3184626224177862,1.3416402478222698,2.3092201620008153,28.472871996651637,0.004454028310833355,0.02807170430110599,0.03303243986866945,0.012005326882194878,0.0190618265504929,0.004031300010437066,16.74645752215091,31.5268481598737,110.27671775318215,864.0642138157201,0.10789829568727638,0.3363444013336142,0.3077906504557496,0.13014851520924361,0.31633234351965334,0.09249055924063318
0.9999519035372721,15.72277012108656,20.3047665865514,101.27818448065666,764.8463594595837,0.0958406360143653,0.0874899358511075,0.06588671346999178,0.052131100584373806,0.16182376463671005,0.0555171518472401,0.3703568722353636,1.1528271126958594,2.4119934838802486,41.325727007361884,0.004632916388507001,0.022678865494849376,0.019387563460159924,0.009784007779517491,0.015464366692079099,0.002381307183574067,20.110570045678035,32.804148600158705,129.1340543052905,1270.456682964794,0.1413745606675719,0.3541185130802898,0.2915895752901053,0.15349379815976452,0.3438575826352789,0.0861942302280396
-0.0024713196818946567,8.610743836136843,11.798126263146647,53.980049419739196,224.93270051200125,0.09762408109657891,0.052489553502194954,0.02187172348577877,0.007640114156338575,0.1684207101075782,0.0718498466715724,0.15563218590092354,0.5822651503822815,1.0279889125142208,8.33814539699265,0.010124305116731416,0.010618926141314662,0.01992315126303416,0.005698300153309508,0.02089331606860072,0.002784920057104999,9.455301708416561,15.35689151650638,59.85255261283817,269.42245490414643,0.17345544934630358,0.12432819615932446,0.11719467612858965,0.044346788596361875,0.3215773560149571,0.09029245091816791
0.9990624864273527,22.017070658531924,21.899692119589172,147.22841691472445,1481.9287097285799,0.10627062305742928,0.19509673867483435,0.2451990191556039,0.14996918751201657,0.18226055644725056,0.06138396956366345,1.0070696128922616,0.6991538836684857,7.544593813886447,130.1165381061009,0.003974874584265069,0.028228540673815156,0.035500477885596585,0.014690701318053036,0.015162056223775745,0.0038134080265787907,27.67294890016574,25.823798840263272,195.0914632511841,2232.8212541881912,0.12914627831007655,0.3887249037553605,0.4738247539219641,0.2431182480071186,0.2742946743995693,0.08572179545389944
0.9997765688154612,13.090143294055151,15.525411332833494,87.14386100661744,530.0004103699179,0.13974503745166456,0.17666907772053608,0.2067265318192454,0.09601225379620403,0.19242281360478045,0.07693971326177007,0.39155218213248094,0.9229919408834932,2.415011164837105,34.5654331510702,0.007159537578144011,0.029106812639451817,0.05490483571315816,0.01395104430127159,0.015413247471337953,0.007112602069544058,16.314541890392178,22.391569314790775,106.2509590153323,829.8336867978622,0.18623201187285068,0.4093903222108362,0.6381658767704411,0.19850497536520859,0.3150252275887637,0.140478222252992
0.9953290070741424,15.46904468158407,11.859961210152235,102.68098552599146,736.6725019952719,0.1258202635341643,0.15567408972255753,0.2034722437841361,0.10970005941039733,0.1966253139425161,0.07066381021105198,0.42010128652705764,0.6542028680939531,2.785052222159795,44.3904151704161,0.005373198490949629,0.02307639648356011,0.04292145980771608,0.013147952316444472,0.017923251566082522,0.00414873522207609,18.845537960632573,16.973616973152314,124.67579465364443,1104.1227111202402,0.1530296922144913,0.35843931012415575,0.5824650127549325,0.18221608797986166,0.32170167749994155,0.10115015627454708
-0.004424541300218457,13.640062435638134,15.600700139492918,87.31173259313336,575.513136096426,0.09432262572848173,0.06603821621763237,0.046708253567267204,0.037367102480125515,0.17210371263461968,0.056571288828135384,0.32475548688888867,0.6634062966771389,1.9914271734077658,27.304513305984987,0.0064669598512717245,0.01253538784619962,0.018363012162428666,0.010987830711118108,0.018945089757071428,0.0017893608415181861,14.850210474002978,19.053402203892087,93.80949425410583,677.6321067636026,0.12787138303142914,0.12871281819259253,0.15279889909115343,0.09197881691062709,0.2531904653500101,0.065088275037749
1.001320158211262,25.204939900770118,24.934480034705302,171.59123440242212,1879.6874148347304,0.1063017899560339,0.26642463193263255,0.3332764817793145,0.18496007038433035,0.18294254383508626,0.06786388831623873,0.8973406464181745,1.4753858979031806,7.383658957107577,119.83128083069867,0.008147247081177476,0.0569338985499212,0.05721088337795922,0.0203346273749996,0.010605625649916604,0.005852939671017785,29.973473693721484,33.6348188374666,211.61824233695143,2559.3677819156806,0.15733956065873797,0.6072906547950346,0.6466809577623902,0.2868384382777286,0.23546517752945334,0.10522351602932295
0.9985685151350925,13.165263336334082,18.607312996725692,85.92509012295393,537.3416576352989,0.11577851917842838,0.12256181110879276,0.12243955278548184,0.07347395905055636,0.21302695167203503,0.06780243256201199,0.2866627784984115,0.8973294559377921,1.901254206436029,24.47594649961175,0.006504531988476836,0.023321765221419356,0.029193387488338694,0.012134160110037517,0.01741953190536313,0.003649522967218523,15.668572673029855,27.98251324852302,102.5421586547025,764.0144189801347,0.1786456715278447,0.4151637238196303,0.501242181684303,0.20878084533808555,0.3902823744066773,0.11775262553637399
-0.007023649114860522,12.296300805978456,15.90822662873081,78.84573615347517,463.69552207464415,0.08079032851845036,0.07238682802623538,0.03848215400026659,0.01601693819918844,0.16687034123124903,0.05476206523219009,0.23772795415301295,0.834904977664791,1.6855495612396143,18.05397567305235,0.00597986914798642,0.02223811712174971,0.02121074474428549,0.006389584785496682,0.020281922992551226,0.0016952539893481517,13.340775855952609,19.587523724218098,86.58199648180478,560.4874792999748,0.10946787658570718,0.16497887330664066,0.14134339188319056,0.04845253159601156,0.24822067030842143,0.06330945873653049
1.0021493249963127,11.834573898799151,18.72830727846589,78.03193548098423,442.22245680675087,0.11091663119335987,0.1517155541367814,0.1209377481282461,0.05189177066442882,0.23015199359625654,0.07802395322652646,0.48176904877772997,1.029599858305961,3.471256598565326,41.02618021741942,0.005573426129406079,0.03400801061300198,0.04221879979352648,0.010496134469174453,0.022738072376497106,0.005684855200363002,16.832232490684493,28.107419546597534,119.72561070511925,892.6679209316895,0.16369289200261408,0.578277324040292,0.6942881594880689,0.15495490462207676,0.4757363318801505,0.14016536023435505
1.0007458948478227,14.61557762114444,21.526358720609572,97.34600909096258,643.4035028652254,0.10551714372207716,0.18703892057650937,0.1419707358721418,0.08783833184546812,0.22506024336167904,0.06916747217353542,0.25213245290726394,0.9836799175879212,2.1186439089244335,21.286661153432625,0.004447978192340883,0.030701975230492885,0.026834948199956438,0.013536938233491103,0.014516900496452533,0.003729680409790554,17.620756730940876,33.27705136526003,122.13038930869286,900.3439904685562,0.1524775206833577,0.664349648267883,0.5552535938556178,0.270007248228821,0.42665984470763063,0.12756562718281766
-0.001954973130930431,14.578022699133449,13.673092171461542,94.42786545212638,660.3242305166799,0.09835092996507622,0.08897348551935744,0.08222476021286054,0.04349955699422241,0.17404972526808554,0.0564496595388094,0.4170508090434899,0.6262171925232805,2.563918990187563,36.667170273155214,0.004956268408248219,0.018117941051166164,0.029972556213826936,0.008633973422803424,0.015365152021280023,0.002273507668707684,16.724545646879644,17.240222332281608,108.44473133723781,863.7435920031792,0.12236179948770665,0.1937428139480136,0.24898605355653025,0.09117885061263381,0.26208230201102317,0.07056039074539482
-0.0036061892000336777,12.155101314642579,18.01327033951518,78.15252979215163,453.7836575940094,0.09092315451878157,0.07868464083762597,0.02897200916027608,0.015324097024109877,0.1461883423370912,0.06285438108486684,0.219733088845917,1.1858506269405993,1.6713779946485239,16.675262724316468,0.004903367038790315,0.016689351479594872,0.01419890672432999,0.005118906626052712,0.014567651673081813,0.001866233231851513,13.29397089408192,27.894290621321304,89.24701202474081,544.5852154753097,0.12092343389465061,0.22840173032243202,0.16182360275089416,0.05662175008333364,0.24068958470220445,0.0772438449399368
0.002288891448328354,14.217872422456914,18.16715965892752,91.26075457966668,635.2703836064992,0.06584560537822175,0.051761021511731,0.02493183679565761,0.013733692104119446,0.16372617658917807,0.05589707609649174,0.23122228272168224,0.6710773629701904,1.6613860816171144,20.472496603758035,0.003142384018980568,0.0137334819986642,0.010770103747913968,0.005318217440123852,0.010925765379708977,0.0019535710595378905,16.227398122671858,25.24178648089772,105.87981746881252,823.0052623925415,0.0944687747756138,0.21664852271931678,0.1573282036459619,0.07526407557323711,0.2634782780934744,0.07683600657775698
1.0009567098563832,27.202039728069238,21.831430059188605,182.22763987664956,2254.399115215839,0.10931436490534746,0.19103865891384864,0.2865405646125973,0.18778842777473972,0.18002825736858624,0.05771420133740844,0.8353354791907373,1.4809421556047706,5.8239216107167335,128.729030695671,0.004644915028890267,0.025215895259270506,0.031269150174979235,0.012409101691259099,0.015784677596897438,0.00275082079391475,33.15892024266106,32.87328963732912,220.72808483556096,3212.3425703511166,0.147040772875559,0.40285711805916674,0.5332015503425426,0.26851445329535784,0.28545803363696204,0.08090082971733387
0.006524846216040282,11.264716135770374,12.904215911813921,73.25131094397459,386.05705638365964,0.12375526544919703,0.11130553404589556,0.07932889677996029,0.055634841350685284,0.20142556821976815,0.06914179459332095,0.2589265808702888,0.9828122199129827,1.826585601083445,16.15757697738355,0.0066027109538724345,0.017757094417379878,0.021166624773904744,0.011691334913996772,0.020998498599132477,0.0037028797449228748,12.842232815005724,20.48086157841325,84.89931866747811,472.0792947918844,0.1610134225328774,0.24247959380966727,0.22414007761109722,0.13141217065061814,0.3343544860841551,0.09208381968058488
