diagnosis,radius_mean,texture_mean,perimeter_mean,area_mean,smoothness_mean,compactness_mean,concavity_mean,concave points_mean,symmetry_mean,fractal_dimension_mean,radius_se,texture_se,perimeter_se,area_se,smoothness_se,compactness_se,concavity_se,concave points_se,symmetry_se,fractal_dimension_se,radius_worst,texture_worst,perimeter_worst,area_worst,smoothness_worst,compactness_worst,concavity_worst,concave points_worst,symmetry_worst,fractal_dimension_worst
1.2001898473098138,20.355838836156014,21.38365725068404,140.80269096793825,1371.4503108980352,0.11057597947931676,0.22377594500106734,0.23122330064512261,0.1340137646482541,0.20241999591316645,0.06993355744518046,1.1176178820578457,0.8883367725452449,8.082133218171613,175.4921737718872,0.00485512401846664,0.0417082386988777,0.026278137043743495,0.006885268761946506,0.015855574781283653,0.00473286275986461,30.346520557228928,31.0965620641956,206.19505487964298,2740.0139938760317,0.16399725449132294,0.6365386680411983,0.5897342056405022,0.23114190165095327,0.36464520944879564,0.12059993354247064
0.009486938141130608,10.296961975778341,15.100097351638093,67.44892455086206,333.2143761756897,0.10063428352385573,0.09467629246188589,0.025187848363355622,0.023032871283948226,0.24616797581910776,0.06625398705069986,0.4401177993556515,1.4141534646458869,3.2997777120984386,29.428052442966425,0.006169485602310398,0.027320457760944546,0.017719645639607044,0.009832634674629324,0.035817574168952454,0.002931207233360094,11.902937462393258,19.664839959644894,77.62798022554752,388.45204846927743,0.12098886719994244,0.16540237807690172,0.08125337787823803,0.04597624161025225,0.3813365487688932,0.0746194034810023
-0.00752931424122022,11.204864187303363,17.897914362764173,68.08624437008903,357.6254942303291,0.06024514447761603,0.048451723597434736,0.035637510133804284,0.0034305336173801673,0.1249864114465305,0.06458580529945555,0.26763250678287487,0.8245713676108231,2.2691664092910813,20.397786863241738,0.006095285429371412,0.02312120317547643,0.04424548381349078,0.0034622555526487193,0.014531920011040835,0.005787064993708416,11.365651124453636,18.513150064186952,76.69320266060241,547.7507484646212,0.07597243353451616,0.06965452963127317,0.1966570909010818,0.0031072419409609447,0.19430817241510204,0.08065138530091093
0.5159405676267059,16.75777120322324,21.993191040286895,112.50841091772273,905.9975587927396,0.10603744096100462,0.14821435216832163,0.17153118564721964,0.08498515284954697,0.1798341655971373,0.061365411631335125,0.6187832381871055,0.9681953492248092,4.317780556327132,68.7602135801109,0.007410994329995614,0.038221556353651195,0.05494375291170637,0.014827732291392975,0.017476257110929774,0.0039906961992408636,19.33421784906399,26.64054707323774,134.61249423934765,1307.5821112347655,0.13799230089907408,0.3930236922326791,0.5075374412487431,0.16331978023097216,0.25751667614417983,0.08345133479577044
0.03502219936611717,12.061634219118666,24.25235070613003,77.63426445767232,409.0049578961918,0.07135267033334798,0.07685557301547737,0.054967884091416994,0.032049377620827164,0.14679335800605167,0.06063189902721316,0.36728556747586866,1.4089368536004203,2.4655883861472008,21.935296272291378,0.002666728680114921,0.023948927674225257,0.038489961683288484,0.011532370448701148,0.020815704023156207,0.0031341934272986543,13.124300403216033,28.120501999261165,87.88121418667868,573.1941276372545,0.0740689881733759,0.1556895990067364,0.24701108082697695,0.06255332337923739,0.20588313875284153,0.06740607566609094
1.2437784169817778,20.954239746909035,26.695872831838265,141.63902249826697,1424.1426423920984,0.093050507621072,0.12282718123766591,0.12930038765395988,0.07169550492529973,0.16584896880279035,0.055199578199452363,0.9447876375539208,0.7714027331603124,7.1712339044393225,135.34031489842152,0.008105345862335724,0.02902394654625249,0.039656112787198404,0.01875346474468708,0.023712235631041894,0.003789932493758726,28.38790703667093,33.16985970806043,183.2209500240373,2160.569197349234,0.15007314895711327,0.31405942605499393,0.3549979658358638,0.2121173591927834,0.32894689497795304,0.07865528097951852
0.26612337851575985,11.66102741700094,21.929146126726383,81.24899957248147,425.6500630627352,0.10932748972405683,0.17242004719194837,0.14332490090870467,0.05292832629376458,0.15840520849684464,0.0779382586943206,0.15047948871008232,1.6275148036452933,1.600688357180787,5.90507470637575,0.009496941953121632,0.047353401974744566,0.07338777323930556,0.01877782676078328,0.020936600196909405,0.007432500181930467,12.295294661094735,30.34503080407417,86.36342287333503,446.1802537064617,0.15300449937615315,0.3855343575025393,0.48913914013415793,0.11825602423959387,0.22926857644083054,0.10910636478679497
0.4550800032630729,10.811926166825803,25.904709834031188,69.74106631216425,335.0543632403959,0.11264185194009874,0.14872199578182635,0.12996507807244678,0.052712178080603724,0.21116972108539445,0.07121582282343863,0.11752805440002634,2.163416338032382,1.0498628244161112,-3.1468022602845593,0.007923334824764205,0.039098277360124334,0.059055181376382375,0.014197636717823448,0.017126944890396685,0.005851812974344717,10.578676851292254,37.73826767538485,79.49047494191612,465.3852121508164,0.1571083868837152,0.4090472861189982,0.4553571221419135,0.12932388884443097,0.2993127847899966,0.10208004487082424
-0.08765692022060362,12.779552221347874,17.73935520516339,80.17007008057578,468.8777717770595,0.10132102854361198,0.06441036763278475,0.02109548222340614,0.022494760364629687,0.16421265223131126,0.05985521908306568,0.18862427541849147,1.0088187388537713,0.7900909170850787,14.458687899220898,0.004310925441273553,0.008460541452095818,0.012182479152678775,0.009118307434155882,0.012927993381931669,0.0019202785666099162,13.650603149035556,24.06629016171059,87.06989811703568,553.636128318533,0.13263309084413763,0.14636755133364945,0.12724198898719338,0.092435945415234,0.23850208417821364,0.07136672267845594
0.5723885776537884,14.5868329166962,22.409323267023222,95.99229298775066,647.6088278308684,0.0859797190504328,0.07642862179998211,0.032601570241382986,0.029191545385935894,0.15625476102263544,0.05563147637442251,0.24950199759602157,1.0134219117440946,1.9840525556251751,24.161406833912768,0.004269491515602861,0.014687119413194135,0.020699279717045316,0.0070565173757998045,0.011722309125999713,0.0018370604097056023,17.267524587254695,31.839438156769994,114.13478385395429,1034.7920684103708,0.1234984412599276,0.20606383595713992,0.18160563898945498,0.09143762340679008,0.27478758859169283,0.07225504214503815
0.05911745775794924,12.91629185870628,15.458774390712929,82.13901798986673,467.53072508814716,0.10641160253649648,0.13372051679702848,0.12811268725835262,0.05227850731720578,0.19866417509890447,0.06927736900494567,0.33715704421347165,1.5273871064184015,2.299822728410456,29.883619758588846,0.006229331325982003,0.04368602430964859,0.06356684530703248,0.01534987989459742,0.024307293337736118,0.006412391099458304,14.638139643009797,23.171384791942582,99.26008910147962,638.7663936348144,0.13751671947640118,0.357958322749459,0.41705236194488293,0.12271775182721142,0.32098343951061814,0.09691955883484829
-0.027896817077917413,13.76444376435887,20.717204949780893,87.10177852337901,535.2428613242247,0.08521876580010608,0.06086254987984449,0.023185978474904723,0.022766732446689985,0.168532720678998,0.060090091210098985,0.2634742134088129,0.8663652574182328,1.3777121065394902,20.916630301066576,0.0065035106736353035,0.014239305162094523,0.016537875955087912,0.009605390873213252,0.023712362935926833,0.0029213687092638435,15.046542952819678,25.890175935322794,92.3138196108292,609.8594408579875,0.11455761100410002,0.1465349091866061,0.11881838668683423,0.07769964958496167,0.3050248701308382,0.07184929415430535
0.6680677956677225,15.082017616881435,18.99440765686123,101.77672100751172,688.7290988212869,0.11357280148297354,0.16759082953146542,0.13768698351923125,0.07557553052036042,0.217045082395027,0.07155970071573514,0.6643407273204858,0.7795060490586887,4.6945414298737544,74.35812155623128,0.005098068450672571,0.02882458612771448,0.028469046275307462,0.012028841345203815,0.012788549456094846,0.004944310941086546,19.802231224493987,24.781630790856877,133.4251958718083,1227.7393714788068,0.15567848934379538,0.45911487185733435,0.4332497118128047,0.17799457588755113,0.31130101314273184,0.11110695706601363
-0.022100029888640405,8.786857102148085,17.672026553467145,53.99642648885875,222.90701200947427,0.10387745088999835,0.03921353012086487,0.00490772118617748,-0.007820310091691589,0.18647492552458486,0.06291436989785681,0.419646107573881,1.987828571082444,2.3875150045386206,18.46188099890151,0.009175434923914857,0.005530548766993541,-0.0005825015800958733,0.0023117624539221553,0.026724059428116585,0.002333610159215727,9.328716082490299,22.293538817200552,59.65264406913528,191.23486337160568,0.13182832709681558,0.047329845547357446,-0.03869822490231517,-0.0014747759882520056,0.2562939537192814,0.06909674896779881
0.9485609493121535,12.240555888770457,24.305072605207712,79.50348625978333,407.77890136663063,0.12266678518013109,0.17217469885817907,0.17473151283435318,0.09095913828389075,0.2213466760296806,0.07182662006660144,0.48868528001680533,0.9042237146390568,3.38243414704107,25.45757238613585,0.007781765579991398,0.02569623484874947,0.04150315816803818,0.013250424921537681,0.019995984958844495,0.003774736387042788,15.915839612616294,30.86055157127603,113.4510502307254,911.5258347818062,0.17499330003802385,0.3948350204561776,0.4504655154538848,0.16676232377070932,0.363223168459626,0.09475705353434064
-0.015799205624697443,10.188932590347891,12.768105192321524,63.906294221041364,265.84983959752793,0.09872694064468401,0.06465798134329012,0.02073733432508583,0.0249968462752518,0.19231402765516195,0.06534111523421356,0.3893948696348306,1.089846120312782,1.9731812180183619,20.644108368622206,0.011213720779928472,0.01727828408131165,0.029628256628374514,0.01065152434570868,0.027607124870673717,0.0037299833703607157,11.502526973243446,15.314421908220405,73.18603085540057,419.81006847872396,0.12922465671959005,0.09056759563852398,0.08016717296978468,0.037075099471765544,0.26817795720996296,0.07464421138059422
0.21144486019300224,15.359749515599745,20.18610096943867,99.92987205649813,730.6627155240427,0.1020248277797623,0.15502365369466148,0.17380252350555891,0.08191383591878887,0.20660852267039356,0.06719060749994624,0.4830101970036801,1.7550142733228897,4.118645142603642,49.09973394763238,0.010579578577493446,0.058794639734657046,0.08502181441301168,0.02820323617706961,0.03366922547497159,0.00754009894013271,15.318536790733276,25.62261892393731,104.31525071477486,694.6267207309802,0.13634556203180997,0.3008667913685869,0.37261325469250967,0.1440654527885065,0.2954713546968335,0.0786156623047053
-0.048229045113329316,11.876898884248842,17.72338380872144,74.48376600313436,429.487268544472,0.09058124600989027,0.058628319663901404,0.029584738582401196,0.01443824266830964,0.17495045695285003,0.06069587070052001,0.18719335729808287,0.8022544848930839,1.4518504858446042,12.879559176668494,0.004224651397518492,0.012417542369825339,0.015081630779744018,0.006773403968088148,0.01865407187556701,0.0014325731975088603,12.833818438759367,23.06286671071407,83.93669804188659,486.0892145673743,0.11085542066547732,0.1433590942416249,0.14519999620332105,0.06432050513235736,0.2756952991541269,0.07125219677390973
-0.030456029890966962,12.280402065812673,20.57866201746588,77.16067336449956,440.973449558455,0.08917392473790613,0.0881067047471781,0.06341884607024684,0.03998837057338292,0.15717337522882496,0.0649720324515301,0.24168568735841003,3.0051284136485967,1.6047281410217116,16.869522286348484,0.0062297007172468066,0.03371339284889943,0.04190716660347591,0.012843972809427744,0.013407050580258255,0.005078308081256521,11.764543442156118,33.29178360563404,83.18309362125699,440.2861615077003,0.10592332972206944,0.19758927462924922,0.20261145504309136,0.08936172161876454,0.18709669050633235,0.08418214615122971
0.21583784307679393,11.479337365816255,20.095357589719022,70.46256350483733,323.77886235651886,0.08360885715467198,0.11441023342078319,0.10680108678094559,0.018040202734996128,0.16851262685835616,0.06731881509188109,0.07469079717225485,0.4849056835482475,0.810732626868889,4.040628091568017,0.002848904080635219,0.04203719172760906,0.0646244228317834,0.009036750085938959,0.017459694101444344,0.006054333393846282,12.606353296786153,25.62656348438668,81.38400410721766,434.6333769638988,0.12567297773113667,0.5417628565893164,0.6913774418825195,0.1322626487071989,0.35193120419625923,0.1256499460206907
1.153236892948982,19.026545094706396,22.172585695378892,122.03299446406687,1165.855247670538,0.09790827386200361,0.12085637898982629,0.1122006710801315,0.08909784117463206,0.16991628585704546,0.05464102092674861,1.3176654587561223,1.5553442688698982,9.2626931335587,170.0161835782793,0.006141797846878221,0.029343341567498002,0.04645217545196961,0.01875247733854445,0.024061763824064608,0.002708741423741313,24.177846720345997,29.692723602269535,168.46258352882398,2112.1039849246563,0.1257819090695025,0.30187334131683446,0.37410212381103003,0.18127635280972548,0.2812204380886231,0.06835975898825067
0.022227982753637188,10.28909010411588,14.904917992381336,65.16179627647442,303.9725885201387,0.1046388553371479,0.08567577395788561,0.061631646763586775,0.025783610490232166,0.2054411942907636,0.07111765070086333,0.21487952143455702,1.1536388409233458,1.6611245256992024,13.657834427131089,0.01043322681329591,0.032371900302046265,0.046055399959746744,0.009082771121931111,0.027552529898324615,0.005390902421028264,11.078951881196023,21.18647023308474,76.37792240036626,406.4633115376146,0.16408813814164383,0.27799436106340264,0.3340101240573001,0.10005126936533784,0.3659945092889511,0.10181077281592929
0.005882846455640578,13.291184253387213,17.547907389764767,82.5799691175408,533.9253425071213,0.0649115431345228,0.030427242350190925,0.01877504925560275,0.01597281183554134,0.13602098067470678,0.05513332491737004,0.2763413723049729,1.2687824731221873,1.5699224477094327,19.69022248467564,0.002934853652192224,0.005559873821201516,0.003451139412395405,0.0023864356994802716,0.011564130082037521,0.0018485783259702742,14.473460837225645,24.83488625238294,92.88271456923404,745.894392512025,0.09088196522938985,0.07373747210147585,0.07577535730592888,0.022694122926950555,0.2169068160125835,0.07066020002242444
0.5794668475688074,12.775028668430078,20.676005800348346,85.04259226939115,536.7394593260494,0.12676346298227395,0.20751298857080305,0.2828977684053734,0.09378144946421187,0.23657028449484616,0.08255896040511035,0.17260672707224584,1.610815880651159,1.9285831964943654,11.798616362050037,0.010508297123005144,0.058681995222089715,0.10126221821408585,0.024098256707810482,0.018994589409019644,0.010258837663613105,14.056461323433687,27.242740365747796,95.4452148601329,556.3524708320836,0.17699142193312994,0.5045491772461469,0.7737954086749621,0.20718500223317377,0.2936553544196979,0.1319902768315363
0.05608570116663486,14.603145237418095,16.023363037554336,90.17685847402089,652.5208695976124,0.08563387370050063,0.05586779583930997,0.03465668412178791,0.026847011490739835,0.17319671248243151,0.05694984655482585,0.1383174284250256,0.8853566232250509,1.1757822653882735,18.678140506294742,0.0052390324790801525,0.007240223798333535,0.017277896162256445,0.009418622476517109,0.017602727331546844,0.0015770318292015958,15.881211237818604,23.826642034316627,98.89735169934713,718.7010121828731,0.1246715024941786,0.14747138995366682,0.2535710055010633,0.11224470597764881,0.297505093210718,0.07814558087206977
-0.06952740434695409,11.262829108950129,22.057537474662205,71.59671796206544,379.3805431582183,0.10472354472491557,0.0670435419385043,0.042454343195866384,0.029895535951793877,0.14342780288950052,0.06761641806100792,0.3218315444635602,2.046693482814308,1.7183844722264714,13.83747389898691,0.0100259483574673,0.003123381586244523,0.01501853992194619,0.011838560339718168,0.022181690113431123,0.0031846671235806856,10.885245824298659,26.163450937761596,70.97467919210322,290.15232763615813,0.13199674254604224,0.059342789589000744,0.12128325135771889,0.06813440437884728,0.1957682185691198,0.07700025739191123
0.00854924039567223,12.537165133058943,25.28083743818324,80.05161448202212,507.1529829086395,0.05533464919248312,0.10416696438483687,0.11337442012792932,0.02084048904007316,0.18055643578847405,0.06436536435312064,0.2775419736637308,0.9905121825619949,2.955579904038806,17.905702313000813,0.006539837458803727,0.06826791382307519,0.09544331208810736,0.01802354518413139,0.032078053111144325,0.009601725158704973,13.469301578220156,28.26009896262654,90.36126286254571,524.4890306897439,0.07737526304133868,0.31132711036448557,0.408171287799636,0.06726134176148557,0.3075863859255623,0.09626350099988297
0.48314892327669184,17.085627618079517,19.085428965118187,110.07510627787448,880.7261044629415,0.09727788622536039,0.0967747494921292,0.10576073745306586,0.065869235889234,0.17749178065130344,0.05719561256915644,0.43675211709232986,0.9503967377658535,2.896513626783986,50.098999057771266,0.0052482519473820224,0.014776788991652613,0.02565792894758239,0.010209565348626135,0.013444933938197866,0.0019444944447152396,19.445057802449778,23.879842959409117,129.21322531463355,1267.1649186874427,0.1317076605624563,0.2190054905123754,0.3103475976507006,0.13725715526576174,0.2594930574466503,0.07267973393652011
0.01531533409260677,10.264953537621729,15.894254586679839,65.5731172987046,253.24306027348928,0.11920136840885939,0.11388519781921595,0.040196425901074306,0.02438820418794349,0.18259056683512506,0.07193903983155654,0.3991143718871788,0.7520710365792176,2.5792482923259135,11.869402215906213,0.007264758436572528,0.02501610704760158,0.015689916670642606,0.009309171841944458,0.024420165217102656,0.0043306167243626886,11.296953939493115,18.31689572541938,75.66450489201424,300.9758367824371,0.15585025238897804,0.2550390077320053,0.15068788872276928,0.0688473697249263,0.30340135273026325,0.09285181377647125
-0.039749958570347854,14.164370805892275,25.162860706143167,87.70931428201,601.8869726109482,0.08586125131148464,0.04883408063088255,0.026904609189714344,0.017450020762219534,0.16308235422214737,0.05588730199208039,0.19735835886177353,1.3302097911523665,1.2499763257036312,19.21538336345559,0.004964367018647698,0.007822279273186235,0.00462415845545679,0.007617425168536022,0.015253491529129852,0.002053865624469918,15.003794171951176,30.95822143182815,93.59027352326171,604.7562976715352,0.1133739457909058,0.1052619380232202,0.09509604715108988,0.0661177875470641,0.24219037758133766,0.06529613608263375
0.44769932120651157,15.9148110795941,18.166343076332463,103.46353541949381,825.171180600487,0.09708840498948923,0.10958778297080549,0.10769394504066167,0.06259113918247586,0.19493315023069036,0.06253655476291285,0.32549644523152077,0.7868064371582058,1.715486655286543,23.546260604569525,0.006082640201638153,0.018256931080843197,0.030334548001508414,0.014356266101236567,0.01796709075413798,0.003394016535229789,18.373279444249857,24.15198501726614,119.49922687137794,993.5360263093344,0.14534924253899617,0.31261546654059336,0.41788898734467944,0.182685908423244,0.3350673310474093,0.08824040773535287
0.7691942426007505,16.96922951575349,26.945450228781862,113.943966838352,739.443379772908,0.09011075391272454,0.14382472042025068,0.1594747522626187,0.06147353938978368,0.1719666761892691,0.0567002938551853,0.2743638237448521,1.2543482246095217,2.4728161609200727,27.709863187370452,0.005569704359087182,0.05154988488248208,0.06675178376846232,0.010922191103505181,0.017098045195465948,0.00409759835482752,19.12412038980351,37.149517704341974,127.26698953090792,1185.4431934185454,0.13124817833882488,0.5676434088176332,0.6265196087081295,0.1343849863934102,0.343672152793568,0.09157083468455121
0.289683496233593,12.245191759857095,16.60847990685813,77.72334629715974,454.933462568191,0.12504740708580425,0.1771769913012992,0.14564988206458973,0.05743043781947375,0.210465712311177,0.08190357051755998,0.17561324637938983,1.109181199461787,1.6181790279758108,8.881238462406095,0.009116473033925897,0.04363467920291491,0.051149783421549036,0.015394217204435574,0.017984876286798637,0.008322327651940912,13.324930396931677,23.73548936816825,87.48058358999084,492.3950778695291,0.17791710107906336,0.4800949149947259,0.4770883240680769,0.16641990932216522,0.3120187955805779,0.13281253719758124
0.8386521449177292,16.466054572502305,15.644380272292661,108.01687174664501,855.9422628172613,0.11665118690775213,0.11475059743880464,0.14797791157779722,0.10326200036006083,0.18744681290836415,0.06446949352499406,0.4840888728268367,1.0643965352851026,3.111383007066252,57.78895850337598,0.006393941584850379,0.013736169757185106,0.021291188651016438,0.013447480392081424,0.015950168254991418,0.003214537242931617,19.999945522766915,23.931448195563224,135.00401515073005,1423.5470310798423,0.1648114368539749,0.28043949602205687,0.3729804759579186,0.19753094115040923,0.312521439625795,0.08848066901575122
0.030448281576878677,11.92759565772379,16.593205409670066,72.65154500145213,432.0237009174176,0.10186190990391111,0.0720770066081731,0.031614194643745784,0.02094280737093802,0.15152973222039237,0.060710964675791665,0.19788144911579886,1.1142027079406305,1.2321267654880372,13.211184196867126,0.0066955275609357325,0.014707003850473929,0.016912542224496466,0.008417528912934562,0.014605933188816209,0.00253408699141398,12.931325242020272,23.80047650435771,82.47216742442745,564.2354421047162,0.15516319321030717,0.18480286463997148,0.16557865289047102,0.087053471011138,0.2678185333400495,0.0770896635112761
0.07495982710505777,11.840069404691148,15.017279123020753,74.2187716183793,421.0862936286876,0.09572532424832265,0.07759896683465109,0.0496031185093949,0.022077969582946035,0.1803855073093494,0.06481344080246138,0.2367189503258684,0.9871582224522951,1.766112462538787,12.504401361034581,0.006229324094692849,0.014162579533985331,0.022251213638988958,0.008552444242103241,0.01795161478967201,0.003400954636882526,12.880017356991479,22.028511317938246,82.40771314161242,499.1846325082586,0.1403011649338076,0.17832096734753983,0.21165377309829939,0.0888184793809495,0.2990685760536307,0.08718066084186617
-0.02310871023341171,10.158041573973609,25.124946317817734,64.4519702102595,280.22214719857556,0.09422662730370626,0.07746176855025279,0.03299081528005618,0.01745525081260775,0.16860983817220915,0.06747822772955774,0.1713069663567334,1.5054025877456514,1.0425025541484092,14.124308733964916,0.008079767941856822,0.015873490974151905,0.010880207064493452,0.008484074988723401,0.02388458960335995,0.0037409587394146952,11.13866156129825,33.76396693248473,71.38760949359295,271.4062772047819,0.1431941848346243,0.17220019801385045,0.1324043474136586,0.08693396082649785,0.32723715105805057,0.09038004413330977
0.7926325583349314,20.564769829889922,19.115826112179818,137.65752127689427,1366.730019038378,0.10041178762367599,0.14581466590483533,0.18567523249172987,0.10596101860219356,0.18024628686766267,0.05871656667432254,0.8030008269899729,1.021702405068197,5.4175809875523875,112.71454894092844,0.007243312006809486,0.03202328080955382,0.03997882933320023,0.013877388179664421,0.017298216275843003,0.0028553563604648705,24.906977989477586,25.77602470252608,172.42999814689836,2061.159329403257,0.14395200998482907,0.36669945192234454,0.5339426119809371,0.1936915071401722,0.2815941683816994,0.0849480513361659
0.07118447077470247,15.073910015728812,14.541164202081234,96.80932303543484,665.1901620256687,0.09551554395312199,0.0890327570172378,0.07058253934329164,0.04818859083789808,0.15187579612665694,0.05644035581584671,0.2746802066078826,1.050361693148807,1.4709462883076505,20.567654167006637,0.005197175905826886,0.01549907654797971,0.0204262982843039,0.00755098705515002,0.017700980449184334,0.0018648281904811942,16.7162823626147,20.88146263604289,105.93876158628326,869.8811257787332,0.1272364530052773,0.18546671619784924,0.18864878030783439,0.0867367706155232,0.26212161399142936,0.06656962775453551
-0.0351826511980442,13.652143488558055,21.53440487094161,88.0744248182179,580.6227211667372,0.07914937019615229,0.031023624465743624,-0.009092371122925338,0.0052287200326734465,0.14371522988304417,0.0569813075362875,0.16904506757420817,1.3617402045212772,1.1059123417093344,10.72203692070045,0.003059846059855536,0.005669843824956208,-0.0026518438916092735,0.003875266474448493,0.01378615709736489,0.0015455623260900802,14.934317452546322,31.568967160463867,93.10158738840362,609.2197603670127,0.1065103281515043,0.08463397328448635,0.05918530365603941,0.044817252589346726,0.24748657053192213,0.07439493465737666
0.1338257919745765,13.173788780654958,23.059728983087854,81.08835215935167,491.63217106412054,0.09020315757206891,0.07442519330719231,0.030726567530760696,0.023320911992099496,0.1447611104461149,0.0627103922971519,0.2413561939437626,0.7846098255395554,1.3745689135112382,17.12530738021659,0.005403649799089702,0.011821142661729699,0.014543308413826624,0.006185840333064855,0.019376635207686656,0.0025010372438080686,14.332845647737058,28.428498229099507,87.5823138413667,630.5606143657596,0.1255065436174958,0.1653666519054255,0.19294153521659554,0.07078203147943093,0.2735678328543213,0.08389261374989493
-0.054966878556206356,12.2609169434846,16.68086101420932,79.38361044336729,425.94671666899944,0.08097492107055661,0.11535356360674352,0.11145158352916323,0.029673265906699643,0.21966957859275593,0.06458265969988546,0.3071968479805418,0.7209951958949563,3.009892755141158,24.05395624373553,0.005555130674147438,0.05225815490322559,0.08192158715369456,0.016867493146266975,0.023777458579884538,0.0057099295152297155,13.432345481730108,18.32455401769231,86.68925097581435,464.08283808267004,0.09914597009444764,0.28613841517928473,0.41733709367504274,0.08857996301348132,0.3281442284515825,0.07959773073504467
-0.047336119231040696,15.037586501255547,17.934877771318753,89.45803929070395,626.1969558249118,0.09264286579135539,0.0480025620500248,0.02300155285689899,0.02320131864631599,0.18112734133321381,0.0526111174531277,0.26706823417607917,0.9440756977224358,1.4624448104254555,20.795967024417873,0.004542857215615311,0.0025944339148213404,0.010287417770980814,0.004859279298780482,0.021427685694504522,0.0012759562685302948,13.815359075709086,21.050315768848392,89.51084766505114,684.1096188522729,0.10125313389537642,0.038834475424029735,0.09188881458337428,0.02637630837179962,0.28481910521239434,0.0512925814111997
0.016395574365680954,8.104230577884415,16.42224489787856,56.510103084374585,277.8245570486211,0.09089184171465448,0.142546813370172,0.14934098504147034,0.02787925927387402,0.16009737382748337,0.0915454734546577,0.23099598699016585,2.7789895766246504,2.827845677367509,8.775557158085071,0.020654546839768535,0.08922231430009134,0.12906661645052334,0.02839513634916042,0.03574349659570999,0.017859151965059928,9.22812648852636,21.142410592653135,66.85724810161553,200.37852135714775,0.1385419807124538,0.25950939806530804,0.2353553638488596,0.05498750714864076,0.19024551273174037,0.12574887006521332
-0.08411007070446602,11.70352677745416,13.344477446510437,73.91857969736921,404.50497038386175,0.09652442889805338,0.0496399506484673,0.01560974896019457,0.016723897692310294,0.17468336766099257,0.06025059282102529,0.13768635773070398,0.5652823445342713,1.1283049661698048,14.03237796747996,0.005370284801079426,0.005575576318346549,0.009442785129786902,0.007226389094147451,0.013387221234542092,0.0011433594323766992,12.640291746354723,17.281301395325432,80.66187821230915,458.3908306317764,0.1283996478434932,0.08838867683356239,0.05495181835052426,0.06180710188196516,0.2540077142110194,0.06881836942051832
-0.044156075688660645,8.437748767101716,18.45520679409597,52.37279335606394,166.10320632550008,0.08297209732244587,0.018177273882545156,-0.0028487314986642143,-0.015276975780867327,0.16785922669653433,0.06253093799178776,0.24402643970930155,1.0416940398255865,1.4303330656269628,10.934674222657002,0.007238284601904394,-0.001034622429974208,-0.0006182644134578932,-0.000758820236868931,0.0275070434171206,0.0021152231311647052,9.315753346334095,20.42852070511349,59.80574463447179,192.44126280425655,0.1104570307231258,-0.0005136349545463714,-0.025243253917106967,-0.029345980578748793,0.2690294510165428,0.06926849396570713
0.3596428692174621,15.787342651084334,22.308732700846193,104.6383914938211,735.1342707785777,0.10498402687708,0.13358629081543996,0.10135612286213104,0.06826206791596627,0.1842207791711736,0.06572766230593796,0.6330544541394774,1.4183729670962018,3.9695486076653266,57.176635633206715,0.00544188170992284,0.02523730852760946,0.02386208531550129,0.01060278878628056,0.01802282106810686,0.0036999482630834762,19.409626888397003,29.68949163913987,127.35460302933954,1095.0223653699318,0.13971916793230826,0.3577042836120617,0.34558644833377783,0.13630461973024371,0.29339527183833936,0.09645521642193894
0.28636836492417966,11.80464704885935,15.519938105376465,73.82900873720722,437.98586052064195,0.11243604648420542,0.11303381140238765,0.07345499768295272,0.05662938617602445,0.2340733710402182,0.06952814280049648,0.27399166050060175,1.0420456622864154,2.525491250807845,11.978077030771246,0.00923913237248604,0.02413905888388636,0.021716078912184824,0.013224946169337115,0.02257561105541681,0.002951296167973725,13.039375697782324,20.97663324222734,84.40016754114635,573.2408480203926,0.14848260529997834,0.17745218125529008,0.151678786996871,0.09809386378202212,0.32980951902956746,0.08253020683324576
0.2700242461685278,14.284131371732359,17.168796880951785,92.30121112628932,580.2989564842832,0.0887974125037305,0.18190638457357886,0.1844881067066083,0.0627732435760134,0.2333509690212899,0.07136497268803633,0.5548506537053741,1.3289536486340774,4.723450504201235,47.78507236470217,0.004543062584227295,0.0788366398289938,0.10649132316271838,0.024642372223341223,0.030463237703899894,0.009977674313101653,16.272641808220335,21.40630605325449,115.63688937698642,746.0400205710562,0.11320820237397297,0.6169294184652858,0.6846271283021649,0.19753478989152012,0.4033183242754318,0.12093145926053749
0.3825524012110692,16.35278345919602,16.563803166212992,104.86673718610291,857.3712442483194,0.10078245135763587,0.06413338435721859,0.07616606473723476,0.06131991996538902,0.16333876712693426,0.05217350808918774,0.4823952377590038,1.2491846606235832,3.350703722251933,59.44661064123888,0.008433155683169444,0.0034368306575659514,0.01603744214567896,0.012062167380267339,0.008745143216988018,0.0014270785024412327,18.070682927357847,21.79757361926155,113.13444181422378,1089.7249993722987,0.14016155392535334,0.013732799052505879,0.1253231656024302,0.10073467689763173,0.17770998595604706,0.05373345001494675
-0.05805737837224695,10.464292367739622,17.954744898525625,66.09723662011967,338.66449734707203,0.09817419169914324,0.050476922199993335,0.0003006209209757832,0.0028360488577848647,0.2033300413259053,0.06185609369165386,0.24948070592182572,1.449746309154727,1.5582210834067378,15.529519684969127,0.010823489450226362,0.010228883399448383,0.00873151703026526,0.005942541435225194,0.02746931213155327,0.002161711938098762,11.866499010660696,23.759780004391,75.8677535416193,378.23420348746856,0.14246250189001455,0.09069664038264064,0.06095641439769475,0.02647643141953955,0.3296568520493965,0.06938152975021498
-0.1433271670656654,9.34708348860542,11.275093805085135,64.5610942113648,349.26411179744315,0.08565653333375599,0.11621704809933264,0.14750908298685544,0.02079484023302126,0.15028125242324988,0.0774576961703285,0.1721965120950703,1.038743008571735,2.181282729690205,11.622137668186735,0.014469195432239287,0.07635232577974523,0.1321614348413362,0.024605296134832907,0.028264012132769786,0.01207259501088027,9.590422315097975,11.571601329386052,64.4948573670624,261.2675375373651,0.13411580428881362,0.29973973168124773,0.5039361144839698,0.08549022273434481,0.20281504650188448,0.10133274317397582
0.051928701507480635,10.7616118937815,18.073050132250692,66.80820003922852,326.2597406541658,0.08324953901643471,0.06449536906654328,0.023342126439601776,0.0205060496714222,0.1645653816701735,0.06266787328779991,0.5343781122457036,2.12222373876397,3.3590621379021273,31.501182503318528,0.009362537809938933,0.02256546577074837,0.030304782913024953,0.011118429686649318,0.02933494887381481,0.004727726376960707,11.339032148385987,21.45155462417476,77.07997113553188,431.823593684072,0.09547005562207979,0.10227081529980833,0.0602935150433265,0.031599767216012126,0.2166894192549087,0.0678430382062317
0.2746685908779264,17.485896505706368,18.556327067641664,116.46128237382638,882.9193088927136,0.10690451928634159,0.20940904784620323,0.24899132817045583,0.1178561259855461,0.22890689612569035,0.07098743260089523,0.4487580766291519,1.8676540151792373,3.3734071163508257,45.70677936383811,0.007001485425564334,0.06379821502843255,0.08799090497929218,0.024359509228425044,0.03528200796685494,0.008293252910291418,18.28050403676472,23.382035299699425,120.16958522767584,844.0976874726646,0.12262356296183972,0.39338570296019326,0.49356081180203737,0.1775963985191436,0.3454485353918782,0.08974425236404042
-0.03690805661737484,8.479887813429247,18.678730836208107,54.38943789740273,202.45787053840252,0.11174554646631589,0.0664810087286792,0.016451752974531664,0.006331974442923598,0.21197792968366183,0.06562073269455823,0.34783384158500574,1.459647801446268,1.990626268349311,16.19637174335239,0.013835070925194193,0.020800552310488198,0.020667196238115124,0.008059618927614323,0.03387048211431887,0.0034154780454557095,10.018624952632631,23.340816445785926,64.56468742347337,239.94422971519793,0.163105705699842,0.14601418890768708,0.032857086079009,0.03017052963449378,0.32998700923684804,0.0738104231600375
0.7702575382679699,17.945245176804047,23.82279530466394,114.3296075519111,980.0862437795563,0.09339208963013666,0.09311850855928949,0.08556840850592079,0.05441550359949851,0.1380946748294265,0.0528064205052361,0.5304201612454926,0.9943068147305518,3.3879409673172254,59.32718312496408,0.008077175312010005,0.02301787794999916,0.029921893177716537,0.012597080038129687,0.019828800797037516,0.0028872543007563917,21.268658644795426,29.947389903890127,139.27720719318415,1411.1230537715164,0.14339242808591868,0.2497695780055982,0.29979790057608635,0.14525551860099067,0.270923247930003,0.06984517258642028
0.01920560775840935,12.904649381850485,21.252747347206107,81.17049717746465,475.55566808822095,0.08422129329881978,0.07277613400193353,0.03938270927920666,0.02854974889508113,0.18220790254292157,0.05714721163449552,0.2527364467833873,1.2134573209761312,1.677990303701992,21.239899158643563,0.006234829828107006,0.02519082390206952,0.022769632881780924,0.008563681516300135,0.016635744688375816,0.002049221371713828,15.098880138809537,31.104433791414532,99.25819057135783,640.2079916678695,0.12832690530372032,0.2446451341986915,0.16748283899637756,0.09036222697102707,0.3097214727982681,0.07135958721266185
0.4918037054645364,14.532115675434838,16.363718659180275,94.35848960707371,634.9884097235524,0.08808602011121869,0.11790600534819942,0.0727671475401441,0.05454290713020707,0.17173819260759673,0.058420776444718145,0.43021213116199725,0.8903000775090975,2.9538333117587507,38.504228070689315,0.004203243208513979,0.03145689053999115,0.0330212995324934,0.013788916739232345,0.027415443837282803,0.003284523499532391,17.44410191934656,23.88707112047509,117.7104346424949,944.9992277404962,0.12679809642625947,0.3909601187334588,0.38031294369632346,0.1564854917531167,0.37985207770173396,0.09281736991168948
0.04972327589946546,9.048112362823414,18.292016517178137,59.85036710135845,283.44458432268596,0.08883442599583534,0.04712926413821297,-0.005038942147752176,0.0022246746546021184,0.1444454558695309,0.06893066252436847,0.22991590584732727,1.9313214820160123,1.7174548524509041,15.899970940672574,0.009050534396160801,0.0038110538973265586,-0.003222418999999206,0.0027409347476358113,0.02045701080719855,0.0037775364263883315,9.751519673519368,24.60203253116469,65.86548611432386,342.5768669131985,0.12191538609871236,0.06479099297361982,-0.053672312854320114,0.0127782837013804,0.23229350047606928,0.08724999447035835
0.03626738253161682,12.795721877729006,21.04272761424146,79.79517160616963,499.32361775138054,0.09895363719581352,0.09872985757947074,0.04323265309873845,0.03686841370092079,0.16031697058164046,0.06413214417482471,0.24988727139188888,1.3057239005453474,1.671511565064647,20.152264204123977,0.007299432935974671,0.018384992361412965,0.01613905322504831,0.012313378553961595,0.01596478057717375,0.003248100848458842,14.088044956755015,28.81105119915351,88.16922650248317,481.77733278806636,0.13734463417606751,0.20478124846252582,0.1307801277061943,0.1056735221335344,0.25062574303779983,0.08462243100387967
0.8316884603739882,17.95354456149663,25.774213466734373,126.42538651719693,941.2955140304426,0.111727553180542,0.1947018043464695,0.2719188319426363,0.11096348728626931,0.15360192024487865,0.06050300713961168,0.5863640784357036,2.4966663359907884,4.382604894643746,71.22100325591221,0.014530671258634269,0.07029110725707269,0.10138081994892449,0.024174310972438245,0.020880133855135423,0.006708902886419047,19.969534477513623,34.91944285224794,135.318001884542,1309.3918145153536,0.17195499869772427,0.5134330978084105,0.6955403952225596,0.17069360165267344,0.21019492503488824,0.08742365301631008
-0.08144503348756071,12.164866242761978,23.204280465685574,77.62657701285299,414.78883317192054,0.08594093829969487,0.05679868251972348,0.029301358221346475,0.029456033126328024,0.18990842128613047,0.05852317150667139,0.2496245587685251,2.101360981663427,1.5646030130149096,17.685272655080954,0.004806982859420297,0.016848745465352574,0.016745888555757125,0.008172555098373079,0.020139554497926038,0.0015313514209451544,13.793346027909678,32.967344369297976,87.61177772514523,512.5646421440531,0.10552642334306245,0.14313916680019578,0.07407714223540163,0.05582787140337606,0.26857727447839436,0.05836539068990756
-0.025725771411253096,9.575463338591991,29.485799153210465,63.80637217094058,251.34575755801092,0.11166437880195361,0.05936722771580762,0.002102531229985674,0.0018996167331875452,0.17797201126494436,0.06491233357520897,0.42717036643723133,3.070900940557953,2.817785827211121,24.323934557393947,0.014623102447345309,0.016689047035564383,0.0068752992675214265,0.007813953853779107,0.024761093890845177,0.003988629550690588,10.729856580189528,36.401444525187735,62.298693944739384,257.22077484157046,0.15203869683969062,0.08120316562300658,-0.02227537498706811,0.0034108940683167527,0.21601765147458166,0.0715370869328694
0.022082755646218144,15.342645154457394,23.894195126717094,92.26684266431032,667.3123180348949,0.062213113198312596,0.012455909090485981,-0.022863047760824776,-0.004552481882778424,0.12933681424695506,0.05275668172476675,0.30734102945584374,1.6694251986384416,1.9508340242003404,25.482013621068873,0.002081677913195114,0.0035799578475586603,-0.009584118318868538,0.0027961665135548992,0.013249213327621388,0.0017690959341950226,15.973701750806143,32.15393690509474,96.86083999351051,783.7358028663899,0.07411895906550132,0.018921534507814586,-0.03102725429017872,0.005100276268980797,0.18869290742995326,0.0647720599987976
0.6854252783495765,16.68028958642981,20.79227314720935,111.93820081225772,837.925169631016,0.11653453419118388,0.18365573740888985,0.22170085567620726,0.1048084015996769,0.1959814045143314,0.06706365091848628,0.4447609626124519,0.9539065758225642,3.1623901976017272,54.941659896814336,0.007940320952839837,0.03479182339815735,0.055676773740436364,0.01773507301757048,0.022108101945738545,0.005089479059101718,19.698700228124203,26.8664703189726,128.93720307210896,1179.5205691581648,0.17017665971416937,0.4944003387267738,0.6528380933795299,0.22551235679329687,0.3404893198160302,0.1068126022193919
0.37124702946429256,14.29958971971017,18.98730945024972,88.81678624882339,659.0691410757412,0.08951990484983831,0.08167015248628477,0.05539998143749785,0.05055015011718735,0.17426025382315755,0.05697418454605774,0.34608496664352295,1.1089968536257206,2.745943981118414,28.63394085842407,0.006359283462191322,0.013624962294129047,0.017895681614867216,0.013251780074614984,0.01747082262885708,0.00140493531273658,17.624693700461336,28.085414236296465,116.10150369805781,1008.1044032536787,0.13358514715151176,0.1908591068809139,0.21925005313982796,0.1372521530975788,0.2866157792770067,0.07277710288483989
0.16871642411669818,11.836824230931544,19.93889731365094,76.43897433588546,436.0502542799287,0.08330015835299656,0.043164597786030316,-0.006429207348307611,0.010717607057536,0.1573145922405818,0.0571434220408251,0.4464745445716466,1.4733687478645594,3.2070221655598097,25.570646623288827,0.006563235145602588,0.012493558927451999,0.009575107613226365,0.009545209331019556,0.022214705669408436,0.0026896784008591528,12.713877344053287,26.552578220527263,86.21066656936179,600.1208963297913,0.10523265540743733,0.06984122342481738,0.004619626341199334,0.043609720026313706,0.25847043518324353,0.06692317606061098
0.49387458455144634,15.842070505505998,23.738302471894517,105.89011465006644,702.740868851871,0.08774936075331273,0.13165114174146597,0.14973324921998363,0.056920713702364054,0.1911784548944912,0.06272162534601952,0.23633634015130586,1.4900488074872813,2.231489980257493,17.19831673756933,0.005939250373478246,0.04746826509006613,0.06968553135061437,0.01524468215398383,0.024539027856307596,0.006112293994551081,17.1575131722117,31.70915369710113,110.42419687035184,876.6528218460478,0.11881819079260525,0.42569626739231925,0.5178341222774041,0.13241020968044281,0.34761139526966534,0.09778252351912102
-0.003900512874960793,10.235180369689488,14.101501843362485,67.15735264511413,300.5675920256153,0.10522547688197675,0.07566170983565743,0.025786723968118874,0.014265494884591466,0.2258001218670393,0.06567013119685457,0.5043460587743931,0.72745302007139,3.555318527026647,32.60477635858273,0.006772563016009659,0.01499427509005504,0.013658933827615821,0.009496123362369028,0.0197768877720553,0.0032655597027638713,11.86179843402822,13.455925338957035,80.56503891675135,417.922960700069,0.12265362471379923,0.13886148648304036,0.06266897602392346,0.03745375025613115,0.25004317128258646,0.07566975996505403
0.3270391138809939,12.581945949650217,17.599428704054425,82.71644557179205,462.9911880581741,0.11458101570975454,0.11136718900082351,0.10098185300054369,0.04615208962786514,0.18281795089229166,0.061351540206153944,0.24342624280737601,0.714469061952937,1.8668216301105263,20.18392966247968,0.0058515732044052676,0.016344250746066276,0.03704948733118128,0.010580168038799595,0.02368012062090435,0.0017470382436712939,13.643856239713346,20.15672380309019,94.01896855073059,609.342062945012,0.15251885631491063,0.22285357636338818,0.3089317063642,0.11455560502266346,0.32655443715895727,0.06894195191945458
1.2227998980085792,24.68322257882449,18.103841954458584,161.63268161359053,1689.1161612712394,0.09357287498546427,0.15257081301703562,0.2009103769961254,0.12533559951996975,0.17561550655415256,0.052447569542366776,0.7183446460924763,0.4947217474823453,4.159486910521829,86.74611029242763,0.004363857456995651,0.030003390068292744,0.025908642295637344,0.012117813283216067,0.006334547450729193,0.0028866052129379108,30.192109346216903,21.708361073148623,202.52362355201538,2574.5045721611345,0.14493843685095661,0.4459126541730287,0.5284953954229402,0.24847069515038953,0.30013953428072465,0.0784993121943418
1.2320955298084804,20.86129320891163,26.73439179625037,134.98151554761597,1182.1129136460484,0.09958703011034943,0.16596520803884923,0.17676897448585438,0.10460866145730657,0.16084477530130398,0.05970566599506517,0.6651421314083743,0.8537447072526951,4.44560985595065,79.70708365838254,0.00799398826305795,0.03278057281203528,0.05207404179373401,0.01700461701882568,0.027253028562285547,0.002705172891872553,25.111538811554837,33.60457777333742,162.24435145069307,1867.2891078598886,0.14688624355527433,0.43195829861227386,0.5746085118831374,0.19882484328880662,0.3327256206825636,0.08669461936810041
-0.007212187427046879,10.733835493295347,17.46206692007118,66.48655310501343,398.4459241295945,0.09637938937646025,0.08370891121625657,0.051362692686518184,0.02843798288386777,0.22426848299462954,0.06784187208593388,0.24249003180747905,1.3145837265223537,2.140939306813698,18.118809694166103,0.010205618839424526,0.027356918165156376,0.02688049871065972,0.012958079791209649,0.02097911950217043,0.004808077173719451,11.112691101800367,23.33273979927673,75.65236204002284,430.9939771332667,0.13790390151756124,0.21460992043831242,0.15266388344800624,0.08169224835143693,0.3037848962019039,0.08852454525374086
0.01877867297034974,14.04505196285065,16.12880555699547,91.6489246011493,595.2334161169999,0.08058034475791087,0.06440728929106393,0.018894251713901855,0.020848999994978995,0.1401059552109274,0.05608959051051714,0.21932157695878735,0.8996760619509793,1.645293275557189,19.892477669138515,0.003878999689343213,0.016772875448958974,0.014186480063205512,0.008751324483433165,0.018317661410702943,0.0023055681535442546,15.100770038786157,20.181124236916745,100.89641326889182,691.3612054523333,0.09377761495617294,0.1663514064343144,0.09448391058764419,0.06566632543371131,0.2356626617217659,0.06459244205562853
-0.0733847991267797,12.325961643040907,22.08691312086335,80.55093523790993,513.1867763340151,0.07400239660041424,0.1270018833595877,0.18012531328943415,0.044819313238112043,0.15946342977032923,0.07338485062769524,0.11272274319629866,1.188576255288915,1.6573449240334162,1.257727452682417,0.008832600185698161,0.07394303663992255,0.12808855685763593,0.024440032686687,0.03285651505230934,0.011386173700509913,12.146318135787178,23.881072475150674,80.10165701061953,422.8267959816335,0.09766357120718833,0.3191072725584384,0.5459814072765581,0.10124414404167627,0.25038125341493267,0.09840200302230197
0.532027406934604,15.114845135017669,26.85796367026346,94.98222932961932,671.8818260158738,0.09500584976073728,0.09680115960758158,0.09106345742858753,0.05719357756596952,0.2081308133187176,0.05912546885866989,0.3213967515261635,1.8149623968749125,2.5703593885053984,29.332825354177228,0.006489552584087571,0.018880590609711756,0.03223671065073256,0.013024483510323218,0.02014355051529324,0.0025061712735235057,15.814855066218877,35.26706424008721,107.30211666640496,861.182608739333,0.12163884989129271,0.19684724374713544,0.2603078857756279,0.10505662192337187,0.2873384213331482,0.07137238751706103
0.006656092038314909,11.551606480924033,15.677169829737881,76.90366402208268,429.23914419424017,0.10438998148131372,0.0886900858495759,0.040283401476370696,0.02825492165840712,0.19852849649383753,0.0664402974522872,0.4290201454939045,0.5720629529283275,2.9315629126522293,27.24636941343377,0.005728835087330337,0.011416600618610783,0.006435225404679484,0.008460565425766285,0.01742758825527712,0.0032009518152808993,14.2292528670184,17.7932850852643,89.33123897474158,571.2978909873028,0.13860039182038034,0.15853245434197094,0.09955184718936053,0.07058378943858748,0.297219641599383,0.084977477010546
0.0036556266782552527,12.064109485430306,13.421323056714858,73.58152693515956,463.79345679059037,0.10713065930452802,0.07397186410924804,0.03238160155613083,0.018790628626112294,0.17179946607214863,0.059542546444250985,0.39662569774860124,1.3850123540452235,2.9815211765656855,37.16769104175876,0.009957527771116446,0.014176802962627542,0.015518459321483408,0.009738477214314391,0.02490011429264844,0.0018717906476345522,12.307664384351561,17.74517054322703,82.47914431892009,536.2689539794014,0.13628604070065417,0.09375721387703012,0.08400522422370085,0.03860050777060767,0.22733019654552927,0.060661219499340543
0.32482079940327835,12.803342766816646,20.225844366659135,82.07680758575343,488.4766415840618,0.10613120801944406,0.10737847752223496,0.09140419627267471,0.05227861110212698,0.20591035715417152,0.06274734571732929,0.4445275671196827,0.9500600611525312,3.0118682129827072,37.70658854889516,0.0061686906709473585,0.01884409659030668,0.028378418886866624,0.012423094970977346,0.022912402815748512,0.0023480714436134127,15.874825175385045,25.415118937028105,106.03743677269114,804.2267693605777,0.14657828099753584,0.24694490204223932,0.29569716515128996,0.12488508711394701,0.3407372740188845,0.07815092678600095
-0.009868045113012203,9.762745618604852,18.132271224260098,63.73534949178189,363.2309562827959,0.063520372832363,0.09100754054419233,0.11131187283306329,0.036980145412843946,0.1646126253832948,0.07432996141206441,0.21249727539853483,2.3766164166044526,2.2057351086125623,16.672472580240076,0.011732017049518591,0.06805031427339556,0.10518306538613588,0.017878470330446934,0.023258259476447576,0.010731766421062057,10.734116925078474,22.786603256662943,78.79054066411791,490.77416520104214,0.09476733645259579,0.2380377610027399,0.37636827288527785,0.0591246010433446,0.20096657659069642,0.10254501538665674
0.39135577705600544,15.661785231418802,19.328622149514985,101.92521185664637,779.9313015602352,0.09034369727960148,0.09656818328342666,0.07399823589700161,0.05622485975605508,0.21652085679447405,0.05708292357311938,0.3855501203780417,0.877840672549604,3.0274519515431066,34.11062103025705,0.006012156741176531,0.02519460763019093,0.028084337666123532,0.01633579893010454,0.027292030419953546,0.0033766808703409442,16.556946533674374,22.63428172941169,108.65113002692972,838.2515912692852,0.11187736067906148,0.19496088017802182,0.1930585449664885,0.12742122821684426,0.34211851413007105,0.07346826084384808
0.04534726648797799,13.824323801449587,18.439208097105272,91.30818575481968,592.5366696346513,0.08364820083528338,0.08800878102612286,0.03960951485532249,0.035344199371126636,0.18666073857467902,0.05659837327146598,0.3486531645798535,0.807173117218937,2.3016572278763574,25.059360501822926,0.00485333610349172,0.03374588560983345,0.028661182617628404,0.010763901960980524,0.0221198370289163,0.003240721014111268,15.036305300817101,22.683310889112295,106.26291497945319,747.7598235601674,0.10524967719743367,0.2990713907484923,0.2332396197669394,0.09741832007246905,0.3110850142416245,0.07566416497582573
1.1753048317261952,24.07071160477883,22.397246066889124,161.9243861122924,1651.6541535295883,0.11571467971176286,0.1925564122448848,0.30691076008083307,0.16975230983482678,0.17095364376632255,0.06480440598071374,0.9765420508273623,1.254212757291264,6.2022575253544385,151.6672444046595,0.005991749873034923,0.026678965372058983,0.05898873928956723,0.01226799882588839,0.021446502669175558,0.002957798968980098,29.126253083584807,30.487614407210224,189.06586426500076,2663.4133918518824,0.15095868371869664,0.3228231153987945,0.6164745169699374,0.2108487009712376,0.26289450842751994,0.07953971216412566
0.33267431029429323,12.566584600091012,20.318686883654337,78.45725713683312,468.3584077691629,0.09280474139401661,0.1110752871751276,0.06782583092943514,0.04341134393373752,0.16854030406120185,0.06359747202008227,0.2751931439677138,1.7640553917717419,2.1418488054969274,21.687609230068336,0.006652598651306365,0.02668853178334314,0.04330843138695921,0.011502461911017772,0.019878078994797516,0.0029232250612048925,13.825342433263923,31.415600562950708,92.81302099513869,696.0383115045827,0.13561141406272803,0.2597047593382017,0.27780915269480716,0.09772508983949284,0.3138476278616002,0.08220699075441167
0.20137809006123997,14.106274444721743,20.31136413482451,90.26168942023587,536.748653890716,0.1192605135742322,0.13214760949640597,0.12090340740851271,0.06894101172084026,0.18130607441771937,0.06767453001122183,0.5031477578158529,1.3962354180883556,3.5228621927033967,37.36930383270171,0.005184731112414187,0.025370565111798277,0.03849464054366594,0.01440845917535908,0.021597717838721657,0.0036648512807321326,15.226467375329214,23.792524874922147,100.95547344466554,748.3582679328897,0.13706559865426818,0.2532933596294491,0.30522282467214573,0.1234455921991057,0.2397154011327132,0.08103941672820086
0.5990428900931978,14.606076229633231,24.224957578466906,92.90899439176768,718.6375407510787,0.09634920231530306,0.08362524008883668,0.05298222747086538,0.04172505776998303,0.17142691223528478,0.06074587663467098,0.6192300520128581,1.9518736683558158,4.261095010039626,63.927430172294436,0.005345377689012078,0.01842479275021622,0.02791328243607822,0.01113959383200691,0.019798022426273133,0.0030654580472466806,17.849012806759735,33.92749651216344,117.80160686638014,1082.1476717354185,0.12543721992145865,0.17101388896364145,0.15619108844834478,0.10600899012231986,0.28346172354424826,0.07673394066956327
1.0515969118794035,20.19459602494704,30.291851499480337,139.39003679696717,1283.2271309990942,0.1058756950027991,0.15778929309338605,0.22598964121065623,0.11007723620596668,0.1544877703510336,0.06151611134044429,0.8406206035614683,1.5086592023243455,6.373215184200898,105.77867729594757,0.010656178177247844,0.031643337209330054,0.06585913890883574,0.023941441317686732,0.013482799463546592,0.005331894023939262,23.364890302703493,35.27248961871456,151.3715549992694,1556.7274749268067,0.1449159342741139,0.27641509009074233,0.4961853593259411,0.18901563730039173,0.1814021760722369,0.0876546091684893
0.4426767971422536,13.5787031925444,15.824789970738298,82.22523950468631,530.9193858226029,0.10528788618769165,0.12939292584517317,0.12813531619841212,0.06917888794297486,0.23453703174952384,0.06825931280109154,0.5320007956387195,1.620038851218129,3.8268684233233343,41.47047113667015,0.00836513375353597,0.037537952531426715,0.05536309719144514,0.01911282734914274,0.04105581254173724,0.0037465087049964128,14.473674380294337,22.13312343094446,99.56533638373041,676.3879648015084,0.14467300917397613,0.24980495720646087,0.3156506408040005,0.1355800583582814,0.4184955143800637,0.07772329590601312
0.03915414294710806,13.98229953258944,17.380570626222035,88.65421365966492,623.0721223345447,0.08104960992382965,0.07586414133015407,0.04261813153219102,0.030327578090274462,0.16875251682238732,0.057234821007385146,0.29080826064579135,0.7516161758413399,2.0656023937630903,27.0609505628398,0.006273466350836827,0.019791284496096524,0.011791158863672869,0.009388641917039826,0.02016852666871661,0.002230535170520125,15.342623850026465,22.93017648770651,97.0935830826364,686.4566933152925,0.11405636393556683,0.19400639470456438,0.15536562428967993,0.08515818514524515,0.2731797886227244,0.0707708641769294
0.7270607440485782,19.870110648465023,13.801116526796644,130.15202345549673,1211.668154322745,0.101626155299363,0.11907588766762017,0.16940499050190222,0.11604340613308178,0.20366539259251162,0.05963944512042789,0.5135704215001736,1.1596389238296179,3.5508913805212776,63.34855502398396,0.0066483204930316555,0.017476471382129113,0.02829845604720043,0.019800671562147543,0.015299702211663763,0.0028859588705059725,22.137549324455634,18.82790971770885,147.79643537138247,1549.637500588181,0.1316248117722444,0.2107255159694016,0.37087921747320884,0.20314851745910378,0.251439671327968,0.07607032827254305
1.1730385845090898,19.65274672554908,26.209796727068003,133.43598555772104,1271.6879093772566,0.1076064331338778,0.18525717560318572,0.195778199616929,0.1002750147392938,0.1862001131956688,0.06621106338973232,0.8552939744421324,0.6335052003458287,6.225976370240711,125.39884907823728,0.0056898305345195535,0.033070854712361486,0.030074455892956563,0.009833596402214338,0.02037064961285241,0.004517110047861428,28.204321928006046,33.23969533249688,188.42801518146433,2239.000571950082,0.1699142145593466,0.5743439353621235,0.6523889640251821,0.23077163363190578,0.374286692146899,0.11569938573536456
0.0708685852178575,12.791344029102415,16.78797072126002,79.89918046576233,474.05727628698105,0.08642920320176739,0.05687720915330723,0.03921285344571954,0.017191304764453928,0.1796392918718915,0.056995405605844,0.22967086998353145,0.9255130868009126,1.3539668131733518,22.18095159179934,0.00566360418008848,0.014957333043152481,0.023708721198852638,0.006455232769010138,0.014703772194065334,0.0023258634627863354,14.049519274891386,23.795236477130835,91.06070213731861,590.4127408769573,0.12782256584536664,0.17217206270967517,0.15369217124789208,0.07200377968250915,0.30494399078864914,0.07510322141627333
0.0705818547750045,10.774380112283984,20.600332771090372,68.11677463436479,312.48495086068084,0.09718512988192105,0.062249959778735146,0.017634501006885087,0.016032277342872554,0.1527611996668455,0.06425310434025042,0.2628134277703251,1.4245486472504902,1.573125877466948,13.60272557069036,0.005675526534128272,0.009144884808571709,0.005460534061724285,0.003438417604049634,0.016351575665376126,0.00276051007963607,11.905678175211968,27.469676883923658,75.50133315401449,429.73884410631723,0.13193064170767513,0.11634788044055178,0.06745700942788352,0.046466226992550416,0.2509560016825829,0.08395178189129864
0.23532089233412987,14.107062725203498,22.93764348649259,94.33601546969203,592.1738065697365,0.09454811015751582,0.09000753898687591,0.08518849297457198,0.03580608544028244,0.15281606631044814,0.05522371260545253,0.3599544298052346,1.5319784444360849,2.1797916175454315,25.786835474604672,0.00703792660334663,0.02644197852229342,0.04174522772815653,0.011560116598796062,0.013990050483414652,0.0028664790195069047,16.06799273713295,31.438123204094456,102.28541620252511,781.0607138263607,0.1414967630348088,0.28695825009088927,0.337043668499999,0.10643619440932307,0.24453231716459903,0.0793473329022561
0.26262786076344014,12.872311669062139,15.76648750702979,84.3405589857312,482.1969902256794,0.10607259763745105,0.11211734119392656,0.07326721935885037,0.04227075770294155,0.19536542855790537,0.06508927988709737,0.43080232651184824,1.2848382390981026,3.111944309613833,34.44306941005136,0.005545472734500843,0.022412146349115997,0.03365542470878036,0.012334291021339304,0.02991742766903752,0.0033496555205263104,15.019561158022457,22.05587664943571,98.165445929852,640.9962159030044,0.12983481868132937,0.27062200735761105,0.2630890374891384,0.1045793660730088,0.33713362233399297,0.08205133358409036
0.5152371644185894,13.775397079116953,23.403978545278797,90.8386987818856,643.8902453914403,0.0975113350563529,0.0722811475784479,0.062237985000293455,0.03832627191425625,0.17518165618290832,0.05922663036031096,0.4167842248494128,1.3865565168715168,2.846385713747061,36.92259664498761,0.004088964168417839,0.010020701356251575,0.025777516004270938,0.009337168404834846,0.013003357873816452,0.0019229339044747173,17.61104549397587,31.21037181013792,117.12959849999785,1082.768955641651,0.13290181131445408,0.16903001012970426,0.24908443462884047,0.1138741489410619,0.26840741987472966,0.07530113123267476
0.07671144326053164,9.300101427901705,14.878344264795071,64.4577424235217,334.90725020573035,0.09963720038239858,0.23322950029268144,0.3031192658346893,0.06589767000080865,0.21593484360176216,0.10201863566686642,-0.04838168684431432,1.5352404579552879,1.965470157386125,-18.996673467688204,0.017520623182075472,0.12866561310739535,0.19880785584832383,0.03856705704804986,0.03091650352695723,0.020646751571977137,8.109650993621477,15.566507060230887,65.0818902140986,29.408646185349767,0.13853886103066612,0.5092321003571986,0.7533822444133054,0.12601922266999774,0.2130539851215017,0.14564018356677602
0.2873257351549702,12.219782254116062,21.516243292771126,80.87364512563923,435.7838267308746,0.08753767865071,0.05317150588841274,0.018844304427869996,0.02552717716936598,0.1460320965088246,0.058947280261387944,0.22240772816519835,1.094430084167819,1.0887493030404942,16.01386853742123,0.006923885047293719,0.008609869594767623,0.017607990329249555,0.009318368889136312,0.012182040253952937,0.0022332549857488893,14.819272657941974,31.48948058031127,96.00971182869552,701.4382471397887,0.14191184026561013,0.13879131816739254,0.160565700885496,0.106599676261945,0.2748923789844276,0.07791808957386052
0.994612058057802,20.99095168171643,21.14141264047695,136.22514611390488,1352.4541254705632,0.09868790444319289,0.0938533373264206,0.20355251392263107,0.11850094791034321,0.14299579728061554,0.056126723625822515,0.7655526291414856,1.3016988834047376,4.546708094581467,99.00810049715211,0.0082887434357971,0.009718798053335358,0.03711756011620195,0.013747529464564824,0.012587834729370624,0.0019391784350917816,26.089463238316657,31.31204294178296,167.16730116798405,2148.5314441888854,0.16214142871436582,0.18543717412846522,0.5169596775871593,0.20188108637240498,0.2292710189321447,0.07353971188309968
0.6702039706633944,16.138235490370715,31.993603266096954,106.42656069643422,831.4103909121758,0.08676878638331921,0.0635321855044639,0.08176362060966859,0.056605146039727196,0.18205957847912563,0.0531679612860445,0.41027528189034573,2.194604700537738,2.9195238675410335,37.63108099452051,0.006867276176258595,0.012465658317057824,0.02814300497726701,0.011902261988090456,0.015087374010124638,0.0019099894853620816,19.091105638159984,43.12771385919241,120.413717460483,1034.4490588812691,0.12251874501278479,0.11436615424062532,0.21299748920149128,0.12122295815227832,0.24561929343761515,0.06203690568270953
0.011658907534178808,13.508269034187428,22.474589096927968,82.04064948720979,519.0589774336381,0.09128072220048954,0.061547291328005675,0.03367169461854046,0.01969268340005746,0.16580695864505354,0.058339978452009736,0.2591606689644162,1.918306282467419,1.572489975020416,19.677315493885935,0.0051489432071672465,0.013533874574705501,0.012827197366257738,0.00540268930999823,0.020003444678357185,0.001782910876160771,13.74825338546572,29.92247055861592,90.04138090751866,599.3008251767296,0.11626720782045705,0.13834128547986957,0.0871590269315485,0.04292889923849834,0.2539960428602167,0.07225779171973101
0.030314312384763453,12.616901966418217,17.591022692466936,79.7960187278199,512.7120639678465,0.09245106023083051,0.0808079147542256,0.060699268206843,0.03761383189566796,0.18325369340143585,0.060051156365492894,0.2369346171703429,0.6297732156393967,1.6157538668842004,18.249558044391296,0.005806549836946328,0.01855938273159924,0.023279181391104638,0.010964215984255789,0.019256660632137473,0.001952890307402728,13.753985746118202,20.73999005420469,91.33049508251227,622.8992178076605,0.13404522918610154,0.2718934705494921,0.3185306455003507,0.1272082764946536,0.3186599689193707,0.08146565982560937
-0.10347088498140716,10.401311847863695,16.12465433912793,66.92473451320487,326.04835159734495,0.0912862175901483,0.12166480840112778,0.07958430686409215,0.034392701578993115,0.21752112830655868,0.07117382776041577,0.29902063753442715,1.0012028254779866,2.2982373381915204,23.611161816551856,0.005146910789544918,0.051943962095753596,0.060619723068215385,0.014542355234481514,0.031851313699420084,0.006606627040526428,11.69636536257599,21.080006780283767,82.00224047829423,349.455523501048,0.11145011822883504,0.37140533646284396,0.3325904407296449,0.10003112921387246,0.3744255383839109,0.10592262802648802
-0.01696668030815135,12.500502157453349,18.3587388665235,81.914882123873,485.2845057063585,0.08655736868717219,0.06257341380374432,0.024337376148725137,0.015727325901919234,0.1456371904798912,0.06070950613302442,0.18537043714357612,0.9713544372104684,1.3098831449814805,9.57381798472299,0.004183600474951012,0.012024510378968808,0.015069856089077072,0.005434598197948445,0.01907917384574255,0.0018210119781273543,13.643456321161992,25.680946454969583,86.94342586259194,511.53384331934853,0.11642988753912463,0.14006891589413528,0.07750928076399502,0.04781629843962418,0.26188376794493673,0.07224999457999547
0.6060458330082545,15.330301782361841,18.44465989521341,97.34827103718104,707.9006415682265,0.10352724027477463,0.11781891366257305,0.11352111380230456,0.07049752060645761,0.18230411485080733,0.06401260412026026,0.2701063191253088,0.6679490252169653,1.561434763532048,20.951956897799562,0.005059103372193171,0.01416651461254469,0.020000255328956024,0.01176829825331685,0.014937491083722693,0.002168884770300962,18.18431296261653,24.855701232774525,119.22081516980522,934.0737173416918,0.1537589669145999,0.3469830332733805,0.405283168135215,0.1863705162641546,0.3400601477883821,0.08790955695719438
1.1779800587997729,21.848259091437363,22.707948817069436,142.64130442325617,1392.1231294889867,0.11926828200648612,0.19624762673856933,0.2860349663523669,0.1494422855581983,0.23112527765351443,0.06798816303220614,0.7787956007890084,0.819543505500771,5.533670325809291,100.12756961943668,0.006469861273276285,0.02710653644873838,0.05675156697497546,0.017716110246224596,0.02605771296725466,0.0042760865233637075,25.390230335798748,27.34863372257459,171.48578496872992,2016.1373328527761,0.1641603708814655,0.3982367297930036,0.7330433535977298,0.25549139656726827,0.37192174429545843,0.09845311977088492
0.04462846302905488,10.988656085543715,18.937376746580362,71.16565826875645,329.6617080981799,0.10022103968897401,0.07615284351204153,0.014293277380827293,0.02186498754909075,0.16610876967668006,0.06502918256539415,0.15178670410599965,1.0343037461984483,0.7973109724451675,4.134816968607851,0.005865296064370508,0.016945207413796324,0.01890931964787216,0.00668339706237125,0.013711420708959116,0.0030462315562057632,12.556029287346085,27.525321802213597,81.48489305715542,477.09477718146877,0.1432510207061883,0.17587115654680746,0.09208003457866226,0.07207681811112707,0.29073935680743757,0.08259489791478707
0.8330199542234837,15.541492899248267,21.71183401439481,103.84812570220657,659.0014667704125,0.11734299701698356,0.2263480376807212,0.24838170540177795,0.09927670196424163,0.2536804743269768,0.07499680276115894,0.43263777563182665,0.9766303872209798,3.0706270068860024,33.142319143582284,0.004824013651340706,0.05877702117149699,0.07219510260441632,0.0169741794934836,0.030109987948229094,0.008042686029970672,18.38545037672933,28.60173366329626,121.03021419129774,918.5366213685139,0.1549706014956026,0.6455779936728328,0.7280610160050094,0.2089275655894778,0.4390505743448252,0.13739426212677297
0.4041045235980684,15.071575120461992,17.96663233746839,95.50623852521986,655.4869357277728,0.08872048301897623,0.09804393484177394,0.05887623122332308,0.03996828005983263,0.17596786358006866,0.061663413876804164,0.21817817427311287,0.6365931309539875,1.4503491233320356,15.332146979649803,0.0028388231531100896,0.015829498140465997,0.013979343094045901,0.008501262753203164,0.015665874156180648,0.002240032796047298,17.44377211069464,25.09950237299933,113.2695093989775,885.14035956241,0.12560645181163319,0.3266024798252215,0.34152632882978123,0.14163505644526167,0.33755839411959665,0.09666718816326622
0.02989621073024984,12.425760762651908,17.291555492716306,80.03441864914915,500.1986911091592,0.09374518184926574,0.06046855427258375,0.02565925783190262,0.02073329784453181,0.1673454047647219,0.06003214836027143,0.2142288713940212,0.9136094435101498,1.5594458125365962,11.557630111492706,0.005668682246554648,0.01672416755918292,0.012297933909478583,0.007020625499897628,0.0140913926020735,0.0025537497635964557,14.398340124854053,24.568292416016924,94.95667946693682,601.6943423385893,0.14373926630143002,0.1848457096098867,0.12474802672051596,0.0669811645643838,0.2847141447846873,0.08126619220566493
0.7963392991148325,17.663616061623255,20.27895921461887,116.52201583975813,889.1642013594359,0.10698588227031149,0.12809586752509863,0.14363951475836312,0.08453512487292672,0.16470322883912142,0.059653006805220815,0.7636883709680284,1.0325983064846351,5.278929450849271,93.71984782704513,0.007011325742577101,0.02474167805927925,0.051010482363011436,0.013357420254902016,0.015511751531295411,0.0032817199107942445,19.305270055836804,21.946202250868176,133.23518600681865,1415.7760707109146,0.1231742371825367,0.23919168140832697,0.3496800515611693,0.12072255009218917,0.20291199461866138,0.06911169023681706
-0.010823322526214152,11.47038177848861,15.53348736132904,68.55444629631103,414.49701315689464,0.07726922024156548,0.036354091272064876,0.014746401575020232,0.004176540813731436,0.15287013539712188,0.058434401282480904,0.2777591971700068,1.843365762007251,1.813240363417977,17.03132470356587,0.005862454082658852,0.009872991995229521,0.003451337989735598,0.0039628142365451665,0.028200403776427,0.0008488495812834238,12.00278272292487,22.70320201144815,79.51888363406044,433.0756374732063,0.09383815273815796,0.06709195102078597,0.03027455437109794,0.012853768431284135,0.23927947279832223,0.06199560250083262
0.01000133827116595,11.316887747615556,18.937762662534162,73.21757253584738,392.30073253814726,0.10242579377293397,0.0738277604424301,0.01774110586072243,0.017247427865091994,0.21835548161192,0.061444213034592465,0.3863486295073854,2.210805274986602,3.0697595536928945,25.32899130293746,0.007106926937036939,0.020501905479417687,0.01327103474249949,0.00992707422420862,0.043398870342111526,0.0027772588201017386,11.981395113853331,24.395904108382155,75.40860869842024,393.133771022981,0.10289641822940926,0.09273824379702333,-0.00582289659026658,0.029642989144834042,0.34184751783992706,0.06076162500041289
0.37588708931009396,18.536949236737883,27.205814858947043,121.19043695792243,1071.801639641587,0.09609314726542388,0.16035516482359158,0.18254217368806558,0.08262942792387301,0.18493479180576408,0.0636052635177362,0.6933587539980675,2.555723370995885,5.937771714315282,71.61843359749157,0.01193597649593145,0.06064063908125659,0.08986034610167998,0.028794682709900564,0.03025930914801811,0.007200113408179517,17.614841214718776,31.697817728653405,124.23775842452078,1003.8658301290421,0.10359028080564406,0.25596913917287206,0.28061631228057804,0.09857261968520944,0.21494720147356494,0.06343267383264187
-0.020533043544148866,11.264118901255582,9.699438605852011,74.49148438630962,426.44468397968114,0.09492129087034937,0.06030386299052024,0.02439817285985975,0.0172362344691458,0.18061561525412642,0.06062452924182494,0.265781895344544,0.6268029424298899,1.8601863519057462,19.28255566363966,0.008318750223124088,0.014693867663238267,0.0185641979042585,0.009820856463809872,0.019807764222069563,0.0024807769970741286,12.297405553316864,12.616043969346588,80.76030640646673,481.9862902223096,0.12924121734532032,0.1468321048593676,0.0637633717412707,0.05651232180107965,0.25732534640534543,0.07358410034985251
0.00793450048718558,12.040355206036946,13.364392653372253,73.89575603022837,438.2918590699668,0.10934341040438748,0.07633352738987173,0.027121281169044338,0.027871685044410854,0.1707757152420867,0.06693620365506987,0.2896944518305873,0.8519388604135636,2.1100928496991163,17.960914990616477,0.010775706452678134,0.010366957805706305,0.011110140712306989,0.013219042912605488,0.02008352155622119,0.003825019847647264,13.246694468028563,17.273666294625578,82.64882850412947,480.7716991028678,0.15072130098727993,0.11299070608016695,0.07394132396138198,0.08789333923246925,0.2606451054459542,0.07997715931815971
1.1271121788252683,16.487414864258916,23.91319170527801,108.96429260030766,888.0339358669037,0.11712768486962097,0.22659780108915062,0.23450421938766491,0.11027302601629346,0.21715083448896746,0.06880930287486052,0.5017756642152982,0.9374515598420319,3.2616047413286147,47.814488364267575,0.0052334887175924435,0.04370766619125027,0.028113737986945192,0.011303803990703592,0.014554045798183392,0.004907705996346514,20.96343402911067,34.5697008849452,151.90108193929038,1398.447668041891,0.18326807893197425,0.7886325708828925,0.7805889768047531,0.244872759684351,0.39327704708367106,0.13609327903968696
0.4616759508900601,14.82073627663129,20.94137148185654,97.91011821038907,661.7966708209566,0.0970378265932818,0.16256347977233387,0.14757988668568583,0.06865676877202788,0.19896252400840791,0.06704422348613946,0.3668937124598295,0.7946024084920003,2.5213824984428688,26.925005386024715,0.005600285055551057,0.03784486554861137,0.04440530831294031,0.013563864986950305,0.015899884806838904,0.0041108653176392,17.889179936643863,27.253470816717144,117.0304206716291,873.9158471722152,0.1397484375174253,0.5159432767752157,0.5518617507752304,0.17097735268080677,0.32221583420112065,0.10747101002563864
0.28131444859609384,12.937407247788947,18.894541674101106,84.63994503623223,493.3707493846475,0.08566522462983278,0.0929523070260686,0.05275453563111908,0.02695600517311783,0.18823528114871957,0.06292810733071712,0.1946728232180955,0.5694588859030975,1.278994484192089,12.464242753784745,0.0027543872179840783,0.0220617087473826,0.018389152924486517,0.0077098316136299085,0.011299340874858727,0.0029470926674172787,15.51236751179557,25.72162001249144,105.64299906107468,657.3857853157665,0.12541868377718043,0.41613168017931335,0.3738798596388233,0.13369502584150747,0.33653041340601453,0.10246874419893805
0.40479952666938135,16.31369737642842,21.287643969955088,101.87333118027371,749.0182513981356,0.08592055085611063,0.08409353523309063,0.06800820645409784,0.040367619599210064,0.1655215766270238,0.05925786822897784,0.20915131733745615,0.7762618783794604,1.6712803623243855,22.863947842885263,0.00406544359224035,0.010704891343408284,0.019245106365284082,0.010435357749232514,0.013736212468439223,0.001987338790232707,17.444043932617237,27.20465871564583,116.2230727743866,879.8515247640104,0.12083420362189351,0.22945476781759186,0.25978009526757995,0.12844824645494785,0.26876572019863865,0.07824907869710251
0.04831672928127795,9.789260386326458,16.902433035117756,59.49563675187645,305.3180025293438,0.09741531702472811,0.056058672305802394,0.0014498905881669688,-0.002396830630503624,0.17070724975849338,0.06636889387932246,0.17661985308519834,1.253435639061667,1.446470940968568,14.714194694661746,0.009138631745670645,0.013261510622854201,0.012780592210121292,0.0015687704457560299,0.0230352567355387,0.0035089536332229927,10.128757672407879,24.03347734711768,66.31875814385218,360.95394433361037,0.14971807486565772,0.13765444416841233,0.07878700903102873,0.024572993872163384,0.3255306537727565,0.08467939181698803
0.7229988304740669,15.03088255721867,23.073819902387118,98.39968454463089,675.9056322873645,0.1019248945068982,0.12932016065908986,0.10419696301633778,0.06540583118943631,0.16913040555709663,0.06021929969350979,0.37741475284594345,0.9546459673093366,2.631112179495699,31.108920149113786,0.005823224253922411,0.024948259146070382,0.02671326065717639,0.010979985149003108,0.01838244424129551,0.002431855307024903,17.877387159434463,29.984235877988937,123.87214063441381,1147.8967184991914,0.14245841859184696,0.3705190649399457,0.3599687503432,0.15186771559256806,0.3099799823212784,0.08285105953946453
1.039377397409958,18.721088741321708,20.365045900736924,119.8512982136444,1081.211675064275,0.09075890923673023,0.1047381371551061,0.10874459718324568,0.07614194663323182,0.19158971990361334,0.05756383426940573,0.44697220934958104,0.8181589735435499,3.2891313131182343,54.12365141752699,0.003999910246963859,0.01313736551229759,0.027160410492573804,0.010080806313070734,0.013585294756416108,0.00258291478924342,23.488654139676218,27.094640520125804,157.7458658090867,1736.347285402307,0.12975206593784813,0.24304846512812214,0.3295635007586235,0.16529704507936785,0.3156685389554068,0.08136344365542064
0.11184367315171789,13.157294649563838,26.13772583578836,82.4723367871675,444.87482364920845,0.06854091749606352,0.07593985632594481,0.10917971853874701,0.028054107593433325,0.1523151445323912,0.061107656212646584,0.36638572182527857,1.9263771718023728,2.7147106991673273,24.22945152035846,0.004966842161314254,0.05536696570974951,0.090657416633079,0.01860638696350829,0.023466748717448613,0.007904673095244208,14.71115253046736,36.02182528912832,93.38368411249816,634.1670218307358,0.09291177379819412,0.31808188706259705,0.46424403603053843,0.08956717307683384,0.2723980673987924,0.09332740464638521
0.23525397990419597,12.098149250469573,17.023680206665595,79.02464595888898,422.4712786381634,0.11661513551397648,0.13678317118560684,0.09274446716531265,0.04962246468119509,0.20199785595166397,0.07285418951749774,0.22568988038865848,0.4880025684967626,1.5317670354399984,6.562617466073014,0.006294272215991777,0.01684530988755536,0.025769855646971474,0.008178527518519023,0.013655863767401633,0.00335828403511345,14.277116895362074,20.621770285693916,91.4906682836673,580.0405728465362,0.1634717847522202,0.3181263465080203,0.3616295695678745,0.1251108191666744,0.3327776833243444,0.10651996256988396
0.009234414440931427,10.941265498167002,22.656006933670415,68.54864019818282,358.2657624670658,0.09749252157748874,0.10416619570314738,0.05929366139327759,0.03364826032264953,0.19109194056576995,0.06443362502713572,0.28500052842687684,1.0490083697013568,2.007210477607119,23.392282266452234,0.008301679956872296,0.025463334805495594,0.029962371986506496,0.011474571881340429,0.018872160499312254,0.003996868534147023,12.372684012962182,27.381281297209302,81.06089139170437,471.1332424088311,0.14017383601038155,0.2927389905836235,0.24824765912741495,0.09968214182469927,0.298541101265946,0.0866828524554502
-0.13320381869288922,12.816830866916012,12.30158113957252,79.74147440632778,510.71536113388134,0.09285586694100255,0.04788602850008011,0.016289279424911582,0.024420665509281105,0.17551067148589583,0.058225926265880294,0.242192086738675,0.46681370222133234,2.0515738796015888,25.288398665497958,0.008528878044259613,0.005450731591580507,0.013515194092721759,0.014037513667069661,0.024868728932688013,0.001556962426052231,13.607845166242754,13.253019367135519,82.47226316575333,481.1802768368341,0.1130320838107449,0.037555338752796846,0.06967793209129441,0.07549528909000294,0.2503626453887978,0.05900331367737129
-0.00923561007098389,11.694219835854751,15.627204071305744,76.27140630718671,412.3126595697455,0.07818417404679316,0.044277408678203296,0.01581625325567601,0.010673197755867822,0.1370830233005014,0.05666919434137997,0.16263217443184563,1.0334593551948879,0.5371146239587783,9.323032168820237,0.005622699159413937,0.010554540038292053,0.012030879537538675,0.0046839326120527505,0.011644550113438656,0.002025789732884538,13.24289626422672,25.188921061395625,85.2993700738522,513.4085941467426,0.13325935043038187,0.1832103450546991,0.11503911207081396,0.08186498351796159,0.2593145188469441,0.08098822742290092
0.8946220255085692,18.740811939768353,25.716157283386046,119.19403788739757,1172.7805594052163,0.08951378938439468,0.07577724404919797,0.054838336209585205,0.049566753504683383,0.17022725313882747,0.05793664785533044,0.6349003782961615,1.1155597596198648,3.8532523005623918,80.88719876643779,0.003916597969098447,0.01249370494344766,0.013926841136512165,0.01012825588283587,0.011224426160544084,0.0029317246995037224,25.18739421724758,36.94962591228417,165.4495958550454,1926.5131984103864,0.13735195052265575,0.24173208222367737,0.26307566501400853,0.1496535340346297,0.2795638812959257,0.08609996455002054
-0.0538143566935918,12.538060905121563,17.460032357864108,77.31969504068836,383.19046570274344,0.07187566459691752,0.06644968226371448,0.029638805533440657,0.011112730149687298,0.1677949558021196,0.058699313033674407,0.24394646188518976,0.5874759404702667,1.7010211084685047,13.868055002848834,0.004417747916289668,0.02527461082170995,0.028451058477908492,0.007432881059746982,0.023936217183050543,0.0021187540120180125,12.89652122731827,20.94080189945077,79.89199572922972,531.2801473026498,0.09412668621443541,0.2175697166720419,0.23155443667784673,0.06376989610125655,0.30537109891113684,0.07735223489921081
0.037401343267204845,12.4658122696799,12.789422381462163,78.31268072635024,472.3041434861699,0.08994564103682882,0.05363303542881162,0.0337058206378942,0.02222349082665139,0.16508849991895747,0.058076591928133865,0.2409412570924559,0.6339248692092915,1.4830591858951458,20.4207140393736,0.006608777251715867,0.010713052482043538,0.01902428647177893,0.007220060922889373,0.01617334362528707,0.002008216748938918,14.06813447562718,18.430980146555363,88.8494991786338,589.489440586115,0.1351503946540345,0.15942478722905729,0.14100967696628214,0.0629170931614817,0.2755655314694458,0.07270307337479517
0.5512213442670034,14.5219552277504,21.71238002536987,96.7389787902239,639.9841169266383,0.0990567740514121,0.10284854143332953,0.09727742259084078,0.06514046349484046,0.20529594500255022,0.059428720071536725,0.27777294768258654,0.951319462787347,1.8753839774607375,20.081168328703754,0.00577050228588175,0.01762785635443766,0.030024892407254464,0.01325381992675057,0.02037874480417159,0.001666574886064269,17.27946605587581,28.98867636329227,116.37464657113267,918.6220830500399,0.13805864977068785,0.24824230777843165,0.3180263861876841,0.14827903144833024,0.339857079060524,0.06992968708353717
0.04705064680634247,14.92310404769811,16.80085837047139,95.41512469871307,636.8330826864312,0.0796788705643807,0.09304763359712817,0.04631166929926522,0.032809064320296955,0.1563934123398918,0.05725369959056645,0.28594663287733435,1.284655959015188,2.4571305039650713,32.726508849137204,0.004278800822038226,0.029759949889280046,0.03509600213198318,0.012639453781766206,0.013755034272770292,0.0034200659001282357,15.627579255597947,21.880700189282678,103.60042585985859,753.2917980790713,0.09300793949385674,0.20186706824293152,0.1420118628828873,0.0700786521282927,0.1874406308601536,0.07122207815580904
1.166497100655691,16.84463485372516,20.238135559619174,109.95837144121215,898.4595195500689,0.0885857935175075,0.09584537145622292,0.09432805166375355,0.0755105369136365,0.2004237784818449,0.053460375324642886,0.5620331950348748,1.2884234401094479,3.775701244794222,57.27810785406051,0.004784506311248719,0.020453966537187136,0.03307789561105821,0.014594608287716715,0.01869944095888102,0.002039530470973998,21.880400235311175,30.384868128731938,145.56850619936074,1466.3292607932112,0.13558467248354594,0.28425972036883435,0.35065284283875797,0.18554851919008308,0.3688804668414517,0.07454177862319064
0.8876137134339059,15.699297579843476,25.687233279049984,108.06582948501048,721.233920396693,0.10632896357814672,0.1306456261607749,0.16470096610867302,0.07904170324535308,0.18610940716149751,0.060835855490369774,0.8831777654424261,1.3011121683590952,5.50535982234193,88.92604350257437,0.012266629149216727,0.04096501728095666,0.06447490733310893,0.024791906149184605,0.01924600454454579,0.006542022290628077,19.740901421465665,31.45797374117742,129.64262516122488,1252.3529952584859,0.16508187365662524,0.3858576113764832,0.45040399590622043,0.20038005343393184,0.29300907791134045,0.0945223758723418
1.1162752518209276,24.902799585659842,21.05765033714559,164.4848739135747,1722.4206790343917,0.1102775387951993,0.2826018599380835,0.29949421384618113,0.17812279377175166,0.21805353710485703,0.07111420055440579,1.5715156951516995,1.854659555463087,11.641278072482287,227.86031269388994,0.008728159271959544,0.06801564860536063,0.06280427806129484,0.025502114324094174,0.05177553969679308,0.006337708741515579,29.880045509842347,26.312849466180015,199.65054451109614,2392.1419350321626,0.13958739741617104,0.47793778688843425,0.41551686336029847,0.24317288309022306,0.4419242217411026,0.09172089118022984
0.13823491120363698,14.880154827912419,21.227747333219394,93.45431238001014,685.145616599633,0.09606487880361102,0.07260261578385012,0.0580523030913834,0.04265753660570143,0.17187630672741752,0.05578190134733887,0.29316025555413805,1.122145858013939,2.060578890983237,26.597305383023,0.005657641599347747,0.019093675218748538,0.011715406336421912,0.009386651735106935,0.0121644399820976,0.0019734808633576502,16.140929252270375,26.46167368609242,107.98608973843525,833.2082890490514,0.1280857692270214,0.21848098424118312,0.13815003553093197,0.10002777949431864,0.23373477326607864,0.06657756351008859
0.2952775687812778,13.265731388353082,16.532661359921086,90.02611096647267,565.7061189683174,0.11223194346471733,0.16203775170454449,0.1644955087729748,0.07488498172805785,0.2021915881323592,0.07250982717544575,0.21141065627613004,1.0853548272963587,1.8301314509708775,14.605560254698077,0.009096808521421477,0.042019871499289055,0.06864677895771354,0.020301980734691503,0.0204675217573144,0.0062495153166776535,14.854120783455702,20.183710459683468,97.16538092885172,616.5299730644878,0.15397023753156486,0.35613278525321423,0.5222442661401737,0.17232240801498339,0.280059598060008,0.09826941157816292
0.5641335669250268,16.479795361815334,18.716390824338013,109.46134086029016,784.2819096206745,0.10795778240270923,0.14547102271382212,0.14076478232466122,0.07420964526232543,0.1910850064344545,0.0677593926454035,0.37841467671615703,0.7266081188021107,2.6210434393598345,31.678099553253787,0.005325937601693414,0.02431617851888364,0.04058264534273176,0.012841495484638988,0.020468451900301547,0.004483372620146196,19.035917462322093,22.429367874677126,121.21482994924611,1032.346468087368,0.140070889310564,0.36114006687934697,0.47560424556154846,0.17472239691292973,0.3286025901292741,0.10477985540225271
-0.009370358657235567,11.054242002943049,21.22812979664478,68.06705964290673,340.5751192917403,0.08176501532400007,0.06780292192684403,0.02159983440327279,0.01083904783405365,0.17993101685688087,0.06328505718664774,0.2698520470681575,1.5836270796111167,1.684056370124782,18.659129695595215,0.0058939768034145645,0.011417614326782108,0.014587031361711154,0.0032625880854647606,0.02116538524829134,0.0028975841706043,11.709133251636686,27.652381546119383,75.88688754744976,415.37173621221535,0.10385119761030434,0.12049599673784236,0.0752201519203505,0.024508975681511364,0.26751725203644955,0.07204523627585964
-0.05731068992310978,11.256473585899503,17.029204507870418,70.62514161870222,381.63192254387167,0.08936021187982288,0.037921507042415065,0.0016852179299604586,0.008314421376100334,0.14784881584364842,0.061917106056264645,0.26889236506754266,1.2094530426392027,1.306759440306814,18.41394157137447,0.01203971299703244,0.0013359420072290781,-0.0022469276740449545,0.006419853714521447,0.023610511350053348,0.003225608053387788,11.713915331027255,20.258855142513536,71.47729263430327,369.3142202039637,0.14212005558183824,0.03642937898590612,0.03473680087933134,0.04109881088765589,0.26172736207421565,0.0760325884918189
0.8947250787332732,19.57907539330208,18.054526038596766,128.03543918499662,1086.130036751563,0.0952422773223614,0.12479298198353429,0.15080511203733934,0.09241151688993346,0.17503078609576028,0.05941721065052355,0.5078557430645034,0.5507187683521585,3.4664742867251928,59.29956813439166,0.0036773229482314138,0.015498907421538692,0.02457313308873596,0.009387136441311348,0.012839030053446606,0.002027337503378106,24.15542674300529,23.499511850766655,159.73417684996426,1745.2692124758978,0.14097411836420695,0.32411036693376516,0.43954091033043796,0.1967714084274108,0.31243743295530413,0.08683632290710332
1.0088933875490154,23.00446765474775,29.221405038772183,152.07144495500796,1581.0761595657054,0.08778594948924032,0.23232638295376193,0.29734289166606565,0.0974874333644,0.18108096933004164,0.06244158762758938,1.0766511096507374,1.57760805103251,9.321014942260867,146.8366412415167,0.007230412982095406,0.09001514123849558,0.1217303827593582,0.03207474395123361,0.03255042952743514,0.010504005388317934,26.665173598765726,31.11399814109996,183.28617634860788,1990.108109232442,0.0934878078547601,0.6516305962628491,0.7314639431765753,0.22309555455426566,0.2939747867217311,0.09858671184795668
0.1839088364869338,10.835623700477642,18.561954369277498,69.64402300241933,356.45613035533603,0.10002191348132185,0.08152259291495667,0.03237306031213162,0.030753268946397582,0.22899125589721223,0.06440974801103566,0.3111922107527152,1.4053756268477677,2.580408893383179,21.693126171947615,0.006306802508764476,0.022796190740297075,0.02424785489504567,0.012820341788767434,0.0242919865352087,0.003992005474083423,11.654888930319927,25.823423765283025,79.25018254739177,441.571353859908,0.12772271958300094,0.1768860101863376,0.107535635916475,0.09235007585747773,0.3309354586755626,0.08428043383544159
-0.012534121522099373,9.832763037089396,18.96472000438862,61.52690776929157,303.7010910709413,0.09134830321118594,0.08129735662798339,0.026188625046218494,0.01618239705693282,0.15087828310692547,0.07515141785052812,0.25038758249488585,1.333971930916763,1.6344897675446723,18.525912708543746,0.01191080208138736,0.017285216689681242,0.018007702874894484,0.005732984911836741,0.024829007827187586,0.004967152086490153,10.23495138433325,22.720489879705795,65.74686057450364,365.3079299946022,0.13487830528778127,0.11797982249648986,0.05884080935728356,0.03410446896476231,0.2398161895973717,0.09379656179308127
-0.06019646887931812,11.197907714050213,16.027055964242805,67.96624185373922,389.1880931243429,0.09092950044380368,0.0531855608640775,0.015265002147099915,0.008484389734578282,0.17789815485677912,0.060029965012531265,0.28941691632762495,0.9869146775627519,1.645112312273897,22.30236324608404,0.007009646754212193,0.014285157336156849,0.007333428538618639,0.007243669451382425,0.020445559714222534,0.0030137993636928915,12.807311346406232,22.590669613866858,80.86583371808615,473.1799839482975,0.13038149567852447,0.12422228174142591,0.01582053222330565,0.0473463456352821,0.2895048141337082,0.07628696476101074
0.389012755908157,13.77830865831525,18.964702933553685,88.02184471401314,510.13279523521584,0.10923748491360509,0.1873367464607108,0.19991697285796883,0.07963821521127254,0.23177568532900814,0.07265093750079088,0.4802899823943134,1.2325830553838932,2.909653024359332,31.72147589594628,0.007715148136859683,0.06695439594508881,0.08197115205780622,0.021729111746176102,0.04177510792773949,0.008294476882052093,15.689646161975212,25.680636607399947,107.36304920894614,571.1397150690559,0.1603097318355782,0.5641099922683088,0.6088176527508959,0.1855579936273105,0.4767900412301105,0.1120097900418647
0.44477518595553417,17.046116582240057,24.150209059595277,108.3587891970098,879.9369616160657,0.07592300415442269,0.06527754742075897,0.02992675843047899,0.02378670344940136,0.15790642397361568,0.053806663832274976,0.31314936704323654,0.8249287511362193,2.165593719219814,29.72514250289096,0.004877131298509096,0.018182556940549037,0.01671344858322097,0.009522424578152333,0.018154993507334793,0.001972646108969218,19.001973170261905,30.13112115556296,124.39926996718872,1074.6794393171142,0.10978370990086044,0.1914228515159157,0.17967516771827866,0.10382445203855366,0.27936773609152343,0.06711770495058819
-0.01216592995876603,11.011184358258372,13.8429519644287,72.2099854194449,414.83005833452614,0.12004681402149808,0.10553271603697663,0.04682835125667234,0.028241646650366114,0.20816271394802752,0.06939579411875642,0.28891748733298217,0.6040279727781153,2.270354376299404,16.084625552062146,0.00872199259871668,0.01566814206146086,0.023439859773116994,0.007869481016828186,0.01951405055247269,0.003576406819709667,11.70686110664586,14.746446513500393,74.28491312701044,431.2803390655768,0.15352836378775006,0.169502258377873,0.16772642708001018,0.06518409729669568,0.27622897974858895,0.08447215298009032
0.49668240244417583,15.601766583254571,17.436261188249837,99.29087346314857,714.9273190818286,0.08444435426118312,0.10438372378469547,0.06826596795273533,0.05254848442244737,0.15831264904912842,0.05752318619275272,0.39687988981063216,0.6681657070854398,2.781326218072981,40.37724786321352,0.004918940230327934,0.023417635868310558,0.021698615453524597,0.013730553876196198,0.01763560121749656,0.0025176273793711427,17.707651677153628,22.31005375381165,120.80519559382617,992.5596015412314,0.11987110229038847,0.3153327846033559,0.29846664448812155,0.14792434166711257,0.2830042411634297,0.08360107358507823
0.6795314132906414,19.560031437114873,19.24767027624008,127.24938100978761,1109.9103174430372,0.12371348675177658,0.19661479771463447,0.2371985971725648,0.14358856526263225,0.24364836824459465,0.06582814595185342,0.640509722616598,1.5001230823352927,4.777751637772809,64.72671767499563,0.008985523745479188,0.038843253595614025,0.04486427160886632,0.02209030296382985,0.03315952940875308,0.004751303521276798,20.57913158148043,23.958662057099012,136.6402160766483,1222.2534057770274,0.14633398849986262,0.27415150573538083,0.3424083070417864,0.2010961981748416,0.36584358587181054,0.07447617868754891
0.33609963205804877,14.350086163117826,20.362034017245918,94.44271080985737,658.3954257302998,0.10052771236956695,0.08126746972156869,0.05710671092825887,0.04287156713337606,0.18856275736457573,0.060599817318534796,0.28453237103820167,0.864726152247868,2.0045542403229977,29.913240516582604,0.005153751248788991,0.013927998008867739,0.02188768755836512,0.009925574558956684,0.016143018313784896,0.002845974825568677,16.396383288533723,26.536755996273797,108.40536815453304,836.8477018961348,0.12951588650226675,0.1735999388379474,0.19821257354255087,0.09757554473263273,0.29552644602784384,0.07644066912685592
0.26617486182843764,16.553094433464747,18.169834861272978,105.45807229564312,865.0648177157242,0.08083442400922657,0.061691648845550076,0.02192888655877938,0.02885330234427532,0.13640390357556836,0.054659999225145445,0.3295941152765361,0.6907317311554448,2.208513527749843,39.9796870241851,0.004222228830577789,0.005901402083631237,0.008304651397365168,0.007227693639848423,0.013448424667863921,0.0023615382705654544,18.388219279570105,21.38912218470737,115.19510630656421,1011.3550797776512,0.09963688680350352,0.08032203965070414,0.08047574399866955,0.07036798104209399,0.21936452592645644,0.07100322218985691
-0.0821498078520283,12.16740337473167,14.87292353944266,72.02534383804183,408.48194184158194,0.11007047783510333,0.085294157590165,0.04768118521779064,0.027557444409484433,0.16654979723636168,0.06631590936858742,0.3437873943613804,0.8838428788196739,2.2707385119962096,24.207716845777604,0.007692305770530883,0.013968279515124329,0.02946513385386505,0.012170023976202931,0.02013407753961255,0.002335354813144266,12.985561383848761,17.56386462278268,84.00551568470257,465.2307502600552,0.14288874153539538,0.1600852210083742,0.1941185468705638,0.08086075691911773,0.2427267900083926,0.07474802596442873
0.14334713054309425,13.125347757070495,20.77951592684917,83.16629884306919,480.5534617915247,0.10126762313063847,0.09261250372895558,0.03340284021578086,0.0366115735195088,0.18713875572066557,0.06218911488211888,0.299375158611594,0.7379659423755678,2.0168713227060113,24.86160567690141,0.005370156679650408,0.019259194329342234,0.013606218163039783,0.01114139948445092,0.02483684525088225,0.00224438541031286,14.343974863960772,25.128879120501054,97.46551980025174,714.8642308821705,0.12051703177471447,0.23755671339098347,0.15675849156630373,0.0882064578286444,0.29277946998879706,0.073910961862247
0.024880289866314353,12.558504625154656,20.32913781503414,78.5731286460397,490.87327575708247,0.07677772446318885,0.08459567767642204,0.04180964483965926,0.023516933618318643,0.15430252621938922,0.058388894581950915,0.2079502489801578,0.7400971412211008,1.6142012525326577,16.80509259553566,0.004686690279263385,0.02452270750869071,0.02910480203159914,0.006533480019945572,0.01351257790892824,0.0018492135299768074,13.323783223702186,26.21635501524827,92.27011063998876,619.5767078268497,0.11390906848886437,0.27315655923976123,0.24848079381759816,0.07390987469398569,0.2611911675925395,0.07732074203523172
0.04983888602970071,12.316712087172588,17.444880745113288,79.12088634463494,518.0854277103649,0.08092477425391885,0.06124745506045787,0.020160926964229275,0.018411273745579194,0.13655123079619352,0.059017747757766845,0.20605522079175786,0.7195560161252668,1.2084399371826546,16.339229680065348,0.004217279055688618,0.00790750324233793,0.011507170572646577,0.004754027951834926,0.013103562669456533,0.0015313893857190693,13.703706139614443,22.64534954529568,88.51876178689105,608.316227727134,0.119040308217042,0.12971440641296555,0.10762353543043804,0.05086183198274005,0.23129155296221698,0.07229942628004668
0.00938838808254805,14.010673456667316,22.06048439947046,87.3195016784802,624.2002879002167,0.07373412981043895,0.048581778715188595,0.013002862926112108,0.01356179408859895,0.12203166076645353,0.05546974161866409,0.1825100018983803,0.7707819866832608,0.7602828475376651,17.61337937535879,0.00499759198487035,0.008624833608136036,0.007251079461247811,0.0035851100194294033,0.016187373911516853,0.001185674938006287,15.447211022818763,28.171728560511077,90.22423869175982,714.6637254637476,0.11005329435438171,0.1150683849969838,0.08080776248202687,0.04953317563242722,0.2277562421842953,0.06522237730660763
-0.037401701770221896,9.546333573503487,11.070353243807935,62.96768932556172,242.35957438035075,0.1325982925313443,0.148161734375338,0.13228568391035395,0.038508183522128175,0.16494937731806134,0.08358737328053806,0.20848421857055127,1.4119328376180824,1.4383246826221772,1.8492659004136556,0.013420907601498704,0.055267962662791326,0.08957304062346612,0.019897095483183184,0.020941658584686804,0.010763362525713034,10.072486882872894,16.12112628306693,64.03470011026835,222.3160668464858,0.17856171215143601,0.2759774208867152,0.3585836188305315,0.09417433531779718,0.20019615470735155,0.11499192309082049
-0.01065953429176858,11.353725760367464,9.660111494048246,71.49706109787257,392.72359658229993,0.09809748568049026,0.04593520173377227,0.01575289514525771,0.013343965210218363,0.1823711441345849,0.06076829988602454,0.2746920891263006,0.8761507383295697,1.925305040290148,20.344692425986935,0.008306914899776119,0.009470154872693051,0.005400573161050422,0.00816128652257675,0.02279110379881369,0.002898105950926782,12.574350172566545,13.625416602390562,81.5024850165243,485.2660888870347,0.13409546460037047,0.12764810435572296,0.01797635818022969,0.054519303409876,0.27083577667952496,0.07620105652516612
0.06224354990621955,11.933840249249632,18.3488358641901,75.41445951902801,451.3076246606474,0.09466035069796971,0.09638862968398926,0.032029087762318546,0.024340109486680184,0.1528785427017729,0.06521454338729354,0.2470278566249851,0.5481026524718902,1.4782849189100078,16.92333626202403,0.0036499396726096304,0.01961002297031581,0.013697280057613084,0.006326352650620997,0.017704916498272806,0.0032759342047530143,12.905280875003402,20.049172520564444,79.938528050659,489.54641878798265,0.12187610456040185,0.24334798810037328,0.13725293971485722,0.06764222370011838,0.2680165705358005,0.09008828978404264
0.9541022106904836,19.66786797235609,20.146643492719434,129.82677293944414,1293.0003517261132,0.09022122804746939,0.09806264990624936,0.09610254075690539,0.07731879076197014,0.1589513454909579,0.055568426443639275,0.9167180849119834,0.885786102358463,6.087236250112207,130.14672406848464,0.005880136711491034,0.014981047511512741,0.021223958874085205,0.009342672800467095,0.016509322516684192,0.0024673644503360307,26.936993184366774,26.956486054487574,174.01971971467395,2175.623157354433,0.13966750493821722,0.2441817183589308,0.33758109553263105,0.15992811497693488,0.29996227141302023,0.081564511584149
0.7099172194903954,18.267234167318744,16.46826224251961,116.69268359706933,951.3877517791882,0.09442739325784592,0.12613037204276206,0.1073922660139068,0.07122300973086526,0.16867656765120626,0.059409205803856384,0.3678585400925104,0.629252612924712,2.3382331976711317,34.61710398042136,0.003136577013850572,0.016243533324252542,0.014009645996159049,0.007335364394252046,0.011472969877425179,0.001902637340198788,22.39624667387926,22.214370034072815,145.55900540055381,1483.2775483688133,0.14306253468306032,0.3773358431623924,0.3692776615317117,0.18021285320725142,0.3257421998243142,0.09124102866897049
1.3968529841623847,20.486157778192986,23.061552685318844,135.9373899387208,1298.0214003739302,0.10325129205079858,0.17307035491372097,0.2028329847246133,0.11760503625754602,0.1878781082960997,0.06446628664211443,0.7822348547807227,0.7290269429112202,5.204756270912754,100.68506625747477,0.006027476950378976,0.03180395480455857,0.030446466426841658,0.01650357662768045,0.021704305835037085,0.0050025751031034325,30.108144562156276,32.986844133838105,194.72147957124548,2305.2099498588605,0.18390269694559225,0.5853410627437582,0.6908522694628854,0.3099669085449055,0.4065046180752777,0.1230661645090797
0.2558243561479576,16.79389093435218,25.50174913106469,107.09089706665713,857.4079795417304,0.08244099345700212,0.056870358396993274,0.04907864035378782,0.030420931296321896,0.14217212860154926,0.05170951158633664,0.2502534501363246,1.651324987219287,1.6534668682176994,26.54025708935602,0.005701414464226922,0.01593346888270107,0.02530108546725917,0.006807983051161357,0.017472479573760295,0.001309265651263599,18.092160072613456,34.71862484674026,112.77129852998102,973.7039872990264,0.11710509780527215,0.10750750351011915,0.19207553413798828,0.07735712756290826,0.23284819776886978,0.05622195697660583
0.5901857107947055,16.664107450252143,17.83216543462435,107.94808399538799,832.8823805639407,0.09974102597416812,0.12221567411743693,0.1080698669073954,0.07614532215648101,0.20561022857218214,0.058899349650160304,0.2988773727599639,0.794728625186581,2.441611953314676,29.122233473563007,0.003932844038534622,0.017754682801893035,0.023165768198483268,0.01242035008311558,0.012077689876281465,0.0018820006617499363,17.92375813904477,21.701553621713053,122.60129268216924,1064.7200489956667,0.12446248731337371,0.2597780486191134,0.2997532271712512,0.1511544514311854,0.29106365365971976,0.07283121070286029
0.9421863135368469,21.55061359737651,15.993615029770197,143.50642925016382,1325.3293433642414,0.1259738804832609,0.3377305772161916,0.33175576826125563,0.16571785227701397,0.24919765730222107,0.0792092072265756,1.1113854924994864,1.5375474515710508,8.535099755076395,155.79321325350662,0.007072657092068476,0.08366228150111996,0.07547661017198742,0.021414130686154206,0.04062256182055114,0.008681152810751245,24.333945242937737,20.925574819882257,163.55123684541041,1715.6660530981849,0.14264019359022306,0.6722610629665515,0.5425427337970417,0.2143763789830841,0.4079425089542367,0.11435177575265998
0.008310110728039666,11.722137674035002,12.488421236124452,73.03904790938678,403.4910548030919,0.09227377143764882,0.0694259181530866,0.01900426527401025,0.021188492003896452,0.14574694024554538,0.0649617904524544,0.26693145549245545,0.7998334221988854,1.501270419581822,19.26597311486504,0.007243182481659633,0.013279381299963602,0.00998237082583046,0.007392727293018843,0.019034365869854283,0.0038808782470460506,12.604409499824342,17.590927739093452,82.38419744233562,445.31485059175196,0.12374851195691014,0.14076798378911834,0.03073184925406519,0.06335957487890904,0.2645276257583792,0.08490452326212417
0.09253354836009337,11.163630726211798,20.621142182811344,69.65859938782417,327.003039573475,0.11005222099579777,0.109957955571046,0.06915608585608848,0.03966800041875118,0.17740193849981806,0.06843617809436732,0.40932128170530624,1.1125789025117383,2.6478917784803615,29.198250040087004,0.007285922505762588,0.02244629045641822,0.026771096780310207,0.011410750637897548,0.01470041818092941,0.0034661299957640243,12.613134092559756,25.218241143549843,86.72564693899682,569.7351531792465,0.1400909195150972,0.23425974905360258,0.1920974710960675,0.0795897958276319,0.22167204892826198,0.08452485440256761
0.15368642882455708,14.313168045005233,21.148484953125358,90.22325311692364,617.259266994014,0.0629789400566651,0.048643692586041024,0.02087863980876259,0.024355153865001776,0.15487602567797334,0.05368922174429738,0.15227442354464682,1.2037618165769612,1.4115111124961146,11.949537743349747,0.002063444855647298,0.006835097691231973,0.004939673263254354,0.0074954688889678454,0.01574533717187087,5.060381374318414e-05,15.421871479384642,28.927249133570555,102.06705519203912,766.9002204052377,0.079980417069383,0.12532775371970578,0.14155295006236077,0.06920811151209372,0.24757536072770978,0.061104987209772726
-0.1001677260319227,7.0459749776168215,20.173712530261646,43.83010335815579,162.09158338925835,0.08192747688548413,0.10251092478709438,0.09180572284960767,0.004662933134367067,0.14231085407182584,0.08787417028250515,0.2685732666944807,2.9470495086459483,2.6812881094947243,15.185565900246758,0.01537908149300466,0.06007800688525134,0.09599683980464509,0.015379814345131824,0.03012225082656212,0.014081630604826673,8.201826231154998,25.95111966943904,51.23560855254632,184.50337946169498,0.12533838591115798,0.1860676551384881,0.25479603071611706,0.040146076141935425,0.19281703522549465,0.12112597190647359
0.01686049740127854,12.758722374276596,14.501944502272565,82.75763188980069,446.749161435648,0.08816689948725182,0.05798801494607125,0.003028277418242034,0.013208017016680847,0.1697982968669195,0.057571560121209425,0.3228908009307434,1.2781651157086906,2.333247595942569,27.075716241053023,0.003814079727534993,0.01604530873158007,0.015225096288787338,0.006818074162001722,0.005904745354480661,0.0027589451308667025,14.849307008548097,21.070934889157954,96.058466571115,674.5338667437779,0.11675953671386635,0.14669964233669006,0.08158456211254134,0.05468808624598451,0.21754972481861415,0.07669253515022734
0.9376187175000482,16.181567263919515,27.915118663807267,107.04981534975661,785.9343211213937,0.10651669727925347,0.2364167600416457,0.31169013636097437,0.11615957901171858,0.2224143971289812,0.07277611748949404,0.2712305056858561,1.2895519256670143,2.6765028012183505,7.8842927461545145,0.007282595985140594,0.0656649717568615,0.1004798764476907,0.024149715037802562,0.02360038144773026,0.00855879203066539,18.171495850563943,36.22726349083548,123.65137132217193,898.9413038834318,0.15113652657441573,0.6932820250329015,0.90265002887891,0.2364329724378696,0.3547484074971061,0.1261156648453506
1.0359297041478426,20.439478219224156,20.624410320633505,135.7144186808393,1221.442878833705,0.09519146298603845,0.12254124731401696,0.11863570469193249,0.08244446013097095,0.17789771817788214,0.05480824666704254,0.5962006762480079,0.6998391841477449,3.842325028849834,75.59207947917734,0.003984145356015415,0.02435698250503838,0.022793109451423408,0.010305953469628894,0.009640623610250457,0.0033984766902082383,25.329862206891,26.642344782519753,172.9497024342935,1969.4480503560426,0.13777738890387173,0.3447544905896453,0.31295821574342986,0.1777078606116057,0.3028226006556973,0.0857844351514424
0.2517733396581313,16.048841321124616,19.54074304971402,99.5537441507578,774.7259534491594,0.08877606125596893,0.07848667800511501,0.03234659901230739,0.027181034536971835,0.17463628049313623,0.05244855755396071,0.4779554307462645,1.2284201060124,3.2292273411647723,49.63871076261075,0.004439570245477751,0.025932483477357104,0.021925707554160644,0.006505068289134544,0.011922780140648485,0.002394144049947486,18.723208322748164,26.97224382247445,125.75904735183343,1152.554942019177,0.12260627105134764,0.2373322446471019,0.12481720619131259,0.07256022158833703,0.2690216425596954,0.0684286391372617
1.6166998635310232,29.8268366409063,21.52484136723556,201.19393448552765,2333.689688465244,0.10061736065776548,0.20376263007115475,0.3148288146604056,0.19481676452162447,0.1584095967077983,0.056537451014094235,1.1652967725980463,0.923539082717149,7.394611437997625,187.67450429621994,0.005378031808761486,0.0380455251418446,0.039868606616511267,0.015743816708823383,0.011009810929223752,0.004340401438882688,36.851779752062654,29.78354288955489,250.89476510853055,3644.8203716295175,0.13470061323767574,0.4541641346394921,0.6560900720328695,0.28543171784629595,0.2114540405803675,0.09154951113177862
0.1694955873215194,14.652672029967603,18.79704527667561,92.30778736849174,617.879736303973,0.0994078840750473,0.10785728779017227,0.0624881304752053,0.03719544087468642,0.16973272664680555,0.062366855903501106,0.16515941486655494,0.7558436450209425,1.143471714073661,19.386670998572054,0.003609725537808296,0.023816722533231825,0.017666861891371514,0.007350551855323651,0.014794943296372107,0.0031385651808304047,15.55614771152835,24.126334775071587,102.50956141502917,709.296990457421,0.1301569268755991,0.3820382532760675,0.3015176607604402,0.11844078771814111,0.31381080824445917,0.09579557515150348
0.04855686927464292,10.799131495421257,20.799920369774355,68.2158863941914,360.108649686515,0.09817661187113715,0.06088179433555008,0.028496260756764237,0.02209293826628236,0.17352110558049033,0.06162181850560357,0.4072894348357224,2.428167475805896,2.2574531494998347,26.824428622804746,0.00823151935220292,0.025147087843814836,0.019710595290851327,0.010552455720672932,0.036073182563923126,0.00287864037593774,12.2599475867967,30.770150094674438,81.48946215915454,452.1791370171801,0.13244035650266223,0.159789177183636,0.113776235964969,0.05230769166354893,0.33874383285400445,0.07255419890384174
0.7793670392015151,14.732314891525593,25.171755953794026,97.95444698140645,700.6924143677146,0.11419385813050192,0.1456696335942206,0.1449195083110496,0.08946103517581089,0.19773901730063945,0.06577351987938262,0.4588281045267098,1.0776959199187164,3.0020182027244404,30.901358549043035,0.006858495870527619,0.02330582700843783,0.033185435406040235,0.015700992372102797,0.017864047852123317,0.002625998218709012,19.291884615411924,33.97276066492187,131.8591916712087,1107.5146877261025,0.16628297773705797,0.3869866867978632,0.4334848942052114,0.20261304840338745,0.3423074314390229,0.0878452010443681
0.6027134900783286,16.776352233624333,25.89461208352097,109.79669348617912,939.6607075431446,0.08851154392012058,0.07743105582565202,0.06329982378642206,0.04686389658800244,0.18876801704422946,0.05588147114485194,0.2515607001247264,1.0704700470743331,1.6364987130847117,25.213634441896634,0.0041426703574494045,0.01468215066744246,0.013988116430056818,0.011890290391491266,0.018463717017285847,0.002268786562790057,19.896801299342343,36.14885930488272,132.32321728497837,1125.5530076582259,0.12533535510321214,0.24610530632807143,0.2543479504931554,0.16848164328059415,0.3355742419370683,0.07588137163013657
0.09347540287427925,8.762282782790752,18.205780669045467,57.862736844855185,161.90923884512262,0.10537237513830741,0.2401329033193282,0.23548444644129365,0.062258949374168274,0.2188226687092996,0.09036495997521257,0.3792322009018119,1.540236946953724,4.099298142855746,23.8969699754666,0.006625065390240122,0.10092582620150736,0.13958867369069172,0.026073473852085798,0.03601749336398324,0.013174830998325542,10.541910051530678,20.89103060941161,80.55865072956044,136.52397571646418,0.12191961565383232,0.6421062104341313,0.738443422444038,0.133182115349114,0.32432515654814115,0.13762328144778316
0.3159353742839533,16.354573083352562,19.558560933476095,106.86550230422836,764.2865779189943,0.08742164686285067,0.09617814967547882,0.058617515286929704,0.03897350070303798,0.16266521711774418,0.056959605766066346,0.335008946056756,0.47480433169676906,2.3761592421426876,30.75882216958023,0.0029800861315187107,0.019049963912306067,0.016851522244674916,0.0083413966754603,0.013390907132008405,0.0021857701525768774,18.82055883935825,21.954135580703102,128.14945973912836,1075.9445342682543,0.11441238274896348,0.30336947860255203,0.3068609295703044,0.1307971568609408,0.2839517361516923,0.08261793792123757
0.3767196789004747,13.31587286421455,18.481624646417927,89.77555521777582,556.0148759486998,0.11793048769142009,0.14056137293265686,0.11092785041935539,0.07037512891168757,0.1482585096326638,0.07167892272031004,0.3987674135919308,1.5197785178247099,3.0477508751076043,30.857031233227335,0.010862597623157028,0.03691785621304222,0.04478880370913631,0.01830089085041915,0.019254497563630412,0.005699255295469646,13.501576962549233,25.303915525294784,94.6445057071682,557.7615798022728,0.1598068178576645,0.24343833027883874,0.23532718266301253,0.12032009667678653,0.1888270415375683,0.09328988416021612
0.5775639856511944,16.81101705513978,16.906780919233455,111.28263767582152,902.9458441111653,0.09056836984195865,0.08519526345240862,0.09139722820748934,0.06318228035264387,0.17279561055669534,0.05583008207756547,0.3734218245198652,0.9200349069638989,2.220603963111615,46.725581600355014,0.0037897652408823436,0.011532559379137207,0.02064615176808679,0.00790885880378592,0.012154802457422882,0.0021289028432332855,20.90117819116066,24.234154391345236,133.8676654279076,1433.087083400776,0.13580612090488958,0.24249803283502877,0.30118859374911483,0.13944801528530198,0.3143005596932166,0.08099543950642228
-0.0334067583585434,10.894953079879233,17.366310916644764,69.31677769903723,378.9946077511261,0.08867763040882018,0.048729108535542756,0.00843209460017956,-0.004723760710688786,0.18352500941544736,0.0635008694773215,0.18372117126114607,1.5575386748238285,1.7445856777876048,12.746843991962553,0.006593104113065693,0.009077039894328193,0.010578916067891853,0.005262282705628201,0.0248933978454309,0.0020710280554678724,11.216780932493554,25.71882447671846,72.60539026965427,397.470540257497,0.11024686997949308,0.07220424908595946,0.046126095365996905,0.008557242627373715,0.3041268083485147,0.0700453024217742
1.098136902813732,16.235223775807608,27.932682059462216,109.55365649459904,765.7158171415851,0.10704808516840611,0.19905609621745746,0.23918934980899165,0.09428122087349325,0.21423171680688613,0.06616383680947437,0.31546759968673327,0.8817107252834413,3.3195923057846297,20.910581275665745,0.009353001696246092,0.0427345578200434,0.06164966808327554,0.017291214838115077,0.027342585319767333,0.0046486729714427695,19.695444791793815,33.969254388966874,133.39504142825373,1035.15278031347,0.17448114318055613,0.63297960871129,0.7884409794616091,0.21754204424667173,0.40155225274814615,0.1091271441641902
0.5517162884100778,17.01179415514245,17.85025809009798,111.03044145763322,870.9821001096295,0.1071295709734393,0.15193404292957385,0.15328068983628002,0.09072343356164597,0.18251438264006595,0.06389956477065861,0.7490374160173056,1.6355889520967737,5.325553691681257,81.90753597018693,0.005992908665853413,0.04014348191704555,0.04728094743732056,0.01635648497633185,0.02384961840658207,0.003635045638745164,20.83534149009705,28.083103051091733,144.5234387010958,1330.068638581245,0.13891470081018084,0.38075883336351746,0.37722488234195894,0.18003184284891793,0.34190369889783134,0.08713982142736311
0.27664497564240814,15.638207055821033,18.899896993220793,99.85814074166329,746.3717312994096,0.0836309965042564,0.07111601451692212,0.04383743550451141,0.041754231090398164,0.18118116427305647,0.05697785240406919,0.17789211277555123,0.9027997440798253,1.2781886281165633,17.253252558718494,0.004156260076620215,0.015846958081932927,0.011564417583004496,0.007257621342732649,0.01103275453879836,0.0018176541350658983,17.506113833271456,27.037521125103655,115.86499206738115,940.4042988851855,0.12522384782302026,0.26501566090422163,0.19495548827378978,0.11433643352218067,0.33180997202335855,0.0736826908500642
0.7100708467346182,14.329026466460522,26.444863274960085,104.52089793081115,671.8246312048826,0.09187492026966089,0.14758356524608338,0.14307507682609838,0.06514604481726967,0.14946578342037792,0.05923997807287054,0.7377519984738756,2.004948808958489,5.674012287364304,66.7054166088997,0.011414897966570688,0.05683426889493716,0.08425670915974512,0.02406360977336604,0.02496590664602509,0.007040783723537585,16.473343217267136,30.234301551299833,110.92088046149551,883.3603294523532,0.11710930356739507,0.31957325645280843,0.3408949476574761,0.10563402373064813,0.19741783211054692,0.07492097627018782
0.8508324587487579,20.55231179299712,20.44450916683607,132.32046630354384,1263.4349712491298,0.09083557346210473,0.09611161909537025,0.09836952764516868,0.059094784264842576,0.16534391587758326,0.053723526271322056,0.9609563031686061,1.0694005301276608,7.3820528392326805,135.73995720781136,0.006913076726519401,0.018935817746027955,0.031566854909901375,0.013378048571233364,0.016205893057152598,0.0028131853406070826,24.668601994404938,24.979129411875434,165.72784866675815,1857.9598873422096,0.12468548018014255,0.19633539836282204,0.2669457029250721,0.12777315096835024,0.2315364784758417,0.06843185978914691
-0.0018768015665288629,13.735773111785315,17.198444381797657,87.48708480804314,565.2238124932477,0.07741413203778201,0.08846578141969973,0.05195719053851331,0.025329069200115444,0.1485764151653735,0.060938292308069526,0.2854341798122858,0.7887694458387378,2.247739217619585,22.382370439019667,0.004042113581800575,0.02976462292637863,0.03940168982530741,0.011128715776464602,0.020473615735656307,0.004532184886931761,15.305235555218864,20.43908410428299,96.55837277454697,662.6755149952047,0.09586794451190553,0.22447752157280396,0.28826930545760754,0.08245899646796727,0.2536675578398956,0.082820113287469
0.010978929449829034,13.549465695878945,12.53182028551366,86.86268875037544,544.7638867430577,0.07683660863380214,0.0519646159890352,0.01553031149533761,0.024838177758793073,0.13500262241706165,0.054868649158853304,0.21768050949517842,0.5573595968596238,1.3040000666059912,13.047965774180465,0.005033500354887204,0.012865911271613508,0.011576320876139374,0.006139658665511534,0.010843922261801583,0.0019505153127238183,14.578477287089687,16.625532126501984,97.59192890616139,754.7347671783477,0.10461606408804336,0.12319889309687079,0.0934511228989216,0.057694323584569586,0.20627533521967245,0.0683138544109937
0.8345122053302276,17.43123521019957,17.380043412346115,115.88124123745308,913.9334133356349,0.10213911235270373,0.1784427938490164,0.17273572505180593,0.10648714132822062,0.20669691636621682,0.06209783785895784,0.30474211339329715,1.0260277465047085,2.0169299143145176,26.44129676415139,0.005071553780489213,0.03696854057113366,0.0345284479995817,0.014516606013969669,0.020943301721715823,0.003391902391492313,19.731705047531978,25.68240611989633,135.2506672137525,1174.4484224814764,0.1490886983093277,0.5512112959795155,0.5760450634738619,0.2252932415074431,0.40223962241145217,0.099998902723457
0.5469655058847717,16.29003290890416,18.949009721391892,103.72513837113773,769.3017081028728,0.1004959695216335,0.10909444858535454,0.0848015871605773,0.055239333519842115,0.196856871549807,0.05955885486775185,0.583647340371027,1.4093223511209059,3.603655401840751,63.86694857005074,0.004797137246551649,0.021876605635298745,0.025534762770738496,0.009706541710632921,0.026320678792015297,0.002844723792140646,19.067947169878572,27.783416289414205,122.86311261567116,1172.1926887972295,0.12533968682826055,0.26243718596489257,0.2637181647669823,0.11300373146166931,0.35252101324112034,0.0782824017230473
1.3222558435092195,21.052059592122088,23.410617885289838,133.36380490009782,1387.9605696103445,0.09799651439905645,0.16119386834399813,0.20988272494701643,0.1113769380267281,0.19954624999240644,0.057462888401918266,0.7327480226317942,1.2116379366640275,5.431691314834621,93.94906190993325,0.007075625089627897,0.035153460899471696,0.04717504519619031,0.018965316968613685,0.018829248598417492,0.0030014232395947447,26.6380398991864,33.22103843669086,179.8714458491216,2171.804998256965,0.14861975373323946,0.45953835539205834,0.5719550942859102,0.24479058946005378,0.35633837164296284,0.08946612243352507
0.37530625845900073,10.875383052268731,14.62983178105998,67.34814506632569,355.97414611968225,0.11520404431768819,0.1406645359399081,0.06188722182063038,0.044938003862059546,0.21457756978900422,0.07101526727235188,0.2701068899013027,1.2988073721779603,1.8011299967854926,8.981691217000446,0.005613245057047506,0.02497802667995586,0.02468347116940351,0.007635141873815804,0.020018278638591878,0.0034800536550368922,11.297836155727662,23.034330204776076,84.20263688945101,501.1794817945366,0.15180319375503967,0.3356531917578074,0.27041440818551987,0.09330712948038683,0.3602550154378859,0.09862737826342186
0.02881253534968553,9.864483906600995,14.220020238749244,64.4796055283739,327.5912554032324,0.1038986136415447,0.07120244265602932,0.020216703137984654,0.013712661290638709,0.18908463972968892,0.06425077266612714,0.3000471522150524,1.0266441639532422,2.0150396705644975,17.160012491860723,0.008917054326658042,0.013575560565754902,0.017319003562888742,0.006962385781477218,0.02279178440936586,0.002619731599384989,11.470648001970751,18.861815072814807,73.80342592503904,470.7430612596071,0.1387647685395717,0.13985315210006902,0.11010929424808438,0.045415472858827646,0.27590002313956025,0.07645645779335236
0.13598547869336378,14.291741780990856,23.17292536986055,90.41945661975475,674.7528691129465,0.08676011811619179,0.032131705379823655,0.01405109366984858,0.00578716451740903,0.1592948816031545,0.055454291576976955,0.21371968731875576,1.2601420696343713,1.3074392548227882,24.636929444534484,0.0033668444006509637,0.00537241869606523,0.007666522169055015,0.00869706231735763,0.011791454006463043,0.0018421985182810465,16.62569520559229,31.772979805163285,103.54193147457985,747.3800902826556,0.11980816561446711,0.08641965872740098,0.0774753293555244,0.10499262664189313,0.24738238512549748,0.06815661859060997
-0.05560797353308372,10.305171761931678,21.718903513871915,63.30882742400826,356.1571781079052,0.08019079046207574,0.050611353832803296,0.02265401090466207,-0.0031906817884795047,0.19710218457138548,0.060371941044831456,0.24464203026681952,1.7647366458869365,1.8753504423068408,18.75179297814778,0.0062204303746988855,0.01010467000803049,0.0031253288423121264,0.0013891135100427311,0.021153401747215538,0.001527024691752716,12.306731630564506,28.673229840602055,75.71903874382808,414.4620077414377,0.11138452233559801,0.11817946041823016,0.02224869926744205,0.0010523090188429007,0.28621330931594063,0.06825658875138042
0.41788580680125886,14.365488845336506,21.67657653849088,90.40152636924238,578.0843446159823,0.07559412346385924,0.0640157068723547,0.04567504957692052,0.021642451388813943,0.1657367604525538,0.05754307730085177,0.1778586272505771,0.48497896428954557,1.1203042377365506,10.70496410526641,0.003620182152073493,0.008121861026818902,0.02678262088528596,0.00616596775355338,0.017106855981413174,0.0010862520978095966,16.513602987159008,28.810847185784073,106.2868733550466,860.9385437660702,0.12650590162761477,0.2721470753835364,0.4250869893037431,0.12332106092131336,0.3459789768670898,0.08757547117824771
0.06639812478361606,11.497956155601745,25.251072039885607,76.33924233568534,417.54584916635366,0.09001518633161404,0.13244056287463649,0.11265886937708794,0.0364362816746452,0.19856910927910393,0.06766801694572708,0.29063770240107545,1.4680182990590984,2.456338884511483,11.756531295220821,0.0071611448035816695,0.052166437949403476,0.08041190765292441,0.01840344838546609,0.02014532801594109,0.007506971066669733,12.298778246722868,29.992629777970496,83.30135452921903,469.18386392635017,0.11512857715229756,0.31624533147911316,0.42862133598158947,0.08737668558037216,0.23530650891137392,0.09166935208657788
0.008575624330512455,9.381613058992574,17.419847356685242,54.65055172837205,257.3856842736023,0.0828109492639999,0.02822561106614517,0.0006956899777921105,-0.009213850039499802,0.20588635134975047,0.058917481200185216,0.3328433008622892,1.4263921714518932,2.4294023099718824,22.655779177333283,0.011477261965421806,0.0062822895354528625,-0.008813604197097723,-0.0009538175803911909,0.027360385712920397,0.0024933853024342333,10.17681625572248,20.725719264657386,66.4117046378405,278.4040603564723,0.12544905693748348,0.0610027725353417,-0.04296480208697262,-0.02859709364896809,0.29456208000053863,0.06932900410179926
0.8136871404025545,17.952381060465548,19.977754370104748,113.6626266888843,998.3178195210149,0.0972029408551791,0.12515682237380238,0.14969412214157218,0.10463588326638282,0.22006710139938154,0.053378691112956414,0.719023039305563,1.3572266902558079,5.077606912352961,87.90025568714105,0.01113257652762553,0.03546179941094495,0.0540237951573461,0.019906928308969535,0.024437483139602284,0.0014245643558843794,19.02915711526916,23.442883283646637,132.092028464611,1385.5036227539526,0.1309605412112262,0.2540328389793638,0.3894417898106103,0.1469328246791836,0.2858722586172279,0.055910621518709756
-0.06967811607977759,12.737926553317244,12.302087510406533,79.75117579079219,522.7110134056932,0.0867855386645993,0.059936457443530614,0.042243894540271276,0.026152990190988195,0.1852008835335186,0.05882975798575786,0.1553239586062385,0.5441707094444139,1.4444025179857685,18.565780039719453,0.0042431549903546705,0.01219637225633811,0.016331590031671974,0.010119052931450111,0.015394670169780144,0.0020727124677716873,13.532819394359981,15.953074346637667,85.39587936739312,449.77366207523795,0.11235084132005499,0.16154061875130105,0.1370049907838968,0.09235341063626637,0.28446735264404677,0.07436050053901955
0.009037718454059318,12.563160335917841,16.239491827739958,79.35748668492799,474.46768040705285,0.08925422668435692,0.06924463981469446,0.02555145993087042,0.02576814269308674,0.13409816649420447,0.060379980584084024,0.229948128746618,0.7951952714165453,1.4985953266828682,16.292025652527443,0.005887606207817546,0.012957191227923428,0.015891627750383094,0.007283297651135633,0.01401733335677167,0.0018778179476916042,14.143359768598758,21.907628142206594,88.2074598843028,644.7065640717749,0.13151114833917046,0.1803681600572486,0.12918176971940418,0.07830744389677126,0.22192639118532248,0.07501948879900215
0.15223072264287624,12.518815672215833,18.969999303947493,81.86400178767519,528.1489754097827,0.10179134280611314,0.08261681807799272,0.06438181533098322,0.04835921701832317,0.19701617365927948,0.05881280099787594,0.22793086801431708,0.9945224925277731,1.3055283837894278,16.499673770243977,0.006539591084528539,0.017548452015616677,0.023422031310393367,0.013039759909172857,0.018994938011403992,0.001903227519866009,14.86115134574604,27.2592824799836,99.78311530732553,658.4447864519866,0.1499427997226519,0.19827320799651654,0.24354604318133335,0.13380332049175098,0.3284474543540364,0.07107246079070857
0.2012609500091814,13.952422633015033,19.30214251931192,88.18601357501173,575.2079550299345,0.0919441896435157,0.07239255591435848,0.05098308941701172,0.03307092875635596,0.1782421847045022,0.0587152230117932,0.22853841581919407,1.0187095978661391,1.6562124482137115,20.10289435152003,0.005196677372245185,0.012696327874061412,0.02413684921627252,0.010131846101317087,0.015416277325737752,0.001975342392313324,15.19234795458273,26.197714312776974,102.39105555186633,765.2401716060017,0.12761089319673116,0.21027114496903682,0.25895029080181026,0.10638802538237616,0.2878555354954171,0.07665959223484464
0.992852012899075,20.924926518144932,17.1758067923459,137.31844573550924,1269.8749044929739,0.10767091760380809,0.1748658764482435,0.1990489311973012,0.13726485480355036,0.20036889041625863,0.0559428915628213,0.6793710580484724,0.7208905420420423,4.030964635416279,77.32381090927913,0.006140208494596081,0.03936001050711159,0.03132978642553509,0.014908851229783093,0.014851284376578852,0.0037182666292805886,24.019161142465137,19.79484177201685,170.1663309786784,1926.4455128627496,0.14221136680631172,0.45960127272998585,0.44932034430547785,0.23330365905202088,0.3088633015962033,0.08102721907772706
0.27966937128910074,16.581676580814563,19.404689925846895,105.00776305192989,855.9811893387002,0.09295521468150583,0.07821081617136572,0.06351986551538001,0.05974392553473642,0.18537456308969436,0.053615364346070324,0.3539010866224699,1.0872480941752554,2.1573622309634253,35.660505346574844,0.0046386136063015,0.008227216294825795,0.01417212008469056,0.011286817062533972,0.024154329831258512,0.0007050948667004222,17.334018349532062,23.578503979333824,114.1419501940492,958.2353361664879,0.10851235209812413,0.10751137447478754,0.17313092629440074,0.1110279357885165,0.27711616962630525,0.05288803430975937
0.33340750006998443,11.164216103334882,19.542504550489813,71.87452966570288,352.81849848517106,0.12017436540158637,0.11577327123995887,0.100377878945115,0.044435203766316926,0.19691067203776297,0.06988150111691004,0.30345413141874933,1.240335397969966,1.9953227717417337,21.711391488932666,0.0106056871044483,0.02152652572023098,0.043042841759304805,0.016055810434163945,0.01651309559570595,0.0041003821767825535,13.602969314861692,26.85388291149939,90.68350779497759,607.2109053789543,0.18268896298249823,0.2618478864721324,0.33934668885440644,0.13910384778697651,0.2962450701857735,0.08951087314239478
0.5332593259665599,14.172554149143387,24.52863890882506,90.32459575320057,608.6317819368182,0.08922004916472072,0.09829648337826861,0.05205284370605976,0.044651059844144025,0.1466150974410696,0.060860093558646085,0.35109241038217337,0.816581725746455,2.780844640608249,27.740514947309762,0.005281242789984052,0.0232586840634786,0.020462310757750728,0.011823629172206602,0.012361964656452108,0.0019461979962852429,16.16835180828693,32.30059026693796,112.309426077519,938.5889898528316,0.13368548466928684,0.33441601728771775,0.2713045424460417,0.12202450729512168,0.24994920676289178,0.08606387949561804
0.9200031398932421,13.43338540170493,23.02436997727428,82.6053989728544,491.35660265696913,0.11855879248753146,0.2198137014773372,0.17904140313020042,0.07460785292512631,0.21350895885346066,0.08129534094119722,0.3636414827354424,0.6199065201778431,2.5499095251114277,21.485326648350966,0.006161993816598493,0.03832892538182848,0.03151753775466175,0.015533812966175948,0.024152026950285406,0.006507455834616346,16.324072522506537,29.3182525330655,103.83071073951616,700.9754689019069,0.18161172244545284,0.7327056664293977,0.6525544234208933,0.23599549089652314,0.4286227146585772,0.14897184506309918
-0.022005982996179396,13.351297086682582,11.494267981074518,82.91400686330303,559.7071918477405,0.09871675630505644,0.05911804912803917,0.02504967401986785,0.02595776572758263,0.15871048659412887,0.057826303828778736,0.13479447791711813,0.6003798691717855,0.9625814488339952,10.323366492864892,0.005385399046151957,0.005311155006374406,0.008781463959355206,0.009235948404000858,0.012781699264445653,0.0013819939215043305,15.266463758395764,16.94832041272943,93.02610655671599,640.6069198724804,0.14107965710111325,0.13326932097826544,0.11579774782419802,0.09578204332756807,0.2512365011427784,0.06991312682508773
0.5421323385126012,16.364789450125333,27.359673335176815,105.25851400692007,804.7356805980211,0.09465610953312753,0.10520480918102841,0.06561214403330032,0.058756868840540113,0.16476286764153808,0.06084829122418727,0.4972407451664882,1.8093699504372491,3.20737368357391,42.55186411341431,0.00501169487034915,0.020810116883441473,0.012186291837610441,0.014640533357128567,0.018949206332075284,0.002888080818985194,18.018410739087255,36.507798905121575,119.34148590731027,883.362490183297,0.11131900202011628,0.20343375149938656,0.11805295053964629,0.11854236948258831,0.24823392402422464,0.07424800730548495
0.03560648517038456,11.536602138877758,14.200541840667476,72.37034186470353,402.8885959911524,0.08702004586772324,0.06300192025660165,0.021738856053747938,0.01068612740553855,0.1480410105850572,0.060148539075945216,0.3252392155169467,1.269522876910305,2.012273020368018,20.48940328228036,0.008129769498917609,0.020739423081570358,0.02461382442256024,0.004979736850270359,0.02169035653849091,0.0030390611556316447,12.555739791886339,18.96969357394198,84.64694793828647,509.62056379560727,0.1205151059415427,0.13573449289976733,0.1087360823847785,0.03163039777673733,0.24423986452767998,0.07116464788991243
0.023149717352523747,12.799266886600305,17.042387795811138,78.0657528681991,497.90288564936907,0.08408181036418605,0.0441878411446689,0.022573930655194002,0.01325340325675261,0.1280369249847983,0.05849820946438228,0.1503658696948162,1.365087531176632,1.1129942069258185,18.958933525675736,0.0038512614850349353,0.014780779745375786,0.011701254391310967,0.004981043645188057,0.014257854389152776,0.0021216515714155594,14.074142601884102,26.926379134802165,90.58777461729119,612.3541913017359,0.1223469259840797,0.16050306804088593,0.10610448166432723,0.05398873492513936,0.2387495123060156,0.07878653120732944
0.04111463673114174,9.62231441476452,22.151984586205547,58.252990319956886,299.4542548437309,0.0941727735725286,0.07232476170389321,0.017554561975248253,0.014556449849675468,0.16855292655309265,0.07151966671861781,0.36111301859159467,1.9237220123645216,2.36917026297511,21.313251702657894,0.013685779684492402,0.018429566632894547,0.013488340762689642,0.004481878725922704,0.027705136257634745,0.004315923415582275,9.9543441070873,26.586104674248823,66.69804861011522,378.0490574817786,0.1404998504549292,0.13622511406804516,0.05536449354923939,0.01570210777922132,0.2648804436287076,0.08956567782977903
0.8281233672617685,18.10123794027283,18.643260965871022,117.13255040903107,1016.9255560739506,0.09299993647471902,0.1071573385948512,0.10879714239041413,0.07854800162770272,0.16811132883907756,0.058108049585754995,0.5102834955138557,0.6547996093241348,3.261593162209439,61.362117086664796,0.004568587673758375,0.018438024005420283,0.020888963629214902,0.009490870129271162,0.012366646702259336,0.0029832810193592494,22.399040553371712,22.785384611971267,149.9283543269876,1655.353162415238,0.13281398532667493,0.27976004258828996,0.31358378245263135,0.16651695258017563,0.2784110094255131,0.08389190754020742
-0.03438639905512081,12.211868569801952,16.099826056461943,75.42535129356793,431.26536415870044,0.08967934535433474,0.05108876671675748,0.027308424012906146,0.010894610318707094,0.18242816564435782,0.058183300088639096,0.22824007293681853,0.9820912674041067,1.4348295602996357,14.728034634065118,0.005152182314264463,0.011712563486595561,0.018838494675477088,0.006323240484411379,0.012060327867654364,0.0023626734486813534,13.52773730302475,23.986431248099564,87.78240710131652,532.6778017955464,0.1369056201405581,0.2002333936942699,0.1676819843576786,0.07973019917830262,0.30347061238973505,0.08003014954615136
1.3902313670451822,21.442984418754698,26.809351047226663,143.1783824960378,1381.8492776054482,0.09512979849625085,0.1252126325806687,0.17936963232662156,0.10749208214542014,0.19943589546767604,0.05608346550340285,0.6066417431340705,1.066004695308648,4.118674122038518,80.48873021310905,0.00595918584664098,0.024860462761124604,0.040079974228623326,0.01619673923168382,0.015919644803590503,0.0029551523379126206,27.068652564514103,35.36783379932877,179.8038321025524,2057.4938966696877,0.14284298900168543,0.3411446838570719,0.46544937423193133,0.22797768663763934,0.3284432795727287,0.07672729739821497
0.1646695499623747,14.753993204764068,14.617362782886634,93.83715952577059,676.3023224349619,0.09153002337127313,0.06499646076066518,0.03549560569173989,0.02892583469843806,0.16083628230871846,0.054765566892872986,0.24669585525521306,0.5803600051980153,1.7390273209400362,21.853873073886476,0.005348482209057035,0.010861978292871182,0.01640661065958337,0.007122691581089978,0.015216341288815577,0.00201268843454085,15.96050604529661,19.969639557265687,104.30290721340899,809.1083985759367,0.12559902839655832,0.15884711656262646,0.13282020792694357,0.07012335888192142,0.2678980740091144,0.06857891384455932
0.03108025475571502,12.048038920766986,17.231077168878606,72.72148041838838,455.81238131633256,0.08668642803698212,0.05102603345431965,0.02427991996973615,0.008339291909696754,0.16289925888024523,0.05994977507489759,0.20528693900775655,1.0683047427265608,1.6103858378534648,18.18871595195684,0.006407327551815016,0.008570623856652925,0.0159080548244488,0.004685654762325815,0.02563606779528751,0.002088635082206631,12.136684451355768,23.647403606375505,79.0730631315552,466.0289884851868,0.11494132486604523,0.10216932049447808,0.11584354304120811,0.0416910468826559,0.290801954806705,0.07060015554884429
0.9541784181171555,17.54074041156934,19.09175326191147,111.98086333182039,984.3349919606343,0.10228980697398411,0.15888355681602612,0.17395189301435696,0.11259109032132934,0.25895964205814015,0.06323874424705214,1.196158457624579,1.7950873166838146,9.01668126933637,149.42066953588946,0.00582118622141674,0.041213506041804994,0.0603115234713879,0.023502240516331575,0.030463722155952316,0.0031371373445089772,20.96329702268219,26.360976826996936,155.12204014338465,1617.1974655013455,0.12621253852283626,0.3421841322843123,0.4009061667121364,0.20766508288420726,0.3933347650322638,0.07576528738057933
1.0517483452734644,20.390110704077905,21.809794776891952,131.01854492818606,1338.7583487818536,0.09705734181540869,0.09643991395733391,0.140088908914815,0.09400280525581219,0.16953612144853702,0.058497113427971516,0.6355940267949028,0.7923433140130697,3.727179357168808,91.25947631986509,0.004717307047099041,0.007971590608261421,0.02737601158445746,0.010834955560805258,0.010188749900529105,0.0033117545572387426,27.045329337969022,29.857717874735563,171.18679906733948,2187.318664617499,0.15493992952324856,0.19909671324352313,0.38246320799288747,0.19184195993675662,0.2826283558414786,0.08525848660345015
0.05012270096115451,11.25752871536407,19.294258526823803,75.63298596644191,368.2472572698854,0.097512673827266,0.11836556834879336,0.07508072779094757,0.0388621935926728,0.17810791006328527,0.06968593797428112,0.18287253113570368,0.8126663416645641,1.3111740585848783,18.809653095724332,0.008089342934363116,0.03342696986771039,0.03939593675608016,0.013171494096152328,0.021651429850146994,0.005103405855959207,12.737870704387129,27.121344529422167,86.08317375312511,471.7623708964821,0.150091627718281,0.39754261862107154,0.4113167227366692,0.12446515200723038,0.346887598666668,0.109539181847643
0.1448725059006359,15.908132468477547,21.2145709503355,98.92497068404077,782.9749172911568,0.09039869936639794,0.07576275527798801,0.07094931126847775,0.04178115544183699,0.17186081039403095,0.05208509393141273,0.29939183218911214,1.6329133491098002,1.933379103144848,32.965661646584365,0.006293146431881426,0.018489922187130338,0.02030986482489886,0.011191475764482352,0.016026024133825076,0.0016970747186486465,16.946725130441795,30.754819377763724,108.7150954178679,879.999533748956,0.12227090106040708,0.1712836007872572,0.16394573676862556,0.09437457942117501,0.24786405568568398,0.06222484274080199
0.3595794072303196,13.747136286527992,20.79193965853887,86.42202085598358,578.1217995774222,0.08931783349543902,0.07102990770784838,0.08078025389408519,0.05397219384850415,0.16515775554417764,0.05629044479177043,0.2237438974706233,1.9731545141421116,1.9538044795490863,13.103048675327457,0.003846324811540233,0.014382567863335005,0.0336504697313394,0.017021085408822634,0.016670587837244132,0.001913568371260091,13.98860954701051,32.208265339244065,97.66516083521549,680.4467373431914,0.1125009569367001,0.22396112780500518,0.2745566392056631,0.14689631542538473,0.2604265362924486,0.07610884939164488
0.48883445916960766,12.313310969288723,16.796412792588722,83.43013893249734,424.4237272590137,0.11040717386874348,0.16130367324304157,0.19507244159224635,0.07019143137525702,0.2134734774571953,0.06970127583635076,0.4966964151269937,2.2381774424817347,4.463350711648518,53.57587792091388,0.008183838188220783,0.06000974913441577,0.10382912347403285,0.02242763524019507,0.032141921526104206,0.007495565319055265,13.833848224688186,25.263306944943988,103.05309357953497,553.0463615801232,0.13731920261131042,0.33906248252055715,0.48825377436538797,0.11978294429485967,0.3052457831365856,0.08533315917447253
0.361910490297148,17.58119884529642,16.04008401627633,108.9122645984306,927.2193229699661,0.08990295986440698,0.05881158703520084,0.035584051880313224,0.038057733309418244,0.1349568881298636,0.05189686401192633,0.4645110184135086,0.8335373617777153,3.041539721688805,55.93994663657552,0.0048364526597220805,0.006763577165701962,0.011695123079530974,0.008065365301479324,0.011049624169777093,0.0024902767404709203,20.349015116810282,19.726718700305007,124.2143343924709,1240.184383372706,0.12253083535424864,0.11950604001009416,0.12800083962290953,0.11459719170874985,0.2257902546217863,0.06924903143857833
0.4650527986684979,16.757719577398245,24.047217835327896,106.29208934229779,882.8498770399042,0.09102381891764191,0.09489872032436648,0.09296392850115821,0.05431104156299624,0.1750905740281399,0.05777717455756435,0.2965428124637938,0.7676391448996818,1.938901963348386,33.441708409943445,0.004951861992850044,0.007912085413367277,0.02052025089758655,0.008506472688879057,0.013706255201798962,0.0017000173023855058,20.06099050432878,31.016795010956066,127.58959298404949,1186.2401473537989,0.1390327553633215,0.2558677762517801,0.3432056405751529,0.1252011151751286,0.2914860736080139,0.0815540027724832
0.7814924470115246,20.265671559514125,16.599874160108335,131.24514333998573,1121.5844499669925,0.09265103467145111,0.14359619050043415,0.13257496620283798,0.08105902900845935,0.15907063133501573,0.0575436660361035,0.5609622463079382,0.9744732635848934,3.7113741758634085,66.21232659030223,0.004657674433772515,0.030159292607431117,0.03468509809840732,0.009768423098367151,0.01832813706714933,0.002828937035119794,23.857115547653898,22.943631948512728,154.50747046138451,1722.283617024842,0.12642749740423867,0.3783878297386075,0.42178959463750887,0.1644261379163964,0.3249032867268417,0.08185033821207899
1.5236278488024273,22.82723150428309,21.212777809374543,146.07414778720178,1509.2446972392834,0.11755169217956069,0.2672568598676852,0.3307848908019704,0.18849049935678985,0.26034147864689344,0.06536234024106044,0.8543497725783211,1.5223781076797618,6.149958883387626,126.36521080670542,0.0049824828442372225,0.05290027232461057,0.0625260371658575,0.022147868666971424,0.026788751114355733,0.004923022586311901,27.403983539514194,32.61748064623656,188.2612786068625,2355.9226001492825,0.1615980666414929,0.6991214413248381,0.7527783492193023,0.32363660107774994,0.4632708142295211,0.11109690958511552
0.5575505153843523,17.0580579342232,17.92887919500702,106.30832903264724,821.4319359011794,0.10346119239505938,0.15028221697272676,0.1458030985418937,0.08882893947041161,0.19424916853939653,0.06235885147231401,0.43168773412422956,2.828936097043134,3.234320824850682,42.15974099854574,0.004814215169462547,0.04530728718085246,0.04824936089950657,0.016116976758414094,0.03199408835695473,0.004700137516948131,17.609259736412366,32.21963210899979,127.34859984450165,1110.9021584773761,0.12935081803667628,0.3777059545915786,0.40958791853416177,0.16235859897266877,0.3605591018488182,0.09212764413563967
1.2823258076464967,19.532180371179347,27.02697746751531,131.3209246329364,1208.280515791424,0.10479883744841653,0.15232179188098358,0.2177041962691885,0.11341268369140518,0.1860116380521478,0.058856964035876584,0.6360497308891662,1.093359653680908,4.1763920448750405,73.52398474580967,0.0074352103860417735,0.024570465112710816,0.04314588259552353,0.015895698442059063,0.009113066222860018,0.003617537828315094,25.28807729107743,36.6450683767074,169.65597674842812,1911.1626021538514,0.16510544831792262,0.42052554608478443,0.5863892714183269,0.23605726996449988,0.27279277211631897,0.09113925379523209
-0.022961664539674298,13.003039137772108,14.437276343397663,81.01281321685576,468.5962849059696,0.09553952146065121,0.06391405090296048,0.03303263036684136,0.02230008942080388,0.1636076393869674,0.05876889181819485,0.33862946466713206,0.42206333283900876,1.9645988128496876,28.5149762115542,0.008218999863826956,0.01452228941406198,0.01975346246496027,0.009442422000997128,0.01683744367504703,0.003640160833147922,14.106775546700293,16.170598256866025,89.66509508924878,585.0277481280373,0.13386980726783076,0.1577431363219505,0.1285433416706201,0.06841798807041058,0.25965049667908124,0.07637277228380042
0.02529732346219654,14.133927770547755,17.554506578149066,88.7730099484475,619.165170816568,0.09542776026351382,0.08955275577053012,0.05975640300873532,0.04390164814755701,0.17645077688519759,0.057936793688833164,0.3391224421634198,1.402107325538094,1.7152595020742993,31.626677790484077,0.00944723168940278,0.022744431746496555,0.02869071343213076,0.011409328102035834,0.02341354964068614,0.0030258933404939898,15.035613549809351,25.126105915676376,96.63067377198554,700.5686614053403,0.1372235866038587,0.17987718011663567,0.1815350375032254,0.10204227374139496,0.27081122588413886,0.0694214965889761
0.7513732224728746,17.288139943125614,19.90453301963479,118.11753337329422,965.3423296841095,0.09885414872284187,0.16398586001876903,0.20200797067624726,0.10426261710122703,0.20704742286231656,0.06546563440187377,0.5625419121115998,1.2092928377211971,4.302965484622065,77.3479031897075,0.007231020559263856,0.03303435071344592,0.05099041092195004,0.014270405813988436,0.013046353241143558,0.0031907608619920883,20.114716304514307,26.690406871741345,141.89680190710186,1377.4722986451147,0.13803463004038713,0.38325370785781643,0.5790086194769846,0.17747155746948648,0.2554940340562195,0.09027417142946591
0.12137834801990321,13.018589390918226,15.937852604002817,81.63066986369714,483.97025224866957,0.09701414600993774,0.07640097456390083,0.06517756563601215,0.036043766511283146,0.20426316810207945,0.06245263228221515,0.2432003711799807,0.9675936307210147,1.5881278601995834,18.855813143669817,0.0056534689753576966,0.011911940450111496,0.024214022989915415,0.011188879934087355,0.01844899175536123,0.0021290829405905343,14.456280260307024,22.91792698870044,92.95286851651343,638.0310856137166,0.13338409912574342,0.17868755714301543,0.2587081705541079,0.11260169663670452,0.2935017477849358,0.08093324757060663
0.8938859310463974,16.39175903709855,23.594509778319285,108.70470064179872,867.5746760781731,0.09721905770804141,0.1609782109053231,0.15718977470961476,0.09632757802891728,0.2036614460039896,0.06469375221377378,0.3356740384595612,0.5670853273013038,2.2353497499232544,20.76295189078799,0.006184440163503603,0.02810499750373886,0.025727550163053354,0.02060195951915222,0.018280075757961187,0.003302047380278691,18.93264207496067,29.840210048901984,130.09895276498355,1009.5419401538754,0.1431366386721194,0.4692510966967147,0.45334228427511647,0.2543528385447237,0.36706121664173874,0.09036711929126204
0.22751149298625245,13.070703207957344,19.458082690355987,84.31273435434366,531.3128508907129,0.08879995677617378,0.08660899188769208,0.021314097165310644,0.0313788099391665,0.15376568307048014,0.06035899946403515,0.22582856165892845,0.9098747264130944,1.5866227012544982,20.418796231558797,0.00532467204101741,0.01711004791767637,0.014154821161540779,0.009907578201063992,0.013707296426966841,0.0018016273528215355,15.017831780503082,27.817218550730463,102.57220730716222,728.3168376066229,0.12007689352009514,0.23380456137410657,0.12615053842180954,0.10407344188241445,0.2749227767282519,0.0732797541613805
0.01888140866410931,11.186041880835868,22.926632222538377,70.43197873012495,339.11039076814666,0.09804679469830814,0.07637347513963494,0.0265146191052419,0.021700677390761428,0.16589199732867188,0.06821555277875369,0.18750714572477759,1.5302288914278694,0.9319009590942644,13.532790473684361,0.00840939604907991,0.018039569463703258,0.01745132793754097,0.007507680636311197,0.026676827334404667,0.0038165712539282378,12.867653184101691,33.18194686605494,78.11426060496159,387.56988016507603,0.15369975874127267,0.2211867177340722,0.21461719637998167,0.09867102354890243,0.34356879031883225,0.10032947437484231
0.06465314791152649,11.980734418052943,22.310134683125014,73.17051676974366,415.0465602567458,0.0952500975697514,0.055957440492052396,0.04483607444158429,0.022463484142905145,0.20058454882111823,0.05737431511527846,0.35790636446550655,1.8944399367439848,2.371866426074531,23.937794768588947,0.00762906967820775,0.013332044752557398,0.02481838177751013,0.010947738035087749,0.03175217440108548,0.0017369278478676286,12.337837055946776,29.280705376249358,78.36490324792888,432.96303649036827,0.12324144750060194,0.10981404141123413,0.18180201616071318,0.06188435958267049,0.3025358455994784,0.06496364438558856
-0.018142237597464472,12.041558813080837,23.632373018075622,71.49944777104376,463.5247735656251,0.07829905609303212,0.07237127422624057,0.04640256488677334,0.02146933459204259,0.16487793005913165,0.06151308082885213,0.3204630830738756,2.4682380172187806,2.492948199638528,26.54245896344114,0.007047651921593345,0.02223464578569838,0.018687806624889104,0.0035336284475311567,0.02624195434279763,0.00405027630346763,12.991775457935272,30.95158211929741,84.25027532875168,534.6478677582284,0.10287917250532318,0.1278256305719671,0.07093700351584764,0.018546622291271908,0.2531504486095803,0.07297336880428042
0.6261504202229338,13.738393175736276,27.047572438860364,93.82718927226065,524.9206305630478,0.10543736624512381,0.15341312507371824,0.1294356061621526,0.05948057203638913,0.16338826509187104,0.0693718242428619,0.3664171923380319,1.9909689109179822,2.848725107100734,14.049808389183227,0.006703370723495048,0.02931695784269905,0.054544837512241345,0.01546615877628019,0.018921774729956774,0.004440779046079567,15.819025144612302,39.44436734478445,105.1701802685636,685.2799540367214,0.14521858259598525,0.3638087571286348,0.45780756441627357,0.14503166808862522,0.2747063719978185,0.09736793010653268
0.0900975375534967,12.527365186163816,14.518391324664226,77.9539637487193,459.5527431122818,0.09208975307370698,0.07696197181616585,0.03122574334667571,0.019479500301397563,0.15116031176059516,0.058858316838967355,0.4164514278524977,0.4704670730866952,2.5086291426898213,34.7655761913651,0.006298106585797382,0.012291760619547561,0.021374254498024714,0.008634358653475388,0.01671101853125692,0.0027796134204806115,14.336835923450893,16.834695474635087,92.80263407980497,639.2555345257374,0.125514020216917,0.1750639848824261,0.14072236664813725,0.06973966409523034,0.25834954689390904,0.07658470558089706
-0.020981945700275673,10.825843806588919,21.397578356733916,66.00783066452259,330.34657427007517,0.0932823669214805,0.0686405779113414,0.024768343752156155,0.013664663573575278,0.17850344515700708,0.06537437233599505,0.2410933429504609,1.008118637827349,1.4436751215155859,14.56207360200721,0.00634977908109677,0.010290210117626545,0.006196270671982983,0.004673878613288362,0.02759965598719071,0.0027984377516127247,11.232234322827157,26.109728474051057,70.25643591351674,347.7715417863783,0.1266424020516037,0.10855278670849386,0.09205486806553309,0.05036926882042249,0.31878401741669776,0.08118582372930883
-0.018471690385572948,10.16097059288758,10.986772390025429,62.33429278451678,349.15794465122275,0.09853224324516519,0.06727544582367245,0.021813808635068252,0.023781636616325125,0.17001300281743012,0.06539538357834862,0.24880399044423615,1.065116009948656,1.5192982855779462,10.209927439638872,0.01096278075384155,0.020639400023592113,0.02815690160865485,0.011279115510171377,0.025948366987386205,0.0037827810559616605,10.277677525546727,16.393238807905107,66.11829210384624,352.66742835491266,0.14238841749518832,0.13957465979562006,0.11423701952579846,0.08330158191645963,0.2844008210594889,0.07972173097657162
-0.05718962403391964,15.021800305289409,18.826788745024242,90.26448694740745,603.6693540094079,0.07382078859983973,0.044042818473955185,0.022123582121821778,0.015188867258762132,0.16698976028824153,0.05537485428148055,0.2650155507396734,0.7384157662969952,1.6906133152719693,24.295294332719035,0.00405686983552297,0.008122211885398408,0.009477477536724649,0.004649026267945935,0.018907465561819513,0.0019596919633442567,15.301854870474381,21.90926822126533,98.91912368426313,753.4287311485215,0.09169302091231382,0.09694409411613664,0.10091179954876259,0.03910721884150162,0.26768913766558394,0.0624448065503582
0.060640913496599336,13.398510396949499,19.152827914129077,81.1027672233292,512.2229474997878,0.07600236020810125,0.04368387354674729,0.04178990356076941,0.021625131429997793,0.18104687912682835,0.05630101959037799,0.3541266382693838,1.1490525479522051,2.1783013279610364,23.350680256478626,0.004286231014181335,0.01043225321763707,0.015166160425431414,0.006315554910859273,0.020506921009316812,0.0018105967659777533,14.079467448746122,23.749316075327908,92.76656200749093,656.2802720596319,0.09931053645782129,0.10089408311204531,0.14581707506040487,0.0457787207103416,0.27524572668748726,0.06818924853746716
-0.04039036075243729,9.731808096322101,20.32940186952208,64.10573759587099,211.07571258107788,0.11980638496669004,0.09310706439014683,0.03634073597668558,0.025350663560130823,0.17687502114463013,0.06855902682442727,0.30710125164968843,1.3950203437303401,2.0282537866773107,14.98220328991789,0.009815566505397482,0.02111630664873395,0.02160090689169319,0.01202689717849644,0.02441819422045994,0.0031241798259805486,11.607988620968893,26.722958962321268,75.78617582081736,308.4627955355877,0.1645398971759326,0.1892380365708677,0.13415953158246474,0.07368106185547776,0.27414845249532277,0.08001852828840314
-0.029266039376905417,12.222201628005601,19.043785206748804,70.18186422131376,406.23911254176346,0.0816929193598412,0.05584163957458406,0.08018177759491368,0.03075224115042577,0.16810999738040291,0.05556464308216982,0.17732289344347524,2.677954725710782,1.3820921772816535,19.57812878084151,0.004878139935735146,0.03212656191508995,0.05927639464214238,0.012480555429519624,0.022556766464997387,0.004333077688860216,11.15082855009588,30.43136795749353,74.93208578604842,497.4604212809165,0.10186777698818963,0.1503268495275168,0.22996888947009048,0.06648128241922904,0.253336449959671,0.07222223243079262
0.05780215798662147,14.085644221062608,24.75240008849065,87.85620222965683,615.6274949278821,0.08456386512624531,0.04711686722552101,0.018710902273161703,0.009179969877932737,0.16580238257978192,0.05941260775462641,0.25765899191700903,1.371015847678578,1.2608405766364135,25.741510321940968,0.0033912810535533266,0.003346267125062089,0.00584604832754556,0.006449456780458247,0.014045177461391868,0.002048790424466126,15.994780730257883,33.67515915179571,96.21305214552747,702.9972362098222,0.11427405726214315,0.09491178101695813,0.12103496114305456,0.07703023955754135,0.2590574297265749,0.07382199866373655
0.016496000743480788,12.318907464714007,18.489481258437653,76.13093143874619,449.9478387734938,0.07968267460564687,0.07792427172065314,0.08579208598533536,0.03644595407448121,0.1797739150323036,0.05822134268980617,0.29936230750361065,1.1881081605627164,1.9634893687205839,19.750743019859947,0.005177479575650186,0.04374997091195036,0.06315794619538775,0.014433404488326175,0.014438499030183866,0.005899441665771605,13.35018807245198,24.07222140652574,90.78888843903397,608.5124637494753,0.11103192411542215,0.26255085483608775,0.33261429266850717,0.10592378393453768,0.25420303460489324,0.08393696340015783
0.8766711929573057,20.22457612283897,22.6792544698086,130.59980164704447,1238.1909072696822,0.0903174515271749,0.0954248725478001,0.09833058926299726,0.07290284940216363,0.16495132177503669,0.05606018823277623,0.5267260817168753,1.091878451060245,3.2203727317846575,68.8583015190539,0.0052219521740975335,0.014806571002393775,0.027892492334166605,0.011314826839572625,0.019097825125923267,0.0029129675126824996,24.840652856114588,30.516030244494537,159.22374928593246,1782.5350006357821,0.12817350030523514,0.24242873312608698,0.342553396856429,0.1733392605564571,0.2994356918923442,0.07747415184246467
0.8373533278890641,16.647506760898274,17.800357929705704,106.16020649727358,852.1086019690993,0.1031038517612337,0.10702745659365288,0.10533167263817116,0.07700949395576889,0.1841277865462308,0.060853676884526364,0.6362871909988614,0.7135196385122194,4.420319920741254,73.77314691389327,0.006348574943841582,0.016005103909983075,0.02949360606202291,0.014519387170451137,0.02591090517208116,0.003521435493922869,20.22514699136215,21.47394608798328,130.050829507905,1275.8722305092188,0.13591551690649165,0.2024214139868909,0.2992250716792421,0.1502386303359747,0.3078555108915918,0.07854420530930528
-0.022476419523630886,9.691024121235762,19.959066153479746,61.13167174563122,300.0122231336505,0.08169291083060069,0.09901875737932879,0.062303483291291956,0.012936558241239383,0.14804521258953782,0.06927802712536821,0.1674809683885615,1.1689926211817159,1.7795666397344005,7.463589157860156,0.007763836576884027,0.03859215125349081,0.053417001433318095,0.013148787691001054,0.019019759244194037,0.006947372809233303,10.539758261867213,27.066609155638954,67.98036311392156,353.843317225321,0.1312971975110689,0.3087039794810695,0.3084141559472865,0.10265742787413322,0.26333047245986085,0.10638195752830908
0.0906518311167368,10.651502542261376,31.063694659769833,66.84435077149693,264.1319168235592,0.1035673422048671,0.05951243354464043,0.043162760011440475,0.013079687996504004,0.17052598434834643,0.06242738137741103,0.375269476138743,1.9056724983135607,2.289950422020389,18.33527395998768,0.005530799853288698,0.010409233113112298,0.025598682925333217,0.0064657411095531405,0.021963714429428155,0.002709020590332972,11.281194986847812,37.960346555513404,69.74274499620692,368.18765500698714,0.13150834986284277,0.1246929816037273,0.1603965126493161,0.054515223584930286,0.2579634528976846,0.0718281357492841
0.727161228159277,18.941987966600532,19.851044946959963,126.30665983971517,1155.0996263776228,0.11334428436545776,0.1879239256841044,0.23682977515403567,0.1304858011606016,0.204768588496698,0.06356409089750147,0.5760192478414571,1.1102318694972315,4.21027229448752,69.95850316162313,0.007680439054880583,0.04003870441017258,0.04963098071040669,0.017349816305558888,0.016244245511302477,0.004147334875602833,22.00840396845218,25.535537307433273,147.6786124290601,1540.2842603787253,0.15685475633449983,0.4078971375436185,0.5258188716549445,0.21195127366281574,0.2830076813185037,0.08668981546367445
-0.017061015865107332,11.694853852184854,18.192081419914025,76.76850171133063,428.3171312948808,0.08425575654801298,0.12650137648612675,0.15717482022824558,0.0451733987079584,0.13391693321703296,0.07345829005297719,0.24093734814170994,2.126773662957506,1.7946936516445828,19.619518822582958,0.009720670042602733,0.06565417707793039,0.11499397367318674,0.02041546346511463,0.02167734506285296,0.011009511686887328,11.583041473878168,23.202352608186494,80.9368819300903,444.0177872358048,0.10482751105310402,0.29244635273572467,0.48690414899806356,0.09084568821919574,0.16366519494751644,0.1015882207891553
-0.07406965564109447,10.3696310843649,13.068286937582375,66.21259543657095,367.85904470425425,0.09208824382459924,0.03815375153741872,0.014342898404973214,0.0048037636544542295,0.17266942518606482,0.06129268163826373,0.20644369439243931,0.2699128933642586,1.267508377613086,11.912110209785052,0.00722128977501328,0.00632535269895056,0.01128168505725332,0.00533120470401841,0.018507408474844715,0.002470026063370074,10.757848541787762,16.41069336559427,67.09055952754827,283.5340694987559,0.13630432526897843,0.11672436479937498,0.10071690127355468,0.049940986806224136,0.2949681491134691,0.0793513045703089
0.43532663413942296,15.85578313527812,17.39698215610102,95.86558310949951,747.172098819272,0.09458738261896898,0.09112348606017574,0.0580159906304358,0.037553111507409136,0.1740835743653516,0.06187494438573582,0.4156470801603833,0.6567546841957482,2.902445394406501,39.96335393462248,0.004526002526854308,0.014612288841604185,0.018667850547806293,0.010830529383440948,0.018861304909610032,0.0025534299652839546,18.371262470080513,21.966561915453905,117.28267054664155,1103.1239436061633,0.1273298891543242,0.27278466102993243,0.2907117496851658,0.13008259882929338,0.29111936242435166,0.0858397891581504
-0.021066553263751175,12.047415784259504,19.745347036319778,73.93966934332335,402.45739668744216,0.09846418417053836,0.0743179911814201,0.020302544101050826,0.015242244050716024,0.244760221925856,0.06319021420196112,0.39724679715927225,0.8223131619818544,2.6343914429927335,30.80559216692847,0.005773537130328853,0.01225874734835563,0.0145931286316614,0.007780161996559932,0.024538103533679974,0.0030004983580880725,12.336242932108394,20.474419364816654,81.28694073621631,524.8418980114245,0.10777948860098505,0.10251960503146018,0.06609315126609225,0.019319788960524456,0.3005933087718444,0.07093232344800324
0.043776585237950916,13.273142360863057,18.937236279822493,86.26840786737488,563.7779027515418,0.09000808616535386,0.053279890508708176,0.016211166485919956,0.02147394488973894,0.1852543231434427,0.05631939585816103,0.24493703497444297,0.9951327374071275,2.056146556020095,23.15501194878118,0.006603674683940563,0.013472761102909497,0.014034980682341894,0.009947633002256196,0.020190342924186106,0.0021200950156850524,14.77970365313739,24.882231939417366,98.09374993611102,673.8427799471361,0.11777986440200439,0.12735748932289778,0.11682765356164315,0.06980204876222246,0.2799986353556464,0.06876054496589065
1.0430893341507685,18.85788139114917,23.335643289742816,122.70455125726018,1147.1395823959083,0.10525219728663757,0.15249462245279533,0.16936211384659264,0.11060532227067407,0.19475225805741198,0.06048287858465563,0.7680968717823156,0.8807831609677113,4.9809260760507215,98.85311855434378,0.004535065799310444,0.025112837704213603,0.03199623041854052,0.01319732766229139,0.015049093381688052,0.0025280798503381184,24.255470064002804,29.728415795607624,167.15439849653401,1972.9972722108996,0.14099973082572093,0.37805876941766103,0.4446115519215112,0.2096185221923927,0.3055000953322145,0.08223108797720478
0.8744151067304234,13.903592802436076,21.99352606341445,91.77427480311255,498.1344468936244,0.11328728856869277,0.21823068834716153,0.21892491241982118,0.09319124147128409,0.2338212507713811,0.07719774026534712,0.3476875542922113,0.501628901774672,2.8596835174691626,24.965145669489363,0.003186583505202782,0.04116405073921661,0.04869277464408925,0.010192681603273813,0.024708710655115766,0.004313489826510568,16.748377140921587,25.334501677095787,122.24557291551912,985.1926891811588,0.15823898811516948,0.6838387595174298,0.7985368592709982,0.19677969557183178,0.4352716569985885,0.12983442833907785
0.7772894053654228,20.910309156456265,18.991209368803737,134.79640989087406,1169.2850780827123,0.08168107736232107,0.11985747798787458,0.15487377305996375,0.09391755850959307,0.17561677457079877,0.05560697052924448,0.5228393220497188,0.6601086772258169,3.507660201251011,62.21163961842773,0.004222988371160967,0.0241958866811622,0.04631838633303188,0.014047795586462266,0.013735744858278196,0.002779339509343193,23.39168922751302,21.969078563501387,151.73799168327008,1647.6089638705298,0.11178495567651842,0.2996131936227883,0.47819228836927086,0.17273939082650006,0.25210083869599165,0.07799038097150586
0.676019838575789,12.46692051827845,22.078598153728844,84.08617645705769,459.4711306095519,0.09501143662650048,0.1602770494924507,0.1888379178224701,0.06987161533157212,0.17020322673634528,0.07216835075792341,0.36055596716593363,1.5135976856326796,3.0284546921907904,32.89626584290374,0.013502668470081539,0.05893038838973226,0.08757333654833857,0.02490344030818427,0.021253050388927344,0.008714257152329563,14.682355181399375,31.633371246011368,103.0921596053324,660.0082878918624,0.17522930417520058,0.5219644395790227,0.6587238974174647,0.19914909375109338,0.30595354572352523,0.1229854727763054
0.9533357487234411,18.998485818832044,20.208717268298546,124.91492294385807,1088.0089503377083,0.0940355368133824,0.11098137445621536,0.1368379040045915,0.08223977615987546,0.17910847653960602,0.05602217139137317,0.46416302666778686,0.8810564987911604,3.199219927273299,53.19190251521416,0.006527632467700486,0.015345755550635155,0.04199169341234416,0.010563618583283146,0.017777332420789462,0.0023560125134100786,23.143009414220206,29.47429304648109,152.911356632319,1632.6272712038847,0.14951445019826928,0.266248958508782,0.49548499460496565,0.17031416598011026,0.32554589867623573,0.07756236727361575
0.11683185335768681,10.8233932865405,18.720458286423664,71.25737281500739,370.7971162851596,0.11293440659534221,0.10381904850853463,0.058082384924225544,0.05437862831433258,0.1741275174451495,0.06162319831489854,0.30665092668676136,1.6584460909894647,1.811207500353083,14.558673458528034,0.008593248768388061,0.023727032470514962,0.027956818153899145,0.016007253218878713,0.02714779992951291,0.001843988980945053,12.315835108881446,25.70023692915148,80.96401950335479,401.07470889282064,0.14472309483232257,0.1851584127447649,0.16880196371268202,0.12357100797019681,0.2785023792678964,0.06704989365948258
0.6455511567995291,20.292109955147517,18.36328942684423,128.81594024217986,1224.8524726105616,0.09982614139749912,0.12531434156951843,0.12567289113609734,0.08336421333865861,0.19953151661120597,0.0563712348903576,0.7653242149664812,1.1773788300406312,5.27755109275024,97.92038335086903,0.006240400558049561,0.028097868719202432,0.032023002899226986,0.01625099521241336,0.029255253043743566,0.004109920120272106,22.55447478466631,22.171045276613174,144.66205584458046,1509.2637309229576,0.12134086639642824,0.24040405810109566,0.2518317731853808,0.1488868815389965,0.3450308355580487,0.06902869618194861
0.013695695344232872,10.897531811170719,16.361803656753455,68.30484006049,357.44302079042694,0.07657563605030855,0.04649035720602849,0.028706241932642172,0.01669683200414117,0.16485450759180323,0.0615089375577766,0.18737493324910487,0.7277141773583252,1.1661779238600034,21.39673546299314,0.005446591916456025,0.009035311884287238,0.014243942671818496,0.0055877271218585855,0.015604972390854652,0.0027510835988401802,11.988401137678865,23.140035583032006,77.16584906780065,448.2981171367528,0.12289896830210618,0.12913237383024984,0.14669106470571108,0.06532804658896961,0.2956969676195212,0.08483502990056102
-0.027819166328770628,12.499094073743104,12.573311493275725,81.60999493903788,502.7055419037265,0.08400545489731791,0.058319454022412585,0.038953791769118666,0.020209178670146013,0.15123540405243116,0.05584303840790408,0.20499750369013395,0.4061661525104512,1.3532171442990717,19.698246996321792,0.0040074692411279055,0.012714137623633055,0.014024743547651857,0.005765034750701773,0.00993995949947408,0.002102838143390004,14.009758782423974,15.48694619457077,90.32211484550646,529.3733239388368,0.12113063147462831,0.21208259120975084,0.13298982592778766,0.07784220440581861,0.24884425375380353,0.07588852821318412
1.0957449710755172,23.41291667567804,23.369522823195396,149.66668021187112,1638.802987832542,0.10783582279269745,0.16452237192248226,0.20758960058602466,0.12688703920704258,0.20481993369576135,0.05842604473193894,1.309668160639725,1.3331775624138325,8.880660154176262,191.77586752660707,0.0069331635675789335,0.03402300716200385,0.04704882660194577,0.017332931810467654,0.033512757369035015,0.0035998732268985394,29.65808341072555,29.702869190755273,197.04915083434386,2539.3787580437693,0.13744672012922765,0.312551888306259,0.38008514314403097,0.2161184642349023,0.3865415203054127,0.07304312071683133
0.2312431743785189,14.597545862039764,19.900760972503505,92.76976451591773,596.869543785903,0.09312283387472456,0.10004187501759178,0.05135331387469237,0.04018021478260271,0.1704927563799741,0.06486295189985526,0.44036378651277047,1.1188754251103754,2.99371010562356,35.792191692276376,0.0057312521244616875,0.020728946696500286,0.020978063390545837,0.01085213254778821,0.03178322688601602,0.0035243656057608592,16.074432276622616,25.4537663346843,100.15892241896599,654.7280862548994,0.11263542096006048,0.16930590605541224,0.19162971649958221,0.09147697539017757,0.29561615779439265,0.08115607520461154
0.023263653228688175,8.635441544055718,15.585595221834769,55.16487390374487,205.46591103781049,0.12320916470152529,0.09332039298940414,0.014767618336767416,0.01442791266828914,0.20560834838115769,0.0732458858414044,0.32713595603332823,1.8361051746338029,2.3595254261666625,13.511919533600551,0.014477007946893689,0.025996267912613332,0.01352925904204557,0.009621855701950392,0.026503718944422154,0.004984505753270762,9.515260413160467,22.682306766471605,62.638974913328276,285.14401363747197,0.1806446798739684,0.21265640507357914,0.05369708249302446,0.05241070325922405,0.3051189455020617,0.09478673464626729
-0.040211994960995756,10.754433557478787,19.873172009756466,67.16209063333548,339.063687535471,0.08621982569994968,0.06496785274778376,0.01732570630578939,0.006984801112412571,0.17842717383214918,0.0646189614395813,0.3273716865187996,1.4471529906299612,2.2512207360589422,19.388519592270235,0.009715130704962506,0.0158509299271099,0.027362215187346096,0.008521144329581542,0.022444291856127823,0.004980296840380843,11.167024521114323,20.25569166699812,68.17876358574779,431.6426476533893,0.10492533666020684,0.08840789947762306,0.04906887098359253,0.011818265830659189,0.21015570989741988,0.0713258775785385
0.03543236274701905,11.958874294445245,16.20550743972074,75.36251991245359,457.9056485619247,0.09887023956152065,0.08331726453154062,0.027962131092829655,0.02423106612946811,0.1811427280849149,0.06342820866168088,0.26677962907808406,0.961966831878345,2.089737011283807,21.080212097865513,0.008001829617794977,0.016440084510586237,0.009890416278832682,0.007344848216576441,0.02639590359527147,0.0027001554234257884,11.89468844847567,20.637993878168203,80.753500624131,502.2673447424798,0.12336130332357693,0.14788150449821896,0.03775230784627168,0.047067905551145484,0.2884384867762039,0.07460451852465992
0.07082866291820328,9.287415554723388,16.76763711910303,62.834159381398365,249.90143753075665,0.10253915249681834,0.06976621951175155,-0.0032846660740902117,0.005646863862218729,0.1517360292184071,0.06842695069760969,0.33154120515407454,1.341909665589378,2.3898532273256006,21.254150056864393,0.006520026087323981,0.011320008411293207,0.006710429012418279,0.003590704571165412,0.02007340419243857,0.003411536690094352,11.08864515904195,21.27909773833366,75.06289491884978,457.7216461841392,0.12871439000579854,0.13295290266144327,0.007032603248952218,0.022801744246709846,0.22889866301014256,0.08262946117327105
0.7924554915337172,21.59649146274893,21.601181757448767,139.55976167105024,1358.2382370551973,0.10229056266469305,0.17221895885699168,0.1953774818468635,0.11368370485521306,0.19950849951372154,0.061146131016950996,0.6758767674139545,0.8198780422901112,4.290239210087636,88.37913662437983,0.004443380028900233,0.03093430611960195,0.029221150859233,0.011092693258557601,0.018678568530435428,0.003953515272404021,25.652859097833144,26.2746222119537,172.56355525945753,2054.222497954977,0.13253617282615515,0.4344307498356278,0.467631921438858,0.18837154290549585,0.32476456449323504,0.09493436374073519
0.8282056655092842,21.06626138725253,21.70330499049865,141.206321598839,1447.8012884453897,0.10203004042509825,0.16691706471724815,0.2347829931256733,0.1074634789028628,0.1957971326111747,0.060533451856834994,0.9075749453397559,0.9366973212688599,6.106591222368387,137.91024658437507,0.006089938103726732,0.03569848083516562,0.04939169123305101,0.01036521058374828,0.017230232990536037,0.004028847659440614,27.5477216868357,27.711238497280867,185.83422377339718,2456.052781164265,0.14868618238137268,0.5070118660854346,0.6875851732054763,0.20571397035118621,0.3371658106118345,0.09791055363651477
0.45428446556477453,16.078845951949916,20.286964668974655,101.30110566190858,819.309076335895,0.08417537442670142,0.05967217955748856,0.03607787602738267,0.027949717112346815,0.17403196551110514,0.05132369264342568,0.5976335315475472,0.9757669188636089,3.8644352620049434,61.19984459023867,0.00510816401092399,0.011192644645983291,0.014001033413233051,0.00952755073050519,0.007869110254786921,0.002636839828608615,19.95649871021217,27.10989115363573,124.54996681413068,1223.3160341643902,0.12534785552397784,0.1821838218729003,0.1676933604811423,0.11582698053362353,0.24406281396883592,0.07009369125438579
-0.0008891071305417997,11.247505838770103,18.762724203200342,74.14905866295467,349.49541525016576,0.09008691297965894,0.08852640836376804,0.05273614322599649,0.04022620185162002,0.18740235075742454,0.05649660516893041,0.6989934892021104,2.2659439959969707,4.547069261861547,47.84842346886426,0.011934152169288788,0.045089500646660396,0.05004806688210557,0.02184099828246281,0.043467815101277126,0.005590117865769236,11.184674688296862,22.830007372786714,75.30250082769703,285.0776470902505,0.11532271541180938,0.1735887885714269,0.07460611933632752,0.0727269246699322,0.30185597532392655,0.06028454834220488
0.7307394555060178,18.040723513524764,19.620256944904604,118.31253930393147,1042.721637655438,0.10249122541502258,0.13096607574997096,0.14386835094950043,0.09094765630081324,0.18707735372421194,0.059796436548027306,0.4303767394993831,0.9313933231039973,3.057177448683284,45.28330144303572,0.004886717946152028,0.02037011869000895,0.026420071616054582,0.010893424699331702,0.012103935487268578,0.0024369050925932647,21.253729910209255,26.40191679318494,143.95146779796576,1499.025580276858,0.14357672444218644,0.31456825491927914,0.37813234307052285,0.16966348968012618,0.30720936484515016,0.08779529528905032
0.47239417905406916,15.678977164466776,18.23021139945818,104.91546362342649,747.1110559325895,0.09103762519925085,0.11484582038092843,0.1111183897955373,0.057721888941531484,0.18673425964640825,0.05686379814053943,0.3591184029644448,0.8127813325133306,2.4978130115391872,29.759954319631557,0.004102992529081355,0.02875767403508354,0.04135636979816899,0.011502668710095173,0.018108913597134048,0.002638934323222402,17.943805772663374,22.894745924302224,121.23167634850277,993.8923646847398,0.12326890251979807,0.37928350487323687,0.4383668059080216,0.15780124725072037,0.3444796704834563,0.0851579561586282
0.6401387841182028,19.914541284098735,13.486463316882482,128.7584243652641,1153.2244937339574,0.09543817062801484,0.09753651133934217,0.1191150856635734,0.08735790678143746,0.1777480147649193,0.05392159808258184,0.34309991197299716,0.7540406293335411,2.591679299321363,45.899100520114416,0.0037735089625673627,0.009561527270784395,0.017038684224624075,0.012760684126636127,0.01297352642601189,0.0020133490529828132,21.986799602941552,18.494742477791547,139.8588703777729,1490.4851220076412,0.11966367634182672,0.15548246463146753,0.24535084304861277,0.15692192146459433,0.24942673156704326,0.06576496726557142
0.5668556442461381,9.267610437612287,23.135522978711734,58.893941712867196,226.012025090436,0.10195045365546397,0.12120997055867629,0.10328643426679153,0.04622282540886196,0.1904166215950858,0.07149666075647346,0.15106564106331,1.6413053437235599,1.1630037266328659,6.223358705595011,0.009419761638311144,0.019162653595289316,0.02813404677520844,0.009737785392736476,0.0039170395741028215,0.003796285847687617,10.991101840208424,37.529439880324745,79.22992001614557,395.97458552310906,0.18248512697731262,0.3853606739268318,0.3929998367456727,0.1372890288981501,0.288835582786669,0.1162822327599574
0.037605111534203706,11.425730559784462,17.30121004087534,74.45634430700134,421.5835305300267,0.0897851727588513,0.13016430911691385,0.13132313830311124,0.026806874224802605,0.17803379391356858,0.07347332710747997,0.09869334600666618,1.0795693193549476,1.5024473136619712,14.39467349310782,0.006924630210372579,0.054973298181645674,0.09003075193654256,0.01608241904289978,0.01240207015335609,0.00854237556041109,11.97325856789942,24.030189216896968,83.69967511178871,442.0825012314473,0.12838466315391944,0.3694141027960368,0.5654889309894049,0.0934666032237359,0.23270898327932135,0.11591832508739441
-0.01488304225056375,11.942166300174136,11.849046220470285,78.43042768922777,463.5112824754133,0.08098485934159554,0.02710078885732041,0.0008765169758916669,-0.001222791947156715,0.17720586390760548,0.056284418668911554,0.25087279397840845,0.39075698373131107,1.5599512442523076,14.68745497427248,0.0045975962028861,0.004320796788658394,-0.0036708936299376105,0.000880183991231711,0.012795316924336313,0.00196056405498968,13.765174117569563,13.802126967681824,90.56424669571747,554.4962901421181,0.11141671426058616,0.06763749268046901,-0.011693153259467681,0.004041944179157694,0.26392275593630715,0.07017794151510051
0.2622083951691878,15.330785827803634,22.58657530855594,97.44279544911456,649.7405758333742,0.07270251987694681,0.05763520420920264,0.020245331401081215,0.02444147926476093,0.19208737235739987,0.05511983926542896,0.28506111716343907,0.9114034825067157,2.130128142662273,19.017281025990183,0.003928257189287011,0.01626794845929702,0.009587328630105547,0.00540278340223126,0.02227617782996793,0.0012520663854670992,17.893868974355392,30.282240344697357,118.05610564402615,887.9093319280654,0.10359846559662404,0.1953185384306284,0.19152341294588232,0.0850845949043665,0.33852635342739285,0.07556095088004447
-0.028114729905169722,12.017602723644313,17.655499299950584,73.18487069363684,452.2874043459611,0.0906454639410547,0.062486076300642325,0.017307922598215217,0.016911704047159803,0.17875535532562015,0.06141434801592947,0.19650762589102025,1.3445752196337275,1.8309573015909906,16.087800749662293,0.008659962089906565,0.01394560186538075,0.021298474548188687,0.009082567755252152,0.013112902488933393,0.002796269131562265,11.937222079590283,24.034538723954412,83.5275057262053,519.2717939673519,0.1297734869830168,0.14536817211141573,0.14029550921550402,0.06222257866435147,0.2522986354002902,0.07280813333511522
0.04515669018839924,9.881303685716308,18.811542507420604,60.52119021353987,296.67440281602535,0.11133317986382033,0.08364520111051693,0.024192243174864,0.008433196269855656,0.2067513199654041,0.07105858023814009,0.2831093227080117,0.8879161819114514,2.1361083464363118,18.148081497655213,0.013642076154915118,0.011029075216597862,0.010314456439863774,0.007760361391983683,0.02903551193324283,0.004578425432482677,9.397603148428455,20.384478095993362,55.4706873991005,246.2798746583129,0.16645694933220065,0.12875338750645804,0.07617607493486989,0.040371271323167285,0.31524295175347206,0.08891471791638386
0.29463062113176497,9.450722118953031,16.24009844976939,57.046155771645644,241.43242713296502,0.12057658903127082,0.163795870423169,0.14579566269264238,0.029737209245502993,0.229602306445249,0.08314013724349827,0.2738575973270095,1.9296867223343497,2.1730510516121906,20.208409830353308,0.011988097926676338,0.06217434067690338,0.08430727640662156,0.016165303803854388,0.02283565208759717,0.01077747977395702,10.670676229828027,26.649856315619292,77.94617346654994,323.25121993082655,0.18254177670366453,0.5389803316546455,0.547697937905862,0.1318749139376026,0.33750437372708564,0.13789590410689226
0.5673370788908478,12.36267144454975,20.892443911505556,77.67163504511713,401.6402619766397,0.10926907977921574,0.11908465837088422,0.10899553761715575,0.05292991647982224,0.18919856925391762,0.06583728942163798,0.2907677528464683,1.1450020010654691,1.981040972257499,20.625822864186475,0.005946553720302188,0.020806882471566333,0.042093614650606764,0.010145703244412736,0.022331246109000145,0.0029503329294950603,14.369005850806237,31.090038709530255,98.818371216641,773.3971652149521,0.16277024403588347,0.31763529103638943,0.40802755679974045,0.13742279456487594,0.38447780302890633,0.09434359503875825
-0.02609768674657159,13.240785555052655,14.758655078661786,81.87298496030567,468.2017994130426,0.09105370964099924,0.09193729212626256,0.035159137165303535,0.01908109393926036,0.16564495406995433,0.06522732687792522,0.34211719137772034,0.5011580746578501,2.207620353726435,22.6825635985062,0.007253653303281169,0.029116512283704068,0.017070029184970033,0.008316304788536575,0.021047446807876583,0.005424023078046611,14.651746221742473,19.511130561692152,91.30503603802498,527.6939587256214,0.13259834314013894,0.2850751603193336,0.14480997213043592,0.08442447006448131,0.3242408830824452,0.09657356725669987
0.06615180737005871,13.875267264236017,20.801659293252076,87.66421463029087,552.8045765092544,0.0969018272137022,0.0905668508631153,0.10002000009111107,0.043459807648053995,0.20508896250105946,0.06450922962290498,0.18472437060723354,1.7151563316527296,1.3843229610284133,19.233477087109843,0.006565571107221419,0.03384707784625178,0.050606299935999445,0.012758882316604022,0.022910546492572192,0.005269645913849787,14.412650723826882,30.366862046445476,96.79052715637114,719.6424313741597,0.1340832496955692,0.28253665486046414,0.3691829679440134,0.10770570624658626,0.33438776608327175,0.09489735656626534
1.0368587996913508,23.50036740994189,23.97918921546362,159.31238152863335,1634.054639661075,0.11831159121576074,0.24854538786204577,0.3840726115878688,0.18884529121460417,0.2294310096727905,0.06547550454629154,0.8816063672425547,2.206620503525537,7.538666310553882,124.16449605804215,0.013546606803871363,0.06444763535055023,0.10050712504119043,0.03329935998715937,0.028997829687300435,0.0063919886417014155,22.60181591001004,27.91395331980864,158.04660357303584,1651.0960538637103,0.14020583619180538,0.3228583978255405,0.6340904947140596,0.21099147890752126,0.21834964448167601,0.0704663826214481
0.39539543098964847,13.60881971487883,16.002566540847056,86.58536211596123,546.6532623689053,0.09680766141326905,0.08193230156085497,0.05672685931015265,0.04423559490743667,0.17093273673422538,0.059269472794925844,0.3895663878209908,0.9107621607990659,2.7587063850356257,39.452123689136144,0.008013945089792186,0.01800903111111406,0.02681530955230054,0.015272654162924962,0.013773472676397298,0.0038227148799351153,13.77544813908247,21.527724809376952,97.19912057950326,709.5788573751572,0.137235940067878,0.18077423369234202,0.15330593921616154,0.1165523995055073,0.2279189496826069,0.07798944477326956
0.01619755052213201,12.034391783260457,17.310467931881064,78.05199561259872,461.91911900415084,0.09011641946073141,0.08881321309180776,0.04581542984032371,0.029119864600357398,0.19311825341231967,0.0623447886406605,0.32776917146168744,1.2438046061188146,2.773977028642687,21.849208330818136,0.008074832969841919,0.02643304817349397,0.03382888201543719,0.011679310231062076,0.021189763514570265,0.00307565323627473,12.865884369763885,22.5495234148034,85.97249474335331,564.3916048118026,0.11734915517215116,0.19993654263177768,0.1790385345689744,0.07111858516381961,0.2892901567239842,0.0705516649202417
0.3129289552186849,16.90562649935965,15.446587221155283,108.74640259907275,858.8126641208306,0.09793690353715195,0.09551174653232879,0.0809710915320658,0.06162565792454862,0.16865749384655404,0.055429124287535866,0.36966269382418815,0.5969865033804443,2.4863270947818097,39.75822708530007,0.005393609707079797,0.017459155880945668,0.02472303250360147,0.011560597884316704,0.02096833871027998,0.0030107731633258815,18.71045007379864,17.827757909174053,120.39209214313006,1039.2098520388276,0.11991071203209926,0.1773694653492902,0.2140508739937518,0.12478035633422493,0.28842602208543394,0.06868844416499441
0.5748178625776522,15.19551325986048,19.131417794431968,97.24623523440593,697.0232084054497,0.10978378106224018,0.11316519361317981,0.13731363766052238,0.06847914694089907,0.1811754629357026,0.06537976776011566,0.2492262436060098,0.5377788247670009,1.569158858582592,16.73997653139964,0.0038726341131116076,0.007980357870849893,0.027446461151118935,0.009954041208142767,0.018821899961085534,0.002342205729164345,17.75809370492441,23.087610488532697,112.55763444634945,942.5281845936894,0.15359424239777536,0.31875103995379506,0.47443948220050947,0.18159005309969173,0.3604770717174523,0.09283758832819819
0.06030280077364175,12.060898231117704,15.461574519127893,76.6522294767521,405.29056859716286,0.10208771088478737,0.09989266059659122,0.03607800750605312,0.03457348485849092,0.17209301892908704,0.06377698568716068,0.23991168097695437,0.9321751160259861,1.184046592785931,12.43059604134066,0.007099317919366742,0.023243193237003537,0.022043747598808464,0.007317601954898839,0.011276589460985895,0.0020752642653439936,13.692918270963599,22.610252723122745,92.85634292657662,518.0234989162406,0.16139516556113193,0.3244146341980794,0.24360203582901493,0.10418411709457695,0.29925605511096637,0.0855968990504315
-3.05900560535477e-05,13.419744184101885,14.484494656441,86.2849856697569,531.6017600096819,0.07858677637475613,0.03573091023171929,0.013366045970552826,0.011843049560342211,0.15548591943889428,0.05430416547850621,0.21667421412173019,0.478009853862842,1.6141053293377379,19.760006175801525,0.005110615162725351,0.00949516247551849,0.010187533368864743,0.002097149691334073,0.014766553811680627,0.0017386753256223267,14.552753088613565,18.276598917719966,95.79343217352276,645.39180214289,0.1104037134159468,0.11502506795820655,0.07668099785473861,0.0290743635430257,0.2502839783800876,0.06830882958760857
-0.0031830084062650643,13.503311995003559,23.982967560262477,83.62608848299024,576.0020281398733,0.070738431960681,0.05673803468920299,0.009153600847834537,0.009996430181820226,0.14991542756101217,0.05728535252381801,0.1763862846300068,0.840623405354954,1.0106196076829177,14.64523436313154,0.0038716921738937583,0.009948453902167621,0.009775615881649123,0.00274785558750114,0.012836605316435774,0.0017609275463925612,14.23680195043997,30.064521480307796,90.15399511430302,621.8592033353161,0.10135448366521652,0.16151420177778347,0.10330213797082269,0.05804940780198806,0.2647568967815197,0.07261997752393574
0.03254721885269968,10.994245114424062,26.403989430426968,69.31783991592393,409.5073935934405,0.0815017876093164,0.07159258551618855,0.015882990854883067,0.012423691599507014,0.1501411229891233,0.058658266096159255,0.325079692274779,2.5625787086274734,2.161560768957419,16.946978650694344,0.007330462142514096,0.011636450285288319,0.0014829391594859583,0.002209746980106137,0.023421991638746833,0.0017139219792714159,11.634660179461118,33.8988114352104,71.58801849621327,410.2396097271595,0.1053909964031162,0.14834138454220328,0.010683201268460618,0.010322284862919626,0.21917814505079236,0.06499494340401032
0.7841028977724313,13.588802547891511,19.726410397488266,88.71010858771858,599.0841341715761,0.09088025559434955,0.20291931225146734,0.24374305999482773,0.0800985022238646,0.20045267838560216,0.07407205797860282,0.5299202998447938,1.9391478388503538,5.129653471200671,51.85199436226478,0.007259559735188467,0.08376990054229701,0.13019487616110564,0.030138894097571308,0.021538874870781006,0.011797904497442061,14.960391178083581,26.476423934235523,112.1947666730498,679.7842173187062,0.10814436400763089,0.5144115077317941,0.6361093774247548,0.1838245142562372,0.2689801352380707,0.11315437116934425
-0.027060382837294283,12.166748878735453,21.867290371923026,74.42829058445447,466.96672017983667,0.09770910628753499,0.06432401018628489,0.04402914601477645,0.021596327122635837,0.17340793653668035,0.06393788480863892,0.20932348413270027,1.177524140549207,1.2093738595817407,16.08757291986174,0.008889394560568593,0.01221981885362719,0.02347158581283484,0.008567153557185883,0.01860309456625659,0.002546471194792526,12.69988720574579,27.396679595813445,82.3562409751774,514.207491872082,0.14570014445844226,0.13979846764309478,0.193031792116143,0.06185931487602134,0.27721290167654283,0.08056647634432895
0.7090332422074508,21.502233799460534,16.3118276686075,138.37905382768838,1400.239524035289,0.09445753793933935,0.1227111666357253,0.15315623797032346,0.10907936340801637,0.18987756868617336,0.056205855127991276,0.5338357366815821,0.6637174739116122,2.933728057662624,62.472787364373474,0.0038580007062308467,0.022792667710473676,0.016050586074386843,0.012781559388220495,0.011235018719530731,0.003351287456727338,25.034787167647657,20.216837809986266,165.0040972063591,1794.521104516703,0.12679310199626423,0.29412861261166345,0.3133355175182414,0.19705322711658058,0.2802189405568245,0.07613433520921938
-0.022793430872006193,12.731562070412696,16.393250308517153,82.65410846774496,476.698006817535,0.08132578161390698,0.05844654005065701,0.0307897357275439,0.022834044212337666,0.14189853691373866,0.05637028385648943,0.24200753583398796,1.130815667621326,1.2467485987780096,20.531038457351517,0.005113226253628009,0.017207870756209182,0.018562676423590083,0.00595731429068034,0.012482666529267104,0.0023370042413795563,13.952540048623725,24.144764828303416,91.49620294712322,604.2457924449351,0.12464922385142561,0.20151390880657982,0.18741939424545292,0.08738666003520769,0.24624102020743374,0.07560922979464452
0.027910632001603375,10.017882579028706,14.708824608194899,68.40980506260621,299.0623687487587,0.08442486153492806,0.10738854117722127,0.08484696130192801,0.03284926663661215,0.16019625935174903,0.07112266637620478,0.27674409800925903,0.9955420198941843,2.333319475064884,15.398053238283953,0.011390740696651656,0.05681447794991358,0.07819096572627092,0.017370537589514904,0.02490584994736722,0.008478107787101041,11.316133086732481,15.543965575934012,79.71274555962985,490.4362581209162,0.11197378249933923,0.2359895958311754,0.27373659134578066,0.057199039210886864,0.20356151693963492,0.08762169143137034
0.38360526706925485,12.779078629068994,28.55587008745571,76.48931104097205,421.8561665584935,0.08668590519453905,0.07160703251449416,0.04068562394677588,0.007908081233319951,0.15836498625081818,0.06211052978817025,0.20073027858245251,1.004182135328772,1.2636453809796848,7.829749138332886,0.002993588734923708,0.012480465809682683,0.024522901532125073,0.0076194783285372355,0.014756889538119579,0.0024978277300595733,14.53162459404535,37.428396370626174,91.68211426854525,627.61115588404,0.13548969433835295,0.2867997812946041,0.38325025877465646,0.11645623202534931,0.3074053973191841,0.09601263669238036
-0.03319066411760935,11.962746444649726,19.600054283084486,75.52633114079026,477.477740273467,0.10574861528971087,0.12469856557979457,0.057734972015868885,0.04524428085230563,0.17327893829481517,0.06718328175544487,0.258506006195681,1.779802257695642,1.884654232927546,13.82107303726843,0.006268578254590444,0.029705047612292326,0.028749411475481646,0.015647146498556263,0.016447597232404056,0.003587029249713585,12.363322004391078,26.45989722065372,80.53191649209434,437.21525085614394,0.11965221511519622,0.24959740268990482,0.13276529917102534,0.1092712733301357,0.20714574893973953,0.0792242420562976
0.061757265697994224,11.330402833941623,15.17157185060212,70.41126918397217,397.9892464294016,0.09711447482633036,0.05643908529254761,0.017749695800525503,0.00820656548396962,0.19608128204122346,0.06470063401782597,0.29504647995523847,0.7840061318136234,2.3566961348336593,22.183715830582027,0.009262041777119,0.013641413779798594,0.011001051777669874,0.005920759270713503,0.02769376352279681,0.003274655639019933,12.109600997204367,17.78150231666646,75.57761658319995,471.15729681114516,0.12751324043875387,0.12408930938437743,0.07036742629429343,0.03494968598002873,0.29451015287005483,0.07740026094823747
-0.013938532023024142,13.720718823886656,13.854338147394358,86.17447275745893,565.8332746418258,0.09871013590857479,0.0801572648159673,0.02736975637788336,0.02870828967625222,0.1391250755375596,0.06368490128236384,0.23353689145624373,1.148392741457386,1.6987943742497624,21.29342762608803,0.005661566658026748,0.009341763743039553,0.00977408021688498,0.008423776487259962,0.017594317035869948,0.0022222045695927547,14.546448017720081,18.960930058264463,93.39654604295845,635.9317402550482,0.11881653088116505,0.12285501925503464,0.07120845046182922,0.07687672419134686,0.21565378790699485,0.0759213400933018
0.16473633249328587,11.94127628801761,20.14717959365923,75.87360092672972,384.68507656150354,0.11329671849699748,0.13846440848041908,0.11300319497147909,0.03931270353345704,0.23610421134061516,0.07091770008875083,0.254957076731931,1.3369775194520683,1.560011480981571,17.127095411562724,0.008944341808967027,0.0364569110270809,0.04207333423053497,0.008169897648811528,0.023271590824184556,0.005137142891476361,13.89337649542563,30.933495591241826,94.54558250998531,648.6882792207637,0.176358690564218,0.4915172631244968,0.47756526172422487,0.11020691882864093,0.43534741180611647,0.11346419051673619
0.14136783026721333,13.025126031016043,25.41510345502217,76.98606023018064,519.8689369467802,0.09205125762606402,0.08167369996985448,0.05189698791618594,0.03424271906209365,0.1766101498520005,0.05823846711615417,0.21238343153211964,1.6026992649237242,1.7257991580269114,19.350457595969814,0.005630125353079514,0.021023570471747865,0.019991443223083452,0.010123416786767644,0.013011130902044026,0.0015476252879784258,13.857366590453362,34.857911985184025,95.30583789718963,690.0449818798243,0.1321451342638305,0.2478048486450481,0.18946944121437015,0.08591892308996826,0.24832316138380672,0.07753222266504926
0.5975466842828727,14.520266881942687,20.367379618137473,95.26294702883095,616.9904145933552,0.11612970573144854,0.14204004056105804,0.14040280693615653,0.06842144843838016,0.19151374024730175,0.06803286702525108,0.2593678606501937,1.0486326001498982,2.100192955899428,24.87844922057413,0.006884308063506626,0.02420474901171907,0.03803392882153986,0.009798968398677341,0.021820430057004004,0.002933732753661199,16.757092604763844,28.288851258904675,116.62357809253098,996.7695905384428,0.1716941350774103,0.3975261434177877,0.5016513591277902,0.1635635896135188,0.3810527012167578,0.09875219639241899
1.1176203129016868,22.94857352600688,18.94986658779561,149.19801421031028,1609.937038749052,0.0934310891558936,0.1595789664212991,0.1580745190310106,0.1043210962082815,0.16229114808749998,0.06074407615181046,1.1209818628033372,0.8863388353532495,7.7405261707990425,165.52377212464992,0.005213964236875647,0.03325727879649243,0.031037916505315982,0.013465697922952154,0.016003404482984904,0.0039947197985391,30.553448756910402,25.45094004289937,209.28252115676167,2744.9771841762936,0.14153555121832787,0.4023784448365254,0.4406177236169651,0.21008980572088695,0.28869080129576374,0.09207389368652383
0.6005385474409823,15.683716607198187,17.48136386860409,104.22657545789616,740.1839181745545,0.09823575191896565,0.1288809683759689,0.10359380218083378,0.06641383292260251,0.186286225862197,0.06030081542803002,0.42832213185602824,0.7594453967477809,2.87604280391883,35.0082632346424,0.004545589451879801,0.03173565661044363,0.034642913888507675,0.01150008245058593,0.02229642426017094,0.0025345886911948873,17.787514447848192,22.218891666086712,121.10803559284582,1032.343968928686,0.1313083866927701,0.3738621055586022,0.37452367238604684,0.1511821097756904,0.3523466005728956,0.08481569895016527
0.7923280750256377,17.987768643530924,21.070061281693015,112.38098024944132,1010.5483521030658,0.09183763725355602,0.10237835154644997,0.08600783700527462,0.05675083227484575,0.1732567517111575,0.05581807636561498,0.5292594796138216,0.7130022290733237,3.9192223389386434,56.632771292222124,0.005376968894329784,0.018297214162811968,0.01732950924979123,0.012252016360421574,0.011388583085251265,0.0022668839314758478,21.323211741794275,25.815981150110126,141.74599098538863,1402.7127600169863,0.13896992435629874,0.2925660174715533,0.3324071397803014,0.16547923077789567,0.28874425897585276,0.08184863015115568
-0.09436655114232212,9.781625737463148,13.41345282638861,60.59863628469017,280.20702342865667,0.06967726820883159,0.040476029395837804,0.019978010916143582,0.010485225818238048,0.14677254902072567,0.058040290603918084,0.2561664818779884,0.9108948957267002,1.2408579275374871,18.222925029098498,0.0070443802630606855,0.01229842378113379,0.012190367401116266,0.0016145899894164963,0.015607909814853473,0.002992628982099998,10.498212888210041,20.317484526364176,71.2193206872821,367.6511689432556,0.12183627788254163,0.1303431738130194,0.03879610509447973,0.024841218457119535,0.26921022543522116,0.08002909693228705
-0.08907270410263018,9.768802053198273,16.32186966717741,62.959533385638416,340.49677214842467,0.07882954414731125,0.0805214201096682,0.07864528985188549,0.023533080304863167,0.16715000496499358,0.06916109400046992,0.15000660944727595,1.959703448908529,1.878352028402223,10.282956984442293,0.008961632076557093,0.04252856496630674,0.07189895381531929,0.015214349592088958,0.02952066837300238,0.006821208962828262,10.270939379961945,23.556911175323243,72.48858177797638,395.55975989243774,0.11218338900609984,0.19997265117903218,0.2583902916442057,0.07906122741332763,0.2727573259308323,0.08720794054304787
0.20712993218865025,15.81524000959847,19.26025710792947,99.36545478986591,771.8618680381414,0.08103193733749882,0.06848573539480429,0.03324820669058423,0.038210127421238915,0.17761726486393142,0.052710440455482316,0.35468397940710233,0.7378599717078955,2.1548873998797227,31.193889129034932,0.005343571057759348,0.0141539698426152,0.01251775524264449,0.007456062611931585,0.013344526049161577,0.001257737099031968,17.270877885319713,24.946540903278407,118.1924677737288,1037.6394605573078,0.11884798802242125,0.20767252390093582,0.22346302982276545,0.1012654037544793,0.2826696959463903,0.0709607905885905
0.7292456167445516,12.90277783902949,26.34384075911707,87.77078474377748,482.09289615303453,0.09272729247851544,0.12874249119803732,0.08092329294837981,0.0523430606511443,0.18033562210086246,0.06755731519083964,0.42501759829511127,1.895260378179129,2.7574167369097333,23.79849991692139,0.0071368449709238065,0.03401235954954318,0.03379729131563275,0.014949279775821235,0.018823021556749836,0.004048573222535319,16.288025554228057,41.5391273400613,112.97996573122123,806.9853025321553,0.14899097767132943,0.4237185821018515,0.3892860759606663,0.15529650964413372,0.3387321389571281,0.10567327982948956
0.7288775695134657,17.166072386563776,21.810820305702254,113.45772048435171,870.0757695285099,0.11336440143211794,0.18869016928195945,0.16230690995499503,0.0924437866083396,0.22049074584327255,0.07043668053668753,0.8010216871755662,0.7727232679202812,5.731654028454994,99.25081710062506,0.004922576973254652,0.03813664752693618,0.03763340352720972,0.016013413448621262,0.03403806784997374,0.0050663692580149335,21.295397976190436,24.131879916431792,140.05899419346503,1364.4203730074046,0.1424795600693005,0.4203126241452675,0.4457104475276952,0.18729665246364696,0.39589586372462504,0.10344833351786914
0.04354418145305111,11.40561440774426,16.443131160324597,71.26265001457482,379.85015340030213,0.09100379481970328,0.06330416971270095,0.018901497649518068,0.01287083607028229,0.16562932096544153,0.06370033584741856,0.32391821501596507,1.7277284888759006,1.9820643006423513,18.261728193231104,0.006467555002479982,0.014890107909034438,0.01942921498222621,0.009782814711587273,0.017650972663165943,0.003484675827041211,11.653432397159184,22.871928496522536,78.12419325825972,459.47518781545733,0.10605448791843003,0.09623468791307577,0.036005263925810715,0.04416392280946632,0.22388075248917613,0.07174566042079528
0.022588033978212463,11.84436096139125,18.691318179383188,74.83812951211044,431.1222898580472,0.09567169483617032,0.06529436262141139,0.033827930235684485,0.024578458802472693,0.1484963364948872,0.06305095424305178,0.2086720557612637,1.0345074245211847,1.0732453053814124,21.98510159704575,0.010319709866002651,0.008215074907215257,0.015834673878003552,0.009009947294825797,0.01716686017299788,0.0031865779126149098,12.5875793263406,23.59710651989043,77.69501137596349,520.6908301511944,0.14691676577170587,0.11576320427220885,0.14285153455574465,0.07516087093898427,0.24512908167318703,0.08083094422406392
-0.10772320165680033,11.78655454382701,13.075560775593004,73.48772773302142,329.7515699299565,0.08105612455772901,0.04758550779956097,-0.012478638367565048,0.009466182079096178,0.202412094496898,0.05429363721366589,0.41744991505359036,1.3790766140000776,2.948629937169954,23.61596787177497,0.010501005261169857,0.022355586422911335,0.017934807024523134,0.008863992247662638,0.033146771180673204,0.003584570481525293,12.595272719305171,14.042001031729148,75.36220471110863,498.6923676689832,0.0904065503576962,0.043933744388612,-0.0558728343363194,-0.01517699556294877,0.2519235852224846,0.053032625768538635
-0.0015145276253423767,11.25864891043452,16.58746040238961,69.27845244232395,391.933207743016,0.10040060195121289,0.061494580349312336,0.018332268050152298,0.01710546901663071,0.16477357533766163,0.06429561210567317,0.19350231732083298,0.872446044609003,1.0360679806760071,10.948179627163356,0.006540016326867811,0.0077108512104244985,0.013975651446731113,0.007477489400200597,0.017152121288955224,0.0025292111064732408,11.949165593083466,24.452807894248327,74.9121532568191,431.17908842841945,0.1466516809938003,0.1135236529426118,0.14908798863924294,0.06777523635227906,0.29364306633983844,0.08170767735758633
-0.11250934558274023,12.020406091273482,20.443105138614484,74.52618985537993,460.0042649818206,0.06739327236301587,0.024698756884589654,-0.001294332221576655,-0.002527111162019355,0.1630131299059802,0.05579335488628334,0.2045923738081766,0.9332875940541472,1.2197397654728428,14.89915211781155,0.004478907948033577,0.00437119226618287,-0.006864285812421295,-0.0006969772732537682,0.0227445946680573,0.0015427924663866102,12.404506019941584,24.078408121013098,81.43235755088824,440.81160962058635,0.08168897819057498,0.05706201720637377,-0.003859200718507594,-0.0026685789841337376,0.2565403334546577,0.0650323805041017
0.05190650320781748,11.453076673952372,17.863066586898675,72.82577214294953,383.2282321622852,0.0967343639456615,0.10470089199175579,0.1001914604513358,0.03666716557251586,0.1752890363476044,0.07277655208164176,0.2068561751773481,1.6528343202952238,1.488805339604536,15.652766955305143,0.009636269668404564,0.042551302493113285,0.06719795111882898,0.017790274044194317,0.01884661605589181,0.008481224663663599,12.13244484731207,25.497428955315037,75.57735787791512,452.8499875706052,0.1372567456441969,0.24014933446384842,0.2973582592989482,0.10673748191157606,0.24443689466547375,0.10388728866038677
0.059518845738204096,10.744472973202582,18.7803990388002,71.40609938494907,371.02107267919996,0.11129485286867738,0.07314574387295289,0.017542719155746497,0.018752873386742648,0.18069432353560247,0.06493196147668702,0.22623948578203576,1.1749230857377364,1.3696596200762594,9.32097304885066,0.008544140147926853,0.018106460021601024,0.01646396357785606,0.009662916090453761,0.01886267764759599,0.0029172230971436556,12.702421386485753,26.54103588331596,84.26271151586923,494.7038145441563,0.16385299615071258,0.1582709093096678,0.13181449541206464,0.08132227516348906,0.3104775610152779,0.07762029298276638
0.27648942877929394,15.182530004863803,18.144839962143173,99.61192962209104,725.92743416089,0.10576639534447209,0.22589651757086548,0.2116411985989722,0.0874221434383087,0.25089840460906965,0.07702291123986858,0.7899325819815457,1.8517459711289241,6.809069934275813,83.09265756601134,0.011081416092672262,0.09487026343509847,0.11744416841105884,0.032407840952504124,0.036375671849635194,0.012414860939336046,14.982406270755057,19.20839573881212,109.34000363527643,659.3551917782406,0.11069030986234801,0.4100934851309652,0.3214028575521283,0.12785302828321748,0.2928963750210225,0.09054479011536935
0.07292488674777153,9.925960024336984,13.649991941584862,64.8870960874898,295.8297488591063,0.10427269418925175,0.08357971083639179,0.020894758119844342,0.012307372061836262,0.19307168284383772,0.06926253387375435,0.3995117076499773,1.018637963143289,2.7260090088845086,21.68035760939116,0.010142895828335392,0.012483371422948884,0.016474917482183545,0.006869866875547041,0.028716905452817493,0.004205409370629377,10.415740860758202,15.11488741133536,65.3644126815359,301.649845994752,0.12892042896259198,0.09574352858629526,0.06170658125916695,0.03491342972318698,0.27781612187755805,0.08182777334383112
-0.04805835779745399,10.88236704507322,18.659770701002667,68.13443306932155,357.47178602895167,0.08985350690148448,0.04754503949514352,0.019040519299993217,0.014350673032230178,0.18001346265655793,0.06315623406099698,0.2454618548526922,0.870410380674183,1.5480200692346073,12.287824622273487,0.007155992701475659,0.011140458108943674,0.005146501964733478,0.004795837891812173,0.01957924266579359,0.0021784972314252654,12.452831605123198,22.329383929973638,76.47288149924765,419.7372110610368,0.1295740747257946,0.1264680927041331,0.06598876901324402,0.038553103710838074,0.27698604684096384,0.07562338810088097
1.2374112864833404,22.885928787323273,20.270929592564187,153.13869448092524,1649.7547455165927,0.1339539300175513,0.31964180425584754,0.4149965701838562,0.22259983298986558,0.2639742186303059,0.07343988927187033,1.491714846190485,1.3803836020282207,10.80844606606655,222.0566744078678,0.007581856591318877,0.06730441414476274,0.06406157521874603,0.019223061460874883,0.02443831879462522,0.005797671755399132,29.49798628686942,26.37730401151738,210.23723736208456,2787.7749989208874,0.1696556490626286,0.6864277362186801,0.7531635194795097,0.30607180723570215,0.37616465983780406,0.10785144546856884
-0.02219442317849535,11.530403626600672,16.24176052252205,75.3972990442761,433.3209508752617,0.0823403245371443,0.09717692294874222,0.03471815770459636,0.028113066890550577,0.173454777351725,0.06401213244651677,0.19190682545552304,1.0780187370567078,1.4722053118779088,10.530884834112754,0.004988044981706782,0.03342529225947246,0.030996928251087796,0.0068167943576847335,0.012011627061943036,0.0038318427999444083,12.465576708466578,23.34211897874585,86.17949563811322,572.7912077208598,0.11785142114079267,0.3190681899773533,0.23579541758471073,0.07979436080030039,0.2759685462939589,0.09331466390347011
0.730083119043806,16.72235162067956,17.646341915883127,107.9302973872424,868.774588249792,0.11042171622380817,0.18045410135422735,0.1485971079415164,0.10625487599686886,0.258924984584322,0.06322378457571141,0.8182566315317834,1.163257069900197,5.949522938431695,83.64254353514227,0.008522916399332772,0.046604514295812,0.03343633161072928,0.021366861147444502,0.02515214279499863,0.004901976923707694,19.513986057953847,23.480778314058977,137.11782881049558,1248.405469988688,0.14430647805465427,0.3916684675022688,0.24826452107041563,0.18178016338007208,0.3735986987088882,0.08683148001697868
-0.04031487498700281,12.80981626127728,13.090772360041084,78.43708827528147,488.6705115579724,0.08291557063390875,0.051614289133325456,0.023524687008319195,0.02430957602199856,0.16354402763051043,0.05491043232704316,0.2597088560659299,0.6238956788065666,1.501752693059182,16.358949935460274,0.0064997880059786345,0.010849570084664254,0.003960208499283517,0.004943137595707914,0.015358507161511343,0.001913040158889136,12.934559645380832,17.219355978892715,88.44553393193593,513.0816555963876,0.1226249604505185,0.14578769026769894,0.09239096931320015,0.05051526599357736,0.2767112797199987,0.06599202322347875
0.8485109034144166,19.787506768514753,23.94861976165986,128.07193171243523,1305.5942414735164,0.09190898008577811,0.12598375075513174,0.08592897293350826,0.0751234564136697,0.1678158471796903,0.05512109318426432,0.9170731767651441,1.4496772257604706,6.493741033496713,115.36017779909699,0.007220934527299322,0.04277708734234832,0.0315642209233247,0.014937572602763374,0.00913785748699038,0.004444859474879252,24.34277149502733,32.51476516906627,165.84120639660523,2060.1915996247353,0.12223635012974234,0.30067470182795003,0.18347329509890575,0.14331397811819624,0.2234827466506965,0.0772623533709093
1.7776912854177598,21.152956080509014,26.351632220646913,145.6814604947675,1498.8797590141876,0.10127080069918941,0.1851144086693071,0.22082518825265324,0.14158647074984243,0.18963986046878234,0.05673169916231828,0.9017874843167452,1.2357234806066384,6.130801072526808,120.72236268144505,0.008039042682523258,0.045927563130425855,0.03715842307758454,0.014591335115076475,0.01199176551849333,0.0036918062702116393,30.542789715199767,39.67291305011898,210.1829377709617,2778.474935254498,0.17200878486690363,0.5418618399883008,0.5573993695943522,0.2576022597458198,0.36082234228962,0.08512738852815767
0.36172754917346117,14.9351255583744,17.347112812721623,96.80317072237132,682.7090650189696,0.09600647450939176,0.12516440254929234,0.1324346541135602,0.06737801790390709,0.18841147202051434,0.056638768320759564,0.4140377750836155,0.9948786744597025,3.8235636920915006,41.756092201175896,0.007418971547894753,0.04297505036679834,0.07039375270637363,0.021076976847649233,0.030951167111542315,0.003962115117311686,15.139735514206444,18.6508319109316,104.96991003993959,787.3743175783221,0.12152655744219867,0.30240535348293257,0.415927136932949,0.14626571353749926,0.2931054562700473,0.06475314110557814
0.04060003453595995,12.252422575304225,23.70384572683973,72.60701144798365,384.96183725449373,0.07918032451580084,0.02698620256737866,0.009392249243452111,-0.0006042976844223905,0.16523280004851168,0.058299011702147074,0.2725984654845158,1.097889776272516,1.9136621410482089,22.473793635316046,0.005901777237562377,0.003972396320159444,0.0016319818549695025,0.0022632858355695947,0.022609443195451807,0.002038497107479053,12.91619289660116,28.475071618631958,78.98394017945378,480.89571985246096,0.10370202671560032,0.04253188869601329,0.03295037029141154,0.00481472039641348,0.25482716253155757,0.06680837509030188
0.4881080927009164,14.407424588311889,21.711615098519093,95.69510466546144,637.7941510029958,0.10558331263821388,0.18458949677980274,0.2734859408245345,0.08449252988543664,0.23253594493653945,0.07151151749262816,0.4021531470645753,1.0326002323262191,3.6337308035112095,38.88710506277781,0.010332067713797518,0.06586578892131308,0.12973739935841194,0.027032376420890798,0.03449624357972186,0.0084318999508698,15.40252414141778,23.379279850922885,107.9858979693234,675.7263993167976,0.14949843751126485,0.48152707750826507,0.8111621822121343,0.18731568899059092,0.3625628691154386,0.09582372607475703
0.8278188839524749,12.807157637954965,26.00860843391427,80.8875423404688,574.8610052215075,0.09506663872398684,0.08337784488275407,0.04613136821584748,0.052692018377105965,0.1926873016002446,0.061546087915504664,0.5612240595267056,1.5537944437401445,4.006530542643877,32.32675118288633,0.007637077948113258,0.019762921151557825,0.01700057439622228,0.01231611453867382,0.011540861523028977,0.0027322318138426325,17.471803363049013,36.02523807405434,116.8183780793891,1071.7331221390157,0.14777858311400965,0.18668973332276742,0.17999885635123308,0.11919985030506179,0.27824019473487804,0.08073981028019239
0.0036299066717535022,10.205624798209705,18.726386021967205,61.39192814216497,263.37955223534976,0.10824500116509143,0.07701434218502369,0.001408499154875481,0.0096740121230168,0.1773907207956997,0.07019709063351919,0.27560439671942366,1.352908764132404,1.9631037144507717,13.797678665849354,0.009205108391348825,0.013545407737413246,0.009787470003252141,0.00858685838261656,0.027145599585937402,0.004629253911145735,10.343379849303087,23.179639361301497,63.33946326858693,301.91926918488423,0.13069473267134463,0.06974890563816444,-0.018135730059991473,0.022913421486190563,0.26343864100596703,0.0867061182540722
-0.05742560725855711,12.300671815348728,17.631559084315466,74.16957963246183,459.63805062698054,0.08485021987656413,0.07523511529649934,0.07898027072151353,0.041964395260153504,0.19123813901264247,0.06382926221986542,0.2892610425925697,2.7854257721186797,2.8267232304570356,25.037248033522165,0.012233963799700633,0.0380955582055669,0.054218279913116396,0.019531889413673863,0.030097908349302406,0.006331514835715148,11.69476568837057,23.660640740263275,82.95649427338358,495.2700475383108,0.10000952712471112,0.09438410244301321,0.07790404488832336,0.04349553273828241,0.19716909631047214,0.06386036860585807
0.867840253261406,18.498719673339515,23.949171143234675,120.09264980145419,1003.6519130200506,0.09870028207701688,0.14311321218029996,0.12294227880353603,0.08935582860816449,0.2073857715587857,0.06116920345590571,0.9884377143894585,1.3934864520591617,6.9926034023812935,93.43582193163346,0.005552919430998021,0.033743844537318546,0.04018461408523378,0.02535225051313101,0.0289536286386895,0.005641637632763929,20.15236590475959,25.441262136038723,139.30358087289105,1234.7056374626745,0.10516582507753061,0.2770749078201943,0.2347671234647563,0.18432241226777576,0.287429732226943,0.07773332010378564
-0.027803982576335262,12.04699979104157,26.235914720903654,80.15539425045549,436.79436953909146,0.08205774397574989,0.051590815974379166,0.007947288915987269,0.013391877770423374,0.18131457152991715,0.0587869876369342,0.31894862410345404,1.290370935066109,1.4803371437807367,26.356653667362686,0.009305085642977424,0.013286870134733937,0.006053733748406651,0.007491460035023536,0.02617110446850564,0.0031046464007240763,14.396283421741696,33.136618211733875,85.45766511538031,479.20896129481133,0.12871103414352558,0.11888251257440852,0.06198772319036708,0.06534476430915731,0.3187158662725147,0.07675278050844928
0.7594467065339747,19.817543185488496,24.178485011560937,129.75725887345047,1285.1613408690055,0.10531451788825119,0.14696984094862334,0.16040862091096098,0.09963152220767543,0.19597280770751754,0.06377378867193258,0.8405024010420089,0.9342852458353865,5.733028590121507,109.04573933238609,0.005970313949909652,0.024797987972484146,0.031168994570756912,0.01346994256978322,0.017042386211860616,0.004720406235160548,24.87021118971601,29.25484459805544,164.0917557044627,1875.2442770500006,0.14043076468886237,0.3020688816808526,0.36107392177749476,0.1835284719586141,0.29569196708826534,0.08784477924076713
-0.11196365422145022,9.538581593219734,14.560513705768887,61.635955161134575,254.42842870613794,0.07628754730539464,0.07986751991812117,0.0638734043558638,0.025476383468784287,0.13923527022133525,0.06902792931588272,0.179113642587418,0.35408994758340684,1.6312110418755774,10.697376507731448,0.006211345493449277,0.03222859453133944,0.05997648945665594,0.014267049795198793,0.0225013279120294,0.004599766184920495,11.058459926089753,15.703564908712359,69.96639265937381,307.4721220919438,0.10484341877100391,0.2105969149700152,0.32735541415452085,0.09040873458488574,0.2449131391372639,0.08648225966492448
-0.06220566036365316,12.785000132528907,11.535332098284659,83.16674671260255,489.409707295386,0.08126634304266073,0.07409458326233737,0.01527216043026916,0.021921981142059378,0.13591489242040788,0.05994272209305873,0.17844581737833912,0.5231974057449135,1.4814388684970567,16.87778183759901,0.005381906929008327,0.014668603744564326,0.019219976875686103,0.00890257474907307,0.01573043606078612,0.002862054789872367,13.914732408980132,14.802678106115582,86.07526388996747,493.46388473252216,0.10438701030517693,0.14188239675164455,0.11371801549310911,0.07239049051166496,0.21734360861313173,0.07602866122414516
0.014862794763843334,11.116507014484128,13.516427683113882,72.02050419522247,387.5837704857876,0.11151767415938246,0.07426592286279374,0.02748585204389542,0.020192705548977525,0.1669525766682003,0.06496792750849055,0.22356873842547187,0.6059011417717638,1.452608127227169,18.8965312316957,0.007777225691586296,0.00951551962645331,0.013815927181558059,0.009787958857673936,0.018741325628238253,0.0023443828991328974,12.085402857539263,15.968767069509424,76.3989101212298,452.39684150681023,0.14598627764119532,0.16030181564363757,0.1106604042292158,0.07907572593186028,0.24767964007610804,0.07980475914392642
0.14925020399941896,10.329747787927854,16.281186862549852,66.64183713315572,332.2407405219056,0.09891041100492327,0.0982775803357236,0.03938101953481229,0.03020582034100601,0.17242617691413897,0.06573251054281333,0.2738144950913506,0.6889490273356899,1.8719169487388188,12.988432982118823,0.006406896311759446,0.02221975635603998,0.023906938263012146,0.006377900574412656,0.013851720599158495,0.0029243814964565987,12.071442515939026,21.716665830521155,84.6193866587287,456.57595548113807,0.14852487565859285,0.3108725741400191,0.23057390331623417,0.09923718790865979,0.31739235726179715,0.09024549528221629
0.0018898659625278813,11.545186745586946,9.081217103917387,73.96807812033582,426.59246297580626,0.07433509156733248,0.05686056104427223,0.03122262681522788,0.013143744877785246,0.14566648586642314,0.06118859983111768,0.23606428755713318,0.34365484903144317,1.599450846728123,19.348880090895083,0.005118471915854577,0.01488694177802058,0.02429087809420762,0.007409441972247275,0.011590392534916026,0.0033592203688039895,12.724862688920872,10.902449073422261,82.5678150460354,490.09140893334035,0.09731928654009406,0.13394736292613496,0.13795934642140562,0.05876325764136586,0.21750072468517342,0.07988570563741222
0.7208620204165059,17.20542299835201,18.068938426652778,111.63431396759742,896.4895625876222,0.11180751310444846,0.16876151196266953,0.17679653631084613,0.09918328962148695,0.1919501876220995,0.06481998461348092,0.6976108967825168,1.0457475577756208,4.536140851219233,69.30940452415405,0.005278893897118733,0.03383014944502806,0.05278082961021839,0.016927382290286317,0.020181181244861957,0.0042409968751164154,19.703323975991886,22.402344981250916,136.960460626484,1240.7178149091596,0.13224671207905025,0.4030672971613348,0.4435399716517773,0.19060229875227616,0.3032300232376127,0.08787771159752308
-0.0159576246995366,11.594198426534476,17.1025244472073,72.08149400753186,391.28619396117335,0.08912945071912969,0.06150030645050909,0.021363090013586605,0.014055760638697748,0.18490241227153173,0.059046508949767866,0.2756366542111989,0.9485871050842918,1.7093260576940899,15.659226939523428,0.0055023211649710135,0.01828409583364772,0.013632857786029597,0.006696616083938313,0.027893737206299743,0.002426650838534724,12.676124623830919,23.81953544782516,84.11702173656604,462.35342027474053,0.12217297328337583,0.16514913201519255,0.1397732693076961,0.0556804478851718,0.3498844039903625,0.07691671158111289
0.05673268489920963,12.80811740897419,22.099468048632772,80.24637511569455,512.9672561026001,0.09393563595163225,0.06621604640966582,0.02831280905483595,0.03052916566337894,0.15222835913318483,0.055048008578957676,0.3527196970647786,1.5113373401797288,2.069519742655354,25.409928560565227,0.0073334350105594475,0.01663576222713293,0.011074109326732525,0.009664029265298312,0.011315804319045041,0.001447479234526581,14.578315011884953,30.871375150906022,96.37055477480519,761.585256165219,0.1455495543814445,0.20197250482325949,0.14465509252954595,0.09485843311344247,0.21270756469957686,0.0712410977620834
0.14503987357481912,13.748313014010108,20.843454067771702,89.98983740156497,610.1494114311864,0.0865167788845227,0.06081172510844773,0.029139829370321522,0.02185883023513303,0.13175638774931114,0.05898491527661151,0.2286512910960439,1.199082200532397,1.288085674591864,26.04154919162586,0.0049950035236490465,0.008144148950415788,0.011016340341651817,0.007302974923661417,0.015142732316433632,0.0014959975880727695,15.242062957302608,29.206779338110962,95.85035344733524,685.9670838321167,0.11828567552720408,0.12512736992916354,0.11618310768646303,0.08146300123468769,0.22722878430616594,0.0705392544728293
0.21138865721583172,16.26480964012685,20.399660694870203,102.62988742322764,781.1403975552068,0.08992420534958626,0.06096077725778138,0.04023717941933507,0.028315338083990737,0.15814196197928082,0.056696050557284196,0.2763402999379541,0.9570449568961497,1.8875669825020396,29.24782609308006,0.003261379536368089,0.010623725358366252,0.012932808360622366,0.006651885161173142,0.011673963981406623,0.0019399383580870017,18.262584822843106,27.28087410629711,116.8203917028069,1039.1359012392172,0.12367900561463105,0.19637104900328037,0.19447455633429236,0.08918495642984478,0.2593635302534216,0.07736019177201732
0.6741645052672727,15.550783734443597,24.400308171943614,94.87151936945921,699.4730281940623,0.09416099170615404,0.11909133400232993,0.06665052118112322,0.05218962425485854,0.20231960425866735,0.06170111443400795,0.6518401968710598,1.550112465074158,4.419969636567721,66.15174981864817,0.004231772941225695,0.029972394233932966,0.022674307248031808,0.010105173389904567,0.021743566884460126,0.0026981518403263968,19.237106582485726,34.519627379719346,131.97830202880678,1372.0196550590952,0.1301961552295633,0.42452447918030545,0.3340653298564421,0.1309263964718675,0.35643437282464563,0.09450354253107224
1.4770506778811467,26.28627271047302,23.666103453449296,174.8570078274072,1981.616745943494,0.09334181018380902,0.13729356859749853,0.2515585222548019,0.14373832779098078,0.1572467306921423,0.0506587251094231,0.933607865458085,1.5153628758161495,6.302764785990169,139.0182607703583,0.007008708728397886,0.022976864000195982,0.04741693225427697,0.010760161701000222,0.0034002738762972627,0.002747987351896505,33.21896403448608,32.57167511519404,219.59646122965194,3161.6303940548464,0.15184763907350077,0.28814182822273154,0.5580617633432332,0.20865886290003582,0.1839164315388718,0.07074773374531669
0.05834655035768416,12.419049085407774,16.69918959245789,79.56322675181545,506.74086017834964,0.08909457465469593,0.06893027621633266,0.03643486496557082,0.02680206995870651,0.1530683052241176,0.059370842244339306,0.2569186435642232,0.7950594419742291,1.753394666703645,20.443445108841697,0.005377284859128835,0.017539543464169097,0.011412265733737392,0.0069626669335679445,0.016270487654841362,0.001957655043408266,13.759407870465687,21.993216642657472,93.36101582580791,671.9063311397807,0.12264681921685323,0.18737290193847828,0.12498271614757256,0.07774449180152804,0.26472394005833394,0.07195802201910934
0.058808731080579546,9.679925422181256,23.00839244300404,62.61180099761516,242.89028121568646,0.10495539848131774,0.08543232307796408,0.02354743281830797,0.026122660156579474,0.15454377071192352,0.06785257983816216,0.46692428093592536,1.7061327926809007,2.631546491375599,27.32819636085231,0.008549148623869159,0.017006913878610683,0.01708531774895198,0.011454849999349584,0.016398790174172027,0.003083318747702052,10.59790156996625,29.63077709873183,71.0641178868751,343.53300337227904,0.14611708734012874,0.15748162905515634,0.09538175217181269,0.07028559965498221,0.21131879419978483,0.08284610212885003
0.9594564752089727,25.53139904407668,21.39934272662476,163.4598419841968,1916.2134014156668,0.1014817049350579,0.18318540021227306,0.230068781570274,0.1588630184919409,0.19256728658482103,0.0626706498891375,1.7674125888224992,1.4568110203328812,12.576543902488183,273.06901260637164,0.006558974342421848,0.03990557563922097,0.03940579375700469,0.02049253212648574,0.022587767185879386,0.004057635939614205,32.41532346973088,26.196596700905133,222.9842130457337,3135.9308511173103,0.12653538395011707,0.31894875655526705,0.36505088181897155,0.23694583511981449,0.2693882868097014,0.079681596824187
0.5588181999472349,16.453708320453707,16.05203436795908,101.51536777259776,838.4839542607892,0.11051325373877904,0.11759186186091057,0.1182235361035864,0.07307925183438918,0.21192374854353527,0.06282052863560625,0.61078332833813,1.6590369786918724,4.213006485185983,56.512009962241535,0.007648163939756855,0.024040789068330855,0.03319591958039753,0.016090249690930702,0.03597570565933895,0.002899040009868471,18.331139158883527,23.498380899210687,119.97380643853926,1037.3871496620395,0.14748492994460555,0.24113660748011614,0.3800951288524047,0.16284230524938642,0.3703044994004622,0.08047367901064717
0.7056740534794927,17.403314812061055,20.891299973757803,113.84597180584869,898.7259041338675,0.12453197143517215,0.21549479446963693,0.22001799686850448,0.11335204254633405,0.23054894390171202,0.07352218091541143,0.9780758124041222,2.0003194808350293,7.223048121617016,110.15777370497659,0.011831037048611132,0.05044219913558966,0.07768764970861006,0.02546894287582187,0.03709320676263714,0.006931323436379668,17.972310997150384,26.26449619135775,126.62045039426036,1042.348951540811,0.15808744631829033,0.2855859411883632,0.3594562307008849,0.1523564260295707,0.326080379656313,0.08727523798098619
0.03660520659007943,12.600668631075264,17.68879944798677,83.10140195838324,457.8424466711557,0.09266369632898398,0.11814637306644965,0.11417418783677774,0.04094507949215834,0.18778045041628033,0.06844774132004888,0.3052661030519189,1.0258206444636004,3.180610194720129,21.447436245381343,0.010633319136416993,0.04718848583667972,0.07767777001313236,0.020396024984431237,0.030849547101675485,0.0073425142549985315,12.328970198540429,16.88824989003288,85.59286408982595,501.38416983269815,0.10649575004226225,0.14211836509300443,0.23663949434537596,0.0353304085504996,0.21783370013183362,0.07236770539953644
0.32449525080246433,15.394423830293755,18.7355948103466,97.91735483916494,745.0432241182245,0.07432333997976172,0.06411327552372292,0.05477701601855896,0.030858436483817215,0.16974757125753642,0.05520301754342822,0.26008871613797646,0.7342071934091738,2.0433821906127494,29.070377680603634,0.003961187629356105,0.016512502666823393,0.026192177641206724,0.012237001620451039,0.016762733044828088,0.0016925314961173553,16.908668819748648,23.409335767265933,109.61541883705392,910.4635231280961,0.10320310716201236,0.2135147442819128,0.27640569930329356,0.11326367114331926,0.2784487778565877,0.07392148042033746
0.4738400850761458,12.088995479706306,23.128417419493417,77.36977539939731,398.9491976493245,0.11232175636725766,0.19600637857602732,0.1557651205323647,0.06399250764758838,0.162752541362231,0.07707318931346195,0.06198138000531184,1.0427621411963939,1.6670969467865824,4.121542277823579,0.005007350141677225,0.04412321090730852,0.06396695027932589,0.013639236426867058,0.014052846466172603,0.005764566472545429,12.4587079831941,30.0374272003207,85.1185697095928,469.52350653333855,0.14304794887608394,0.5487026842813323,0.6346094481862002,0.12615934314218102,0.24661448088704566,0.12271212671589862
0.9145360075572201,18.28608911325411,20.50437140615905,118.40506856022172,1020.2924423868885,0.11016568036472013,0.21026756457647464,0.2364742081333206,0.09453028102970087,0.19992869996178336,0.06635738632796957,0.6830996089878715,0.7232030992001588,4.513387186026434,90.33508718528665,0.00492277417476359,0.05286423053460214,0.05921727154872285,0.016018056206812795,0.01894961474794156,0.00673274476443754,22.65455140786606,26.135855094710607,157.26314619217572,1593.7394596383215,0.15992441684489134,0.7691384683437994,0.8515424150140234,0.2548812236856417,0.36496442427515985,0.13445685000594484
0.3304473972229338,14.625657537059835,20.491538869530878,90.69825798246796,708.0979433919164,0.09806636930527206,0.08322585577691434,0.055961244403350104,0.04206103232755392,0.1467988980605865,0.059924381141081194,0.2872294951641796,1.2318236904920177,2.2340227069370737,29.251741016551634,0.006516823732190467,0.01003097815111175,0.01853197352997741,0.012539161020527434,0.01536741354995971,0.0021224563618708605,16.554194318450286,28.529670379555,108.26593943780125,794.0658843703957,0.13585595603697312,0.15421009742771574,0.15087967752423043,0.13758975661973427,0.2425633535203657,0.07329950908124937
0.738383724329548,14.749013712612925,23.04047026811034,99.32526586552203,586.3133403555087,0.1009584893376972,0.18467145521814415,0.17117740089292627,0.06943249216376673,0.16555293181967368,0.0689995204509766,0.33100356876032644,0.5164823088850815,2.30244625310106,24.70828487289205,0.004806684249715217,0.047683253159420465,0.056476168572322,0.013823069408301287,0.014640120246944825,0.0053449217459235875,17.563259974113336,27.896442413844262,121.64641554993688,864.7518238636461,0.1363926147828285,0.6118753359321742,0.6565818239297946,0.17256381093828474,0.2922087400890685,0.11335702099694325
0.45471942522579434,11.957621408204767,21.167756327373723,81.61631446654889,447.1016913566267,0.12176475999766415,0.13440303464135794,0.07824426529825557,0.059393048526941314,0.21425554464405858,0.0737113855511297,0.44741347972969614,1.188332414116051,3.352083662197846,34.68694823389929,0.00658074443618004,0.018428738333523473,0.012977062739293502,0.01283536177691033,0.03583014218272954,0.004342405414180158,14.617294509285127,26.64952529215041,95.96603545064687,545.541665742438,0.16079314115427557,0.2208005134773804,0.20000908463987327,0.13260577234406362,0.40063903906489734,0.09609612889784301
-0.039867416153350876,13.871784494350015,15.58232529381269,85.97185599126465,532.2910838268303,0.07603279253823077,0.038991356109110725,0.021872891253906568,0.017358708955305995,0.16087500666373591,0.05159689155999033,0.224761314327831,0.8356678034547622,1.1452486975869356,16.25053755745411,0.004498415073656402,0.005905381282131732,0.014994752247804072,0.003932305111137318,0.013536108012603121,0.0004706636428103909,14.477184403197048,20.90049240885983,91.8832179050406,667.8126745081618,0.11270625831058546,0.08533148335222482,0.1335842536590415,0.041766141160562875,0.24584248077854395,0.05803491108808857
-0.005606866437623481,11.19320656402784,13.408383491705862,67.5027793889936,355.2165827355632,0.08211814635117344,0.10964209055810273,0.09068285148204444,0.0407972596046426,0.22495298787667733,0.06798166492399374,0.36205416766865084,1.338852342694257,2.910805107171138,32.95389452577783,0.0046730849064784055,0.05337566258939458,0.0695665400259464,0.021824797924125682,0.036432902577987286,0.007715296017720255,12.337091846140709,17.4388134865266,79.6860989152917,341.79810129946407,0.09576552825596304,0.24579944819169225,0.24196947363101054,0.10748942871006606,0.3622430154836538,0.0923667650843517
0.017180395394603587,10.238128588290442,16.25657979744519,64.95853422457088,300.2921632555441,0.10297997861611413,0.0819371054448556,0.040342503573530565,0.020629359167888606,0.17008659557041225,0.06828957346064618,0.22832572392838463,0.9753550192072199,1.7509953213531477,9.64397514368649,0.005717270639566691,0.012964140118652248,0.01857426861222533,0.008486152140369692,0.02111639639670222,0.0023886068406082438,11.273747562780423,21.321075935081357,74.3602330317886,397.2547101368783,0.13097399702579193,0.1636148043585391,0.14398993059062212,0.06668099861557047,0.2603047123410569,0.08274069752412432
0.8433174827525245,16.14014393925669,22.641790700376873,105.47140083402572,853.5717837434967,0.0926126863532069,0.09711659644825522,0.07435207178188903,0.049946521048551684,0.1813240258340179,0.06038255032828439,0.47445432971636514,1.0078112932627672,3.067470842713319,44.51705611072873,0.004624268089803074,0.015381839359635151,0.02386578736448628,0.008249682614248511,0.01539740251898377,0.003215861068322857,21.284954522420563,32.310543075472474,133.49539463417642,1405.5554835966632,0.142547397402817,0.2693434961776203,0.31672852850218813,0.14490502418663614,0.3720960254449201,0.08870052399023196
-0.005802898496157172,11.441474729769094,22.238025174675705,69.59842428555407,388.0814800049366,0.06233177199224811,0.014868011546466262,0.02144095460397849,0.003711977034471854,0.17747907988678016,0.053815486135969495,0.2715129706178565,1.699430337242748,1.5309509289966778,19.989089040260204,0.004019397635420992,0.0029429751469420076,-0.0001720478915593765,0.0010424072481032276,0.02499500745295305,0.0016632598710328902,11.4191782799241,27.905977411695012,76.98610389517548,484.3848230568018,0.07689699580917697,0.02232635949912984,0.015349130947243383,-0.006122620936755016,0.2519252799356887,0.059735016763004314
0.7463964156480076,16.854354161934964,20.792347184763113,111.54946773636136,873.7214144188167,0.10047319047901104,0.12933384128526562,0.13436968414161593,0.07425414208632032,0.15751808460658634,0.05956548966890556,0.47708273154786807,0.7985489023225555,3.6031395299356195,44.94430908480868,0.005038594074967541,0.02317895486532914,0.034788756415593404,0.008913167622678018,0.013148016841788113,0.00197510487715751,20.478187640399767,27.37456932982852,141.72248954545825,1460.9416994645348,0.14810048976759865,0.3783002609647063,0.4826430323526687,0.16244692479222095,0.2910865848954806,0.08662822374517802
0.5720002806083804,15.656444091830373,24.548574063628823,101.59520051691926,812.5294382998247,0.08303228817270485,0.09936662726526999,0.08326760268621691,0.03835452743297502,0.17543309094826934,0.05523271772037554,0.3193940023411009,0.8330808879417588,2.4447469207391417,25.90932715750087,0.0037222056033108086,0.024524007733860716,0.02927803853916581,0.01205753582130075,0.020902067818088517,0.0020919719034511257,18.73022106543906,31.421696685355723,124.43294239520719,1048.1588012656675,0.12245192028123032,0.320630827603661,0.3809151703922185,0.13610300306857115,0.33533586605784443,0.07794730773061538
0.7753879723370598,15.793606548962083,31.611784312679106,105.44951857685794,691.5799563042829,0.08440830627910369,0.1239868083090679,0.10693241692919911,0.05769609291846678,0.16987308513137248,0.05790989966424305,0.47240545145325186,1.3705283628550642,3.6875985743110125,33.589217391097485,0.006126382439880908,0.04316022175974348,0.06257890412745463,0.019887854201395726,0.017142182096284674,0.00446652441824804,17.045931660577104,35.96477112040546,114.3634487700074,1027.035634401282,0.09987403300453794,0.33165762923396114,0.3675817216858772,0.1251724936492949,0.22070779844958435,0.07806366433859532
0.9534144386647697,12.950662711681051,23.320921708586642,91.06798781778774,565.7872158879819,0.12311357579731352,0.1725677818881447,0.1861011649490405,0.10606636709793735,0.20835442751872715,0.07026212905189223,0.5977814490111726,1.0932942326776984,4.252792338673551,51.03976381975482,0.007142209353903492,0.03056891579710412,0.04287849726134997,0.016087922876227848,0.014860306181518236,0.0032077995937163577,18.139153569705822,32.11497578705739,129.8553949801317,1147.892605300527,0.18245448159713173,0.47083594516297955,0.56717024619652,0.2123771532019728,0.31569584788713845,0.10132226793332834
0.011338749742808296,12.745700186581317,22.580797310448414,80.06887366486197,502.65747452419026,0.0624556370345892,0.05444734678637609,0.03307380753859582,0.0196108902375411,0.18843149415990326,0.053646105716059864,0.2699164755704967,1.5706829222187326,1.9137941303520365,22.584358860741386,0.007094742959209241,0.011811833354150137,0.015663515340461023,0.0036304174914152925,0.0180011472876083,0.002491152361899042,13.546898338540094,28.771782430404524,83.92393388980166,554.9552328656337,0.0963683728214231,0.11640177182183783,0.15341356998426553,0.02446169911627133,0.2688389404517183,0.06502184137022582
0.12379166979719528,13.386019400594046,18.53981138648886,85.4053525954902,510.4208987556452,0.07878974671110486,0.07936200350943814,0.012707303744508916,0.01580473112075846,0.13442555702212614,0.060358065464849626,0.16086548436085696,0.4725730549296071,0.8137917921907731,8.149789445761492,0.0041582542109470195,0.01603701208169704,0.014750776345219888,0.005347499529458024,0.012857356508030826,0.0019832418891137607,15.398182658926467,25.987397755745675,97.01428278316082,623.1045827012983,0.13393887273987068,0.3085334965322464,0.3054144175514806,0.10106483095426745,0.28703081303762484,0.09240629874868306
-0.041303233351328295,10.624854443380174,12.555997191152256,67.05732157414009,394.21973270762857,0.11017522202607548,0.07003047490469125,0.003317257796742079,0.010172792401084846,0.20245403709299414,0.06282659599486155,0.3481885269764739,1.9313173998902617,2.3507590838425587,20.523323967269413,0.012706796529007287,0.018757471813023938,0.015421194249045093,0.007491271850557476,0.024457020724317553,0.0033918038713352115,11.85733009643762,17.585610346228254,79.68197185303124,443.4699508263927,0.14952171406030523,0.1400582565792313,0.0297977431163218,0.02875310123377532,0.2805075124508133,0.06666301258103766
0.19168267236903097,10.93418657357688,17.439970354608995,71.86169172124991,365.662639362951,0.10295697312215621,0.09307410878191232,0.04458874845371665,0.02382709618591386,0.18388439923739197,0.06763337878821042,0.22864871395595032,1.1192546924510358,1.7053781475200671,10.82859205324386,0.006023988661564899,0.019184209863195703,0.028203467994929638,0.008277540288006079,0.014053179341202485,0.0034351372878554864,12.545676684320895,27.718545111090148,85.05254893572233,547.8094786936477,0.14946839395395012,0.2136017654559341,0.22597710254769926,0.08761182732701121,0.32035081547185956,0.089036944579355
-0.016368596341024444,12.28710531652752,18.239382593639295,76.72124705579597,465.2121910082233,0.09663818156623369,0.0798905126886674,0.04279362147018617,0.021065102081508205,0.16645414643162365,0.061383831524524965,0.24704235087598117,0.8617350075244423,1.750880669091146,21.259028210125656,0.0064190548311956214,0.019552665996365046,0.019797512592652923,0.00783710241745173,0.01759397871199285,0.002419903776565601,13.190719600694107,24.240929229631163,86.43616591051226,477.5636818291751,0.14049483713049515,0.21402412546676655,0.18167021113024878,0.07315037384461967,0.2894050247419392,0.07933851184646222
0.07912418770883373,13.419181206613613,15.18264398135355,85.33580464463051,526.1272130905755,0.08342607382475557,0.07363779655323277,0.018380004546688353,0.01829392759467077,0.15851661764230743,0.060398096138126446,0.27603896480567125,0.312114304418986,1.5513057550299825,17.132920933045284,0.003589712051796685,0.01297229285348919,0.014500400578643258,0.005433543690173492,0.012522086462121445,0.001921245256431664,15.348472184137595,18.388886716678925,95.39738493818047,741.6678465885454,0.11630682176093202,0.22914619292491184,0.20739979813041237,0.08172743285738963,0.28819962897465534,0.08539904175642966
0.13855580508946963,11.662561258660915,17.126650204276803,73.08547459558675,426.0506496219364,0.13050245343696448,0.13581362207556405,0.08974865078918952,0.05380799752833626,0.18239785631826433,0.07228718802795836,0.2682315275403282,1.1098458699411196,2.3107835352769115,17.000723412253265,0.009197671733582472,0.02766148048238209,0.04170028778485855,0.013362036584797022,0.026306201700313853,0.00470136595976689,11.813720278366693,20.912710019452913,83.54199322215615,531.1038871944957,0.15939899469178267,0.2196622468752573,0.24867764657401784,0.09667510067294739,0.2586672060411901,0.08202945448511159
0.5523105331394217,12.510024988866373,25.814002450117037,77.39273018623707,550.6067318318935,0.09485975026778012,0.0885069550435407,0.0695432248012442,0.04095706591134861,0.23035579011457472,0.05904510462714907,0.40225518462413984,1.893260729127948,2.9321835028209446,32.96582675109173,0.006230245105709145,0.016737331584000488,0.02261920865537348,0.007161413721372137,0.015254343530694433,0.0019691098942220546,15.396059351409647,36.12830649797744,102.268347255612,902.9232706838156,0.13314919856375268,0.19859453110881486,0.1899961304504661,0.0698290696340797,0.32468746443664476,0.07036288966962768
1.1597094437209823,20.26960450872738,23.239652770127112,135.85444273323637,1147.0103858727662,0.09430655694880893,0.12063946675737051,0.13922083803666507,0.08219245260127454,0.14826521306569404,0.05281887493565651,0.473290015873824,0.7038186312676261,3.146989209811596,50.52982953650424,0.006038634829544167,0.019895580885516167,0.04525177826733418,0.010873382772544246,0.02337169011032856,0.0022702831906543015,23.873632855711417,30.39948063161384,151.26522509015211,1647.0269375819266,0.12784328009856458,0.3113349891937924,0.453458219613349,0.16699065850473144,0.31299072863385824,0.07519068745566093
0.19290297265506431,14.808613540938637,27.129772281277376,90.55625719011566,592.1768678441874,0.09352481527397861,0.029562864560108704,0.058021758648404476,0.02260441637812876,0.14630921128901933,0.05045531936509229,0.6904438182935775,2.694483384556671,4.040538225841164,62.298118331267744,0.006191391984600653,0.0069435003866015685,0.032775725141421075,0.013480783606966916,0.02206506992253017,0.0013481764069416462,14.888305347983744,33.563195310123206,90.94755626061817,624.0109442499629,0.10237331659330554,0.005422215564519883,0.12228574063761644,0.05102775017613766,0.1714248169993279,0.047006149324898154
0.6288604602346047,14.218862932490417,32.6085205704682,88.23136994142226,621.3250906000076,0.0992211653535609,0.07680680796959526,0.1020989956111301,0.05587714478799605,0.1962675049927351,0.058152238383519655,0.36233253771530116,2.3068547969071114,2.2790825012028404,33.22222323632336,0.005852758029864714,0.018701155859589008,0.03255229862482392,0.009828501364026188,0.016599477656660176,0.0024727789016769745,16.063854591607786,45.29091073715432,109.37235618254299,927.3817991054286,0.1447330948890175,0.23098233544814148,0.3248243594052831,0.12374037150404539,0.31281748272494586,0.08325151224352761
0.915797933263428,12.582848121608498,23.016147333306986,85.54846385383188,511.7361618968373,0.11044529786796235,0.14493952034533095,0.1303354754002312,0.07812864667839317,0.17781202777160807,0.0671263028193675,0.520494781821777,1.2698626809586784,3.943388719944749,46.92272719685416,0.007904882701692007,0.028933265360572266,0.03192616642288126,0.012295001469279377,0.010043660968977177,0.0036435942919987455,16.68142671489301,34.315234973010746,121.45747717297732,1033.1001206274025,0.16826511073815664,0.3713466771860517,0.3684706835736754,0.15853580299853845,0.2928216313814131,0.09996869747047035
0.05352631515488837,13.068970009547543,14.939765001018296,83.3348885741409,525.151966239712,0.11287433856614652,0.10130485468096478,0.07352024519056126,0.051850776244682914,0.16495322338804477,0.06724871363343922,0.19620724205206055,0.5031629251273264,1.060926008412764,11.926495210356844,0.006321383339919385,0.00996744543587682,0.017455897107578125,0.010897191762477986,0.017831762689347736,0.0021505491964131937,14.078306837785906,17.096926939867966,90.1281368081163,581.9036956439517,0.15629750195053466,0.1960159635259717,0.2516188279543114,0.13056455305228068,0.28436166416604414,0.0826680992494689
0.059253534200877755,12.398892294030128,14.682425297229237,79.25939294433675,440.782748272134,0.06708219390323897,0.038375822723562145,0.02828835889171165,0.01613593452878931,0.16525748806071897,0.056200533659322184,0.29760672162013924,0.5858728501835407,1.7092684784675878,17.50917752278061,0.005122113422924738,0.016324449296294806,0.02168611926518829,0.0024202001912292815,0.016894386357521322,0.002766263311676473,13.18434485808806,17.34759015855399,91.79525199704774,635.0633693894036,0.09469266283119594,0.13927769071591234,0.14434764647287027,0.02920369877484956,0.2602016053884894,0.07550551050918455
0.2396109374590155,13.593696121443413,17.980258827760295,86.99057133964158,558.5620496355083,0.09824708344144142,0.07764383093392666,0.025790858241867637,0.036993428700023964,0.1614649104182434,0.059907411481057306,0.4674739555142716,0.9242516770235905,3.103621264059919,40.133787568477054,0.007161305338200896,0.016779951447137256,0.009835809401492923,0.010989736346965784,0.01973606983837791,0.002850019407464067,16.208717354663793,23.200828486993156,104.90057880602171,841.6058613916795,0.13201981213099812,0.144632575527891,0.0973662284290987,0.09099491458973197,0.2614185447454918,0.07176813892489121
-0.027416941221480362,11.01922625381555,14.354139459194878,69.66717815194508,412.9857102963917,0.094015937045159,0.056459232685647294,0.023157340472647392,0.014515983783645985,0.1776168875074506,0.05949256751630422,0.18700180141528913,0.7947077207522935,1.2812093229222792,17.335533723777388,0.006586600589359218,0.013628238724995741,0.019957869468495447,0.00775421840623603,0.020169222279078303,0.0020918754227240285,11.621815169511045,20.685525731931843,75.26799117233945,384.45478299960087,0.13261398506751865,0.1600425271004948,0.12351027920738863,0.07353835563486696,0.3032243951739731,0.07478142587883481
0.8721542864058236,17.429763874187216,26.567188658344392,117.07133960846508,1024.6947054256943,0.09540038491979758,0.0871735526900285,0.11368008125404583,0.050660694659712686,0.18075010452714083,0.05712161390770737,0.5475551333215701,0.7866845659523272,3.3012367760253847,61.45188923788753,0.006239494860351473,0.013074625905528308,0.02479024053158592,0.012775559040300206,0.014566885758971498,0.002934114754588813,24.05042548361946,35.23984603013147,152.74159707627862,1600.5266886710551,0.1618610576356594,0.32160200543207884,0.4689696777173686,0.20459726967205194,0.3402474380223508,0.09021810187274677
0.7426305275130872,18.635238834292416,21.71009419581713,120.37194065315575,1078.6069494177893,0.09240215783038275,0.17595332797417362,0.1517808639465922,0.07226969396697061,0.19291809463653645,0.06440217214753532,0.8222957883893052,0.7559455664832331,5.964624387696265,106.62796334614538,0.0039873584304716755,0.04548999836184191,0.042571645153616645,0.016322348239214718,0.01817937883234761,0.0050372650230700025,23.574998570573467,24.202276668226276,161.61566094164974,1688.4203639893976,0.12628339721707918,0.5599224393382867,0.5484230772957139,0.19536511986121208,0.3233448908418006,0.10648526962980506
0.07255395287173594,12.909283759628135,19.801895935272665,81.91634506613164,512.4282462316485,0.08783723240071363,0.061084151924139025,0.027695312174671916,0.013270053788042815,0.18233161573424933,0.05845076995059116,0.2800456047277843,1.0344728581337799,1.7235224374467006,23.380709089368313,0.005215499822396075,0.013037079835622111,0.0140683719348982,0.006170356725124351,0.0192728741723765,0.0025578258782172876,14.36132852469362,24.623268130594592,93.46826240719429,634.5602748625064,0.11668496106363077,0.13887559190063697,0.10114859987872857,0.04602876935642827,0.28894978616516054,0.06967370265427487
1.1588418914478016,17.674254181520055,23.535215032370385,121.11268739623307,972.5839301467934,0.10976390878478257,0.17969749123077627,0.20556099183166743,0.1157446049096813,0.2146417632347089,0.06687656273821775,0.4667579991871029,0.8185065467989971,3.266007369207314,37.437353566010074,0.006869675890198721,0.030510974233933313,0.03957416842935902,0.015874050105942557,0.026318573555591182,0.004058489127312287,21.88150621897475,30.186906310396363,146.82916279302233,1307.5247694272289,0.16187929426809258,0.47447068657284386,0.5632244756935395,0.25325726211545474,0.42158410101198596,0.09783271002561608
0.029047565981489554,12.076017557956012,18.150887001724122,74.52676884461219,424.67662075260057,0.09494763108411457,0.08553618337138802,0.047517489403493374,0.027063085191649572,0.13949664478709906,0.062440486371710305,0.21892718804326025,0.9375154582781772,1.4388132834870648,17.76800082797638,0.006779031808259695,0.016443426070889847,0.020425224075454104,0.008431249509831481,0.016722870516974936,0.003454905835859499,12.717817228276903,23.492993931626252,80.35062927300757,517.0935689127836,0.1444910515293581,0.20955167425783805,0.1986095686510918,0.08816841465628687,0.2449139019460897,0.08499025728062781
0.8197683198522754,20.240801564977275,17.20942342215334,130.93795787728206,1193.5798247429616,0.1086288801042931,0.17915187283391398,0.14268236951576987,0.10292678984874748,0.221469977671746,0.06421539142251471,1.1779503574950427,1.8155678683007679,8.977947533846905,157.13329083684565,0.00582792340083689,0.04495663029250688,0.03544578004142113,0.019682352266025008,0.024054606763247242,0.005538015449310414,22.918468439302558,23.597385724688213,162.1961996749217,1744.036155350639,0.10992510468429825,0.2742542633249169,0.1278900361803729,0.1441690281490545,0.2761752731222698,0.07699631550460048
0.8122070998039479,15.526154695978368,17.537911297035617,103.798426916554,695.4971362383853,0.12438041024305624,0.25132828589686895,0.17954080781639364,0.10086873781809987,0.21796380206328977,0.07734393939052507,0.5614836069377398,0.9442044822057953,3.9791025831888764,46.295118821616605,0.0053689137486557575,0.0494757455221707,0.04649749174660758,0.012853023470097693,0.03146159431398718,0.005794120480245787,17.984706281308046,21.85363381165694,121.3349954984784,929.5131953064299,0.14942044126780848,0.5877320348815307,0.5515203659502212,0.19300235139748728,0.3855050397220574,0.1182810100383154
-0.026500056186109344,10.401613922938871,16.906139771919882,67.67921641305692,329.4604158763901,0.08878348169521016,0.04080011001441228,-0.006799237022772783,0.006813744638521427,0.146379425959968,0.06035693411263336,0.22228732902297468,1.4735218440403934,1.7287770796929403,10.835698035883976,0.0057983967711097515,0.007713914394909042,-0.0036473707255824175,0.00846577985987563,0.01393225257960242,0.002083269028108467,12.147715659782564,26.866824715198725,83.67708219592949,422.48927071741736,0.12071317144515335,0.10486902566799938,-0.007919971189569108,0.04891159597460967,0.23230575050942945,0.07329217652108973
1.38935070940393,22.49288815518529,23.374254321579286,154.27990141004875,1606.263681268979,0.12222534069089855,0.2509987940805306,0.33403556945030793,0.18281893904326613,0.21930817984190445,0.07364482979956026,1.2718516566090066,0.8201554622393111,9.16733788494351,186.98072506254823,0.009845509146935973,0.04079148514867295,0.04587890631099775,0.01846730214883413,0.027925296434021318,0.005161790030587849,30.593064355585653,30.190526732375112,208.53893290845915,2599.5217059363417,0.19282717581410466,0.5482150560296395,0.7603190000170933,0.2975595552859859,0.39991423540394283,0.11283026572925907
0.8749280635379839,14.77250708959319,25.939038196177552,96.67455997679971,613.6632174351405,0.09618859501070526,0.12140884492970222,0.10952223630141941,0.06196382763669221,0.20752126395737958,0.06623822332156386,0.20364969401368235,0.9031340504265828,1.1338357356077526,8.981105780930662,0.004745802239770796,0.019169442288612823,0.028138591832282858,0.009669077069935219,0.018003977220712054,0.0030548079868881937,17.590178304845338,36.448980727371335,115.8212474481747,989.3653296402896,0.15040127677963283,0.39877806059843757,0.4421859854371251,0.1824751519974841,0.4102042934879257,0.10410267381622049
0.3150902801084811,13.120118295661342,18.141798028867825,87.41542752427428,570.3801909544227,0.09704740397083178,0.1377949976881556,0.10180291051484508,0.0665535173733034,0.21956222149788837,0.06425649652723893,0.5977033045887381,0.9217308326910834,4.865234224278305,51.78371679915586,0.007608805223925487,0.042025568224069464,0.04216732561367928,0.02159110430631361,0.04424608088394239,0.0034882898146671687,13.698729213128363,19.091530503116537,97.7122635305011,571.0052464477506,0.11455754522346115,0.2713865677261639,0.2988119193153484,0.15011373749166496,0.38184570675056123,0.06989906056841758
0.21108179242445457,12.222640234188203,20.71199124826188,78.98668901593668,468.569388656057,0.11496793958781726,0.1407105536140039,0.07880832949022558,0.044423688075316284,0.19308120985909447,0.07260391679090501,0.2712740749200554,1.6404060250843946,2.103666881473752,13.072914579302068,0.009698954055902213,0.0327987838429763,0.02596837814199232,0.012549777136038548,0.015717568855761938,0.0057356978702055375,13.671346039156884,29.872139047139555,90.51984105395252,563.0714589485844,0.1651589937579555,0.3335127984926737,0.22654044818162278,0.10694168133352311,0.28354651463021885,0.10263377066144089
0.0478647095486055,13.541764061441055,14.682186433411577,88.40989825102046,565.6334217560936,0.09357090217213497,0.09684395996471706,0.05697962705410302,0.04538434082109747,0.15179378947764421,0.06163792718706331,0.2493145236263962,0.5819966084203395,1.8759032028812592,19.865908100119288,0.005191943004698824,0.019510280389106214,0.022445367432525606,0.010819742983480216,0.016434997020893426,0.0028127685909297906,15.028313502593063,16.449933507245234,95.88561681100298,605.3833435269512,0.12150955944519937,0.19880265682869397,0.18559906912967983,0.10102808962058278,0.24943078986030368,0.07983842762647893
0.24816055917134272,10.312008557135975,20.25416552117273,63.79232321084149,299.9843601654903,0.09373174232499862,0.10297078772919145,0.06459843131013876,0.023185141208683698,0.20860986984287128,0.07093722515891285,0.5661665472276286,1.779809170973123,4.091548991350592,44.267001008442634,0.011265691119267028,0.03043306734692396,0.04727448421770053,0.0168601067185394,0.02336647506819372,0.006443727412102657,11.776065712003533,25.207295989345347,77.77303240836129,371.81619043946,0.13981087733958505,0.18239855183615877,0.17651663127905637,0.0874720574647842,0.2901039356464144,0.08974623142971636
0.10002597965926968,13.104680360684066,15.996446358812307,86.06772143360192,569.8161269688859,0.08984350338175566,0.08349184956533522,0.04722923946205142,0.036390695552502975,0.2036755334299915,0.058938575954031805,0.22315310972447563,1.1053477706384143,1.3320716479203079,15.567498047545293,0.005301157760315184,0.02372015028493524,0.018841907368909228,0.007866137181295807,0.02610480586768771,0.002443980659672212,14.616565804517885,25.08434278453216,93.31538999140031,646.8821164149749,0.13075988489516635,0.2442877568270578,0.24254416378805482,0.10389000414776438,0.38977277849151265,0.0846857030330625
0.0282076966333763,14.12775384120322,15.579074290761177,89.46680994629435,629.5025146063499,0.0901692862521669,0.05409650258931243,0.0235803024859218,0.025690467810862504,0.14549083219206393,0.05756512641240705,0.16375613614124382,0.9227216370355797,1.0514396093880098,17.731305810479295,0.004653069378691033,0.005305826998244913,0.009853235035897873,0.007001913141347219,0.014056360477276758,0.0017991939990686743,15.207082864509424,22.642522709958254,97.04431704079569,704.8593524016574,0.12563392852444427,0.12546182127651412,0.12370953832992432,0.08172664000078397,0.2453091158291133,0.07266313252649985
0.7708046729517348,15.798781931252906,23.19346305480822,109.3452616221224,824.7149647767901,0.1149504682915624,0.17540501040503004,0.18487229712083958,0.09242821236512117,0.20901137878629636,0.0675056194992654,0.5670398690907457,1.1359853918313056,4.362970378406593,62.87153854201176,0.00880383071448248,0.03993057904014726,0.04901883863668287,0.017136683152706937,0.012628154217365246,0.005461321585867128,19.870110168503192,30.22934000413408,138.13842523327435,1239.005787080392,0.16821803979249333,0.4542035240653375,0.4927675926333236,0.1992074464035884,0.31626898786820024,0.10301996082667036
0.49055364386907174,11.490381239097934,25.787496238641978,73.87753775835489,352.9174904337311,0.09219636047726791,0.13565493966512676,0.08616610628092787,0.03686965320630452,0.18478623920647935,0.06710019405209973,0.27957839863243217,0.8712418833532969,2.1829236743716347,8.859107248615409,0.006177066545563879,0.025995199973681028,0.025700480289159795,0.009630698310073202,0.010335101973935501,0.004146101255769449,14.135890873374667,33.70969502779478,91.12034898334457,542.9006450947193,0.1436102221828354,0.41843056112348664,0.38948759766775753,0.12923676127424638,0.31126367120821746,0.10260042922558284
0.007976097040910624,11.94956628619656,25.218369179265004,78.59039666840982,455.35654143862087,0.0815312424884838,0.052264677187606454,0.0289974379702184,0.01664668171093423,0.16416428139228223,0.05638888074418684,0.2968067704165988,2.139480069445283,1.8222996637846125,23.046451048816426,0.009449895185883309,0.015512475353912607,0.013666606477798247,0.004484613773461293,0.018843607920716623,0.0034938172582742785,13.522639436962146,34.49874046921438,84.37022902483736,538.6538802832918,0.12825448851806864,0.1301232935784765,0.06436376561727442,0.023135971155934187,0.25296083988770257,0.071327137033193
0.335217000673312,13.65601846538312,18.37522456182767,88.52928273687934,550.8664138358417,0.11613841238015825,0.111479479387676,0.11065035251140845,0.06463680562115934,0.1852078811068625,0.0647221725043817,0.3941975085691325,1.220997740744567,2.613329120123021,26.858068125445016,0.0061686064476972075,0.01394678785141746,0.03089694148708089,0.012170074817872672,0.019308671984044436,0.0026773750687242148,15.19773590035424,23.616424194345054,101.01749192555663,813.7671601092496,0.14688922887660819,0.20850898271751572,0.30482809846822895,0.12477517089265576,0.2937773044881893,0.07764264099306534
0.45830813831031486,17.495153101459913,17.99682763948924,111.61299744036653,987.3679523082039,0.09872460064755087,0.10693000161278399,0.12299139095653147,0.07807855788736177,0.20591471570391712,0.057582143229418285,0.35033933199509987,0.9104719019059728,2.34795022997127,44.49473491860752,0.004449538535040053,0.016501433288734966,0.0233754223718314,0.009721162743959075,0.013074382606569079,0.0022879383793169934,18.906912033992928,23.504951724127178,125.31464667282057,1345.3178106479365,0.1299648152195994,0.20734930779250085,0.2761829690260282,0.12133859768268532,0.2967396831316658,0.07255816786455435
1.080944969219743,27.755032551497365,25.670683136548757,180.94158062401692,2247.156460958973,0.1000192536376697,0.1708359608194608,0.26482248983592727,0.14890453892099637,0.15688241855151758,0.05475270363006888,1.680008588513023,1.5777848004934394,11.947733191897063,269.13522828801854,0.00993477490262518,0.04739342926610224,0.05606899046429227,0.018534328807263387,0.01962954790933497,0.0034914880331110283,34.33137794433572,30.51174596373638,233.6412329932079,3465.213890000321,0.1387620463407933,0.3878223336560004,0.5168881849712584,0.2067539671339779,0.212196625578089,0.06675435715597565
0.686196907411079,14.887120314351955,22.690427874726836,102.20446661359937,694.6301510899455,0.10483726423567341,0.22189043177736625,0.1970809584579258,0.10684936548740073,0.2098895466395538,0.06587098194652731,0.8152261569291388,1.0304157847838984,5.972201813903918,81.09392691318752,0.011197267810548493,0.06602467533408943,0.05921266833685594,0.024290513755621787,0.02562312182965358,0.004752958675604022,17.668856948550918,25.921859044000865,128.71823858571247,1207.2001399825733,0.1517936457652884,0.6161373624458657,0.5202169650981153,0.2128410181425287,0.33499725033508804,0.09276586872080012
0.5660632890738968,18.0741441953238,9.552674947641046,115.51839030616884,1020.1571877627275,0.10042109942199968,0.0997769922277617,0.07535010932578408,0.0667485738884604,0.19283038809203415,0.0569448404355259,1.0735013255691301,0.7980095679179342,7.986260136161158,138.68265305453224,0.0073458770390674695,0.023554066806761188,0.028504950004020375,0.02128290013628659,0.025642433039534535,0.004190258445131982,21.106447123222193,9.028901897966783,135.46391777633823,1343.6181050598927,0.11559208852753347,0.0794063771204577,0.03754366974194703,0.12648994243361916,0.26877916517390327,0.06395398409774405
0.04720081007662552,13.598387618289834,14.611724676115578,91.29139939477048,486.8474205799725,0.0786861761436265,0.09619013367907775,0.04224220966545729,0.026210187214229724,0.12962117954468497,0.05782713229602782,0.26459329757789973,0.48932070006979766,1.8086218767137705,16.42502346154293,0.0034314261082747394,0.02690135902605663,0.032146930407409076,0.006681141472864713,0.007288591063162748,0.00229177611594624,15.114849713277724,17.767198913969516,102.85795747951151,718.3309284347167,0.10894291856999515,0.3074091512408637,0.2809710482504855,0.07322519321244729,0.21433752558012245,0.0797465556616727
0.1137049818152801,13.043693728301179,21.588776694986787,81.8121874077795,445.8368801666484,0.09146523398099471,0.09054535870382548,0.05377780977537097,0.03132015697019275,0.1842328065850769,0.06604680687772099,0.4713199046978659,1.3865585743945765,2.9868576240234237,31.152005936712534,0.010184421123471399,0.03128224490443116,0.041910090418408624,0.01781081764002899,0.02117167160809118,0.006050757488653662,12.51675284530935,23.852674575098664,81.90722841612617,480.3598238678627,0.10920886829332234,0.1661273531110314,0.12292957866511436,0.06599079104301672,0.20115695563675784,0.07918069611381065
0.08066571384486892,10.26780789108633,17.444491376631074,66.47670881480975,288.44784535474594,0.10339464896647066,0.11726288336930066,0.04776638826582608,0.017240821112159257,0.17375980827227508,0.07438913408288357,0.11590753487219702,1.3319548669904036,1.0709666865849432,4.996460622544653,0.007589897529636565,0.027365934390269825,0.04176821636490598,0.0069153786513855234,0.011561030183321733,0.004413189558550066,11.013986295632883,27.095688398742265,73.32973247440452,347.7107983461914,0.15425902013451714,0.31128531810813265,0.31863098922936933,0.0688709482444856,0.28833246292535547,0.10666577341468297
0.5503675757234574,17.2924707525191,20.187096128786074,108.75275085505712,890.9334676136691,0.08795064144711699,0.07801943039677021,0.05492166933875195,0.045460875251922606,0.16440357483646162,0.05539135050197067,0.46980167947069684,0.534313429208382,3.164263135946859,53.498379739705896,0.006876105505876338,0.012199151812629637,0.01649117245588775,0.012337454638381524,0.015154353221494738,0.003228966288647322,19.45809386187581,23.437869736625622,123.18819923213725,1144.127050022261,0.12314831541206125,0.16005725564898923,0.16898901246269998,0.1241096245471115,0.2532823769596547,0.0749727850149223
0.014877920783379739,10.752549001536615,6.990111176684234,69.82572249349964,350.45446419972416,0.10449086363218422,0.057640046652807295,-0.009683547921096367,0.008786587770442555,0.17054262922962438,0.06685588969663687,0.34503368374401183,1.0638010881115942,2.577544864692648,22.779454710015912,0.0097935799834086,0.010387883263501936,0.0007892234056244389,0.01174709378606358,0.023408760847008464,0.004005079671539947,12.09596403751527,10.755892826291308,79.22522869117724,433.0495698597318,0.12439300266470955,0.064272208177035,-0.08961049808719251,0.05212480076090452,0.21054144315646567,0.07515105849295502
-0.01162632941831987,11.781585878166023,14.109705050873522,77.43407561579045,411.8306323688363,0.08127717176640861,0.08627411779329278,0.039763700379123496,0.01764946995199025,0.1568689424759715,0.06771047069874142,0.27158834764153283,1.0629122052293887,2.0301030289561512,22.66154846234609,0.004216858960325745,0.0258902994299484,0.03235371312877788,0.00856038828814409,0.017385510771030926,0.0047097800204451805,13.697322049021805,18.39098845298928,89.38224669389359,606.1171416396787,0.09368040236864078,0.17160079329701305,0.18756803593864363,0.060686349267313505,0.23727378911543995,0.09107727303195094
0.015262941486769821,14.513731175162986,20.725723999706076,90.60342731764217,621.4887076634235,0.08560311299461158,0.06688139237700567,0.031340923531574964,0.011866429848916213,0.1601961720159696,0.05818449210094481,0.2718655545158926,0.5603465936165607,1.8990809295861644,17.091562614440623,0.005251816037121235,0.01565116848982121,0.018964583721647315,0.0077129107913275485,0.015680473599269565,0.003659070271262882,15.659258486688397,24.762202141101383,92.27363269855161,673.8187081895535,0.12321678256020516,0.2118715717077477,0.20461364013256925,0.08112745555392328,0.26774005233644704,0.07931437861604462
0.03660607258356435,11.644822454528747,22.317271698713324,71.39762227542619,419.2898948156369,0.07482213167046817,0.05505188747147906,0.028837856951348342,0.013363941589923684,0.19984794402704545,0.058817526668132204,0.3709589606987684,2.203157478233483,2.6949120821346435,26.71338899228838,0.005713780138828872,0.020090804796954038,0.010438642925993696,0.0046531933167999594,0.0320166911659035,0.0028610248777205046,12.696060665859592,30.9384154660497,82.09540901067662,524.5506766038994,0.09686361985593933,0.14895057996723854,0.05852055884164259,0.015397889894890618,0.32127656289322887,0.0724481036566346
-0.05619341399533101,9.875660257722846,26.676009285031235,63.891815070469434,292.30440668406357,0.08280389046455619,0.05884592114927901,0.02076752085390629,0.02467064819812166,0.14337689107364437,0.06605052625526048,0.4008891349792324,2.5513231027996275,2.0151000971153867,22.900314093328383,0.011705961949029491,0.0106329506279627,0.002232160116750006,0.008924000037864265,0.03406445215888997,0.0025130438388774705,9.897926086763503,31.347334355748767,63.308728265928565,242.60625023795262,0.11031326783668897,0.0489648466095213,-0.0055267887366430846,0.03546996724991203,0.21158293648353343,0.06982301246553022
-0.08725720649441959,9.74982081598854,27.797912229217726,59.85760962315451,248.53222077003147,0.08336543774814212,0.027358996819029882,-0.002605009000283126,-0.0008597351431386749,0.17739234309899818,0.059197435407122356,0.25438301445202816,1.7322259380013187,1.7225830734943408,12.363827490170234,0.004596378623940484,-0.0011003128204256155,-0.0015163105767376575,0.0010235280726456526,0.032870237230996587,0.0015802194582973596,9.601520127929234,33.628598445154786,63.875142098058355,207.37915077289267,0.09004021937946703,0.016890788677257906,0.010313249733420349,-0.015897363560150007,0.2776366607676709,0.05630137301068452
0.0437529724822624,10.868959050334539,19.133800039037446,68.726781778332,342.46140141919534,0.09293895666971312,0.046022243613243446,0.017727212947877644,0.012306934450202693,0.18863851373790413,0.06102646444870683,0.2807445977653773,1.6209117018806527,1.9314980973806182,16.562399063434924,0.007881315675115949,0.01287690238933016,0.012401035264505748,0.007353550061219161,0.028028447074605917,0.0033344587862934485,11.814505509240355,28.045673663982637,75.23051353587944,422.93030280371215,0.13553161235067313,0.08188050890896037,0.0920698845485052,0.04719280237965927,0.34039521250453564,0.07855011868173944
0.3601428027459167,16.01887060974632,19.28780271427224,101.158986640839,776.989062349551,0.08120959459387042,0.06292725922332076,0.05223570618876119,0.03742656723305676,0.16950327495625775,0.052235978009800614,0.3168800627166731,0.9728678194917869,2.444269519350178,37.7147889797544,0.004600499608018574,0.01310758140060685,0.023536647314332467,0.00923272040312986,0.0157855531317684,0.001137565411736223,17.945745918067924,25.30569330431868,115.75419745505097,1089.3221315217102,0.11958600060403629,0.17575479157232415,0.2591539076116394,0.11368870316757138,0.2688157461784313,0.06939439394784255
0.9747106040482327,20.150543409817004,20.427889014730898,138.65119349940665,1315.9294907070953,0.12055082219569871,0.24178417980181804,0.3385577150160739,0.18047227149567288,0.24083003934763197,0.07517686766641322,1.460732710133002,2.8929614741312086,10.960276032416823,195.93793153727387,0.01080114221451966,0.05642951885781003,0.09639886624910643,0.030665077357886046,0.0321219490243112,0.00745704080004407,23.537810527166123,29.967704997171346,166.3555084287611,1724.6949580475793,0.1475495979109582,0.3103205273714177,0.4792849271075498,0.22665481136740095,0.2949308539150866,0.09094914545031049
-0.08521213401335992,11.48911256644816,19.538216062649973,72.78058151773143,421.7316317655676,0.08902981298444916,0.08444287881889792,0.03418095046585705,0.020760096234784222,0.1553299575110227,0.06334990593837124,0.18452245427533884,0.9066921826645533,1.3216746112825695,6.271482704099711,0.003706969191988564,0.020010732881404685,0.023800621846286653,0.005852319354441527,0.02060662296304512,0.002533644905740873,12.002625267775723,24.63213057282603,77.14724673188627,446.5600911155853,0.11628461729634626,0.20506977223029232,0.17575502509343455,0.07074101409875116,0.2883247056668837,0.0789489970674844
0.06356661475246195,10.499749922997553,21.04913806440581,64.62675424216351,362.23495721354925,0.10149808704729998,0.06521420684455786,0.025852200346005633,0.011771804020928998,0.16546957723353736,0.06108995769671914,0.23644172615526635,2.182500012553755,1.4692553572647524,12.501655867741807,0.005263313106284761,0.013116196344350925,0.01615368932062677,0.00912399476608183,0.02272288844215032,0.0012509387375542911,10.752402755349216,32.33836136738166,66.78017429722914,334.589937581503,0.12509176519874546,0.12033585209709707,0.06879784989986654,0.05410393420099899,0.25849354490875426,0.07034271132175374
0.8362455778896194,22.385940778781183,19.880074637026908,144.3098305837502,1529.6325702560812,0.11205111844842137,0.2274207915709196,0.23306030115040294,0.14191549792704689,0.2896035984860987,0.0688668107170603,1.4504208980651891,2.1153389044817965,10.253253243882517,202.9241968270004,0.005744991744002968,0.05574722917954651,0.04464238412575605,0.01993811294913404,0.05387838457232878,0.006593730940216957,27.82622040885617,28.238950965740262,182.47348323351173,2279.9699744345103,0.14664543743146075,0.44331856024531435,0.35136732659296566,0.23155037818682628,0.5550213996741978,0.10409342121040098
0.06947139132930696,13.10804062590063,14.557951162457359,80.97030391581767,503.8299211562619,0.07684635584985372,0.06205363034157443,0.019652557380543167,0.013176523171873664,0.1563891378302358,0.05611093330596237,0.2701183227174225,0.82682331836969,1.840291337124078,22.390800141640224,0.004210668806661625,0.020127665957297848,0.01624215079764995,0.0037776654633263386,0.010639246718501546,0.002960648837091405,14.096222108025682,21.46046743560398,95.22933242961008,652.6261549612059,0.11893821386635352,0.2225202839450938,0.12235510971047076,0.04861309940729268,0.27093009817871944,0.07954140262733778
1.0025564513567518,13.265857892957305,21.73772823324068,85.21479294857559,549.0229358441302,0.0995030260470565,0.10521628267153663,0.10360908048929872,0.05358402818995952,0.19833188552811187,0.061293301222910254,0.27023460535399335,1.2585557275853518,2.090058379296338,23.5214257143482,0.005758328708349336,0.017323865758115824,0.03135059922199987,0.01161134305445865,0.019449734712853967,0.0030447239467953453,17.58942111793145,36.92186342509771,117.95371335156706,1055.1802917142995,0.1743556029306719,0.4634564514156503,0.542763582273884,0.20610317927628047,0.43705891431976507,0.11426788719259409
0.762785573281487,13.363318544026408,20.06956227941863,89.97779519899261,561.9237586351644,0.12109623300916915,0.1745277729870076,0.17900512475631553,0.08440932926928799,0.18615529881788298,0.07329449202321729,0.20428207922241412,0.5266848579507335,1.4409718084682586,7.172460163729909,0.008111959939692269,0.02322653244423229,0.04098893741758169,0.015225192316185198,0.02131212282763822,0.0038471776271204045,15.167168203294402,23.663679923441716,98.41657950174564,642.1448917122091,0.17809197400891727,0.4823072185096082,0.6192701613907354,0.2097769899242195,0.33418083070377935,0.11170714622890163
0.7729604771330647,19.363320404155196,20.252213244226184,131.16964196549344,1125.375532247002,0.10656545127091642,0.17538182965641422,0.21482958557499626,0.10538645108559636,0.21211877757816236,0.06013601172877345,0.5641450662122214,0.7430269223767906,3.39764170659448,58.465814885533014,0.005646286433599627,0.04230064660277538,0.05546722736621577,0.01755997112059641,0.020221971377034804,0.004786443998394951,22.007881649701392,23.584560965959266,154.59188171802273,1523.417230170825,0.14125064897327436,0.5542440362938015,0.655318897263401,0.23928678608216947,0.3577317791185728,0.10019811747782807
0.5526750442304442,13.028592427835646,24.629922282370448,85.20606170255763,506.8366082501231,0.10873937812091136,0.13910662189864814,0.1453548780151507,0.05625102420080589,0.1929428848151272,0.06483538521304034,0.4646330866431083,1.77743653414166,3.5315025567418243,41.19872281617514,0.007411360573522785,0.042310658677988736,0.05421751018952156,0.01767085788004849,0.02758807768220783,0.005532243548641517,15.254530323200624,35.711431449238695,104.80561181357358,758.361341465466,0.16833547922668124,0.5004415927813477,0.5591269224232787,0.1662429668361653,0.3852269564494234,0.10972668356543355
0.46126824837397784,13.381242945132731,24.460097780298483,89.40260512316529,550.2592825523719,0.0908634099178859,0.16986339120710325,0.19636150717319426,0.08356162586023201,0.18685372469359832,0.06282771519428593,0.43376770022073663,1.8201935093429045,4.270422211994184,28.569483770356747,0.007704346972934777,0.06810757355319096,0.10470315880006438,0.024345270187072825,0.02342890028166615,0.0054939984315408264,14.209187413800356,28.035958387888027,101.52859222518147,765.4875536049803,0.11248828506639696,0.46148278815188676,0.5976418501812328,0.14172229856131266,0.22200119154239845,0.073904468577545
0.910442398621161,20.097163586751304,19.786320780401905,129.17038183367325,1149.8271020896489,0.10317703563001925,0.1577112098952485,0.18510742967941757,0.1135054053174193,0.20880592548486754,0.05863684851430238,0.6005901338995903,0.6788144917523028,4.231906518278923,71.90367073994418,0.0043374409621968115,0.02749302949665247,0.038710936656240265,0.015113823849484335,0.016750617780719623,0.002945611962794986,22.760457084954588,22.73017272383493,159.89132299558176,1739.5733521553693,0.13889765732656956,0.3923853890416128,0.560586251541205,0.21003968443395626,0.3142582989569634,0.08857839208416732
-0.0397907757299365,11.001918802650902,16.722419226596895,68.9207844222843,377.76734819441236,0.08863823896446194,0.05790073849567562,0.018042216363967065,0.018523787244772053,0.169784694731239,0.05928846085710421,0.3628117603749486,0.9100388015319756,2.223506272496688,24.45422148017498,0.011267564108232,0.012535510688622999,0.004568568147479891,0.005862045717302855,0.02957845686516942,0.0028267437065904438,12.75047208243667,19.832078016806392,81.22986057254386,489.87398212800815,0.1387039340449178,0.10764008877070078,0.01984295251815721,0.03252759271802108,0.28698436812586664,0.06884365164611082
0.5263359245530917,15.128493232508548,21.706117906055887,97.59748244065028,716.3488997476352,0.09348372864306957,0.10546473123763526,0.11170681041120915,0.06098641968764901,0.21956805157312462,0.06168365783134819,0.34470972945094136,0.9731383590838748,1.9996601326180852,27.205629695996436,0.006853006524490796,0.02225225436934794,0.024986353621545786,0.014011809056022877,0.013748730451891875,0.003875350097482401,17.360905422933904,30.110093646146197,113.75717853687928,874.2979028016098,0.15157566972192377,0.38958874924796816,0.40688693610071897,0.18231993537616087,0.34999707047816564,0.10576149363623652
0.9351521371234344,17.176073076852788,21.801897693566932,111.91728206388868,971.5513461625299,0.1026840642930349,0.1801619930739849,0.161041987753607,0.0878589768328098,0.2091825783359061,0.0660159932142002,0.955272066119276,1.4681105090125468,7.980704183720849,110.02450769125917,0.011140795355656416,0.049467024480472944,0.06006433439831815,0.028972642236724782,0.0431234380502719,0.007024690424499255,19.59461039743102,24.723215929057226,134.4529912274738,1054.447187812317,0.14491908054807473,0.29943099864549894,0.3180072237397163,0.1988875068500821,0.38076952253147467,0.0869559047694468
0.24365573322897519,10.669217666779598,17.503942509329974,69.44591734316961,329.4518443079275,0.10159878795180972,0.15717510608067778,0.14914209190013414,0.031000040512035063,0.18379311254387606,0.079864417626738,0.13195346635195637,1.0417627281754152,1.837250015035022,9.869887136427312,0.008244273644791425,0.06013916972936243,0.09577546200337463,0.013859858721677063,0.021247384083173126,0.009468454996891699,11.671633511301444,24.77112999081627,80.36410231831394,414.3456927311139,0.1442795093923093,0.498595406993079,0.6205918394147507,0.116564521446325,0.30761331533172054,0.13004799632817876
0.6516817267443392,18.16599208456615,25.55413600701482,116.97802068747126,1108.9118908368575,0.09623042683069585,0.17828034223728634,0.23305335712877073,0.09333338719174025,0.18411617315335718,0.06484827527430863,1.2348433022006495,1.2041160068265688,9.281513821212044,156.2340148909158,0.01435861149582704,0.0797940593592279,0.11642549313285772,0.03782683682462885,0.03119679817191193,0.010563851049863064,20.085777859273712,24.17238109986897,142.8804523633367,1456.3615052322866,0.1401663720072529,0.4619280057370173,0.5370633101695053,0.21160931739773725,0.24906486332697617,0.09317404682008383
0.9504502584317277,20.40541968115762,22.264231655535887,132.6783464723098,1139.5157845033566,0.10012992565079432,0.12362535379429847,0.1668747711414364,0.10849353153142427,0.1871038172892929,0.05641473316025467,0.29865632678415316,0.8391128213049968,2.2557467163574936,38.93390245738055,0.004272133062993957,0.009169428101540443,0.02810886716847222,0.012521261847540769,0.014331694194516752,0.0019867793588947726,22.736193801507927,26.409385929189945,148.0425639126868,1620.927668097423,0.12750494473042007,0.21779988800777644,0.3821461554319535,0.18697178046552862,0.27898519779900055,0.0678137317901868
0.0052784118696243,13.447396426612226,24.27923541701638,82.15864543018974,510.9379318984335,0.07515592861525992,0.04929787554801752,0.033116913064183615,0.01910766997549355,0.18740215548780456,0.058112353543745554,0.30122717104554625,1.8534135853388056,1.8193951398139048,25.988046679475126,0.005106786492877078,0.013044238821308719,0.008907882076546324,0.004866903393742083,0.023785999400219728,0.0029324152034392015,14.61517514545015,33.03444628705765,90.55879351424105,516.4912716704266,0.10340282557912289,0.11399368246712915,0.13183311433413358,0.056911786067394866,0.3085922846388251,0.0765451502578442
0.33134558401564324,15.079265555082477,20.394409527024333,95.74275378503413,681.0780985513775,0.07608870341560325,0.07328249550860463,0.030858460115548943,0.021758274178143893,0.1607026058351982,0.053550710662237225,0.16885643475635279,0.6020065304426847,1.6094735551197235,18.946939296049017,0.004703892580347737,0.016607595846617154,0.01681046212436171,0.005419318518991081,0.009367589801885089,0.0012506580806099375,16.79398224291172,25.39964327278564,113.29333065567732,881.0830795738287,0.12366328684111938,0.2875274329591813,0.25305684738096607,0.10217033602002532,0.2748454286648513,0.07426920577914098
0.11970039904354551,15.110384514407201,15.99452496281435,97.31098958166638,681.2019781241577,0.08603162886108338,0.06072761375888196,0.042885013754893786,0.027411769410340254,0.1726232797615656,0.057052352965436454,0.24539400169438974,0.8747078385581879,1.8914946450359735,24.51009890170239,0.0036454072707156524,0.011755429160832937,0.012634303120421731,0.006783500701970327,0.009919177596194725,0.0019385706849506827,17.748857748109998,22.395942657607584,110.07799292574859,930.3919619779807,0.12295355643524443,0.18487482681729495,0.19248941646980428,0.09957772081684196,0.2643518095970685,0.07774564066750388
0.5093003749492523,18.65740807286052,14.667414726657693,120.75443007417584,982.7597782826474,0.09379929561566337,0.10254346015589447,0.08505228350677045,0.07061837711230776,0.17151795484177573,0.05525418308243986,0.30714329881457075,0.6263460735495058,2.405905999304958,34.53347097714715,0.0035808082079979062,0.013733586639679109,0.01360485459863714,0.010708227567953268,0.014223468695775673,0.002376845918414671,20.10529937652198,17.945551532529485,132.78633844877587,1190.7002084166259,0.12090672467685573,0.22697254004810588,0.2151231431509621,0.15178893194171214,0.272858306037117,0.07499579199182255
